Timing Analyzer report for DDS_simple
Thu May 21 19:45:19 2026
Quartus Prime Version 18.0.0 Build 614 04/24/2018 SJ Standard Edition


---------------------
; Table of Contents ;
---------------------
  1. Legal Notice
  2. Timing Analyzer Summary
  3. Parallel Compilation
  4. Clocks
  5. Slow 1200mV 85C Model Fmax Summary
  6. Timing Closure Recommendations
  7. Slow 1200mV 85C Model Setup Summary
  8. Slow 1200mV 85C Model Hold Summary
  9. Slow 1200mV 85C Model Recovery Summary
 10. Slow 1200mV 85C Model Removal Summary
 11. Slow 1200mV 85C Model Minimum Pulse Width Summary
 12. Slow 1200mV 85C Model Setup: 'clk'
 13. Slow 1200mV 85C Model Hold: 'clk'
 14. Slow 1200mV 85C Model Metastability Summary
 15. Slow 1200mV 0C Model Fmax Summary
 16. Slow 1200mV 0C Model Setup Summary
 17. Slow 1200mV 0C Model Hold Summary
 18. Slow 1200mV 0C Model Recovery Summary
 19. Slow 1200mV 0C Model Removal Summary
 20. Slow 1200mV 0C Model Minimum Pulse Width Summary
 21. Slow 1200mV 0C Model Setup: 'clk'
 22. Slow 1200mV 0C Model Hold: 'clk'
 23. Slow 1200mV 0C Model Metastability Summary
 24. Fast 1200mV 0C Model Setup Summary
 25. Fast 1200mV 0C Model Hold Summary
 26. Fast 1200mV 0C Model Recovery Summary
 27. Fast 1200mV 0C Model Removal Summary
 28. Fast 1200mV 0C Model Minimum Pulse Width Summary
 29. Fast 1200mV 0C Model Setup: 'clk'
 30. Fast 1200mV 0C Model Hold: 'clk'
 31. Fast 1200mV 0C Model Metastability Summary
 32. Multicorner Timing Analysis Summary
 33. Board Trace Model Assignments
 34. Input Transition Times
 35. Signal Integrity Metrics (Slow 1200mv 0c Model)
 36. Signal Integrity Metrics (Slow 1200mv 85c Model)
 37. Signal Integrity Metrics (Fast 1200mv 0c Model)
 38. Setup Transfers
 39. Hold Transfers
 40. Report TCCS
 41. Report RSKM
 42. Unconstrained Paths Summary
 43. Clock Status Summary
 44. Unconstrained Input Ports
 45. Unconstrained Output Ports
 46. Unconstrained Input Ports
 47. Unconstrained Output Ports
 48. Timing Analyzer Messages



----------------
; Legal Notice ;
----------------
Copyright (C) 2018  Intel Corporation. All rights reserved.
Your use of Intel Corporation's design tools, logic functions 
and other software and tools, and its AMPP partner logic 
functions, and any output files from any of the foregoing 
(including device programming or simulation files), and any 
associated documentation or information are expressly subject 
to the terms and conditions of the Intel Program License 
Subscription Agreement, the Intel Quartus Prime License Agreement,
the Intel FPGA IP License Agreement, or other applicable license
agreement, including, without limitation, that your use is for
the sole purpose of programming logic devices manufactured by
Intel and sold by Intel or its authorized distributors.  Please
refer to the applicable agreement for further details.



+---------------------------------------------------------------------------------+
; Timing Analyzer Summary                                                         ;
+-----------------------+---------------------------------------------------------+
; Quartus Prime Version ; Version 18.0.0 Build 614 04/24/2018 SJ Standard Edition ;
; Timing Analyzer       ; Legacy Timing Analyzer                                  ;
; Revision Name         ; DDS_simple                                              ;
; Device Family         ; Cyclone IV E                                            ;
; Device Name           ; EP4CE6F17C8                                             ;
; Timing Models         ; Final                                                   ;
; Delay Model           ; Combined                                                ;
; Rise/Fall Delays      ; Enabled                                                 ;
+-----------------------+---------------------------------------------------------+


+------------------------------------------+
; Parallel Compilation                     ;
+----------------------------+-------------+
; Processors                 ; Number      ;
+----------------------------+-------------+
; Number detected on machine ; 12          ;
; Maximum allowed            ; 10          ;
;                            ;             ;
; Average used               ; 1.23        ;
; Maximum used               ; 10          ;
;                            ;             ;
; Usage by Processor         ; % Time Used ;
;     Processor 1            ; 100.0%      ;
;     Processor 2            ;  16.2%      ;
;     Processor 3            ;   0.9%      ;
;     Processors 4-10        ;   0.8%      ;
+----------------------------+-------------+


+------------------------------------------------------------------------------------------------------------------------------------------------------------------------------------------------------------------------------------------------------------------------------------------------------------------------+
; Clocks                                                                                                                                                                                                                                                                                                                 ;
+---------------------------------------------------+-----------+--------+-----------+-------+--------+------------+-----------+-------------+-------+--------+-----------+------------+----------+--------+-----------------------------------------------------+-------------------------------------------------------+
; Clock Name                                        ; Type      ; Period ; Frequency ; Rise  ; Fall   ; Duty Cycle ; Divide by ; Multiply by ; Phase ; Offset ; Edge List ; Edge Shift ; Inverted ; Master ; Source                                              ; Targets                                               ;
+---------------------------------------------------+-----------+--------+-----------+-------+--------+------------+-----------+-------------+-------+--------+-----------+------------+----------+--------+-----------------------------------------------------+-------------------------------------------------------+
; clk                                               ; Base      ; 20.000 ; 50.0 MHz  ; 0.000 ; 10.000 ;            ;           ;             ;       ;        ;           ;            ;          ;        ;                                                     ; { clk }                                               ;
; u_pll|altpll_component|auto_generated|pll1|clk[0] ; Generated ; 5.000  ; 200.0 MHz ; 0.000 ; 2.500  ; 50.00      ; 1         ; 4           ;       ;        ;           ;            ; false    ; clk    ; u_pll|altpll_component|auto_generated|pll1|inclk[0] ; { u_pll|altpll_component|auto_generated|pll1|clk[0] } ;
+---------------------------------------------------+-----------+--------+-----------+-------+--------+------------+-----------+-------------+-------+--------+-----------+------------+----------+--------+-----------------------------------------------------+-------------------------------------------------------+


+------------------------------------------------+
; Slow 1200mV 85C Model Fmax Summary             ;
+----------+-----------------+------------+------+
; Fmax     ; Restricted Fmax ; Clock Name ; Note ;
+----------+-----------------+------------+------+
; 16.9 MHz ; 16.9 MHz        ; clk        ;      ;
+----------+-----------------+------------+------+
This panel reports FMAX for every clock in the design, regardless of the user-specified clock periods.  FMAX is only computed for paths where the source and destination registers or ports are driven by the same clock.  Paths of different clocks, including generated clocks, are ignored.  For paths between a clock and its inversion, FMAX is computed as if the rising and falling edges are scaled along with FMAX, such that the duty cycle (in terms of a percentage) is maintained. Altera recommends that you always use clock constraints and other slack reports for sign-off analysis.


----------------------------------
; Timing Closure Recommendations ;
----------------------------------
HTML report is unavailable in plain text report export.


+-------------------------------------+
; Slow 1200mV 85C Model Setup Summary ;
+-------+---------+-------------------+
; Clock ; Slack   ; End Point TNS     ;
+-------+---------+-------------------+
; clk   ; -39.184 ; -1905.340         ;
+-------+---------+-------------------+


+------------------------------------+
; Slow 1200mV 85C Model Hold Summary ;
+-------+-------+--------------------+
; Clock ; Slack ; End Point TNS      ;
+-------+-------+--------------------+
; clk   ; 0.433 ; 0.000              ;
+-------+-------+--------------------+


------------------------------------------
; Slow 1200mV 85C Model Recovery Summary ;
------------------------------------------
No paths to report.


-----------------------------------------
; Slow 1200mV 85C Model Removal Summary ;
-----------------------------------------
No paths to report.


+---------------------------------------------------+
; Slow 1200mV 85C Model Minimum Pulse Width Summary ;
+-------+-------+-----------------------------------+
; Clock ; Slack ; End Point TNS                     ;
+-------+-------+-----------------------------------+
; clk   ; 9.665 ; 0.000                             ;
+-------+-------+-----------------------------------+


+-----------------------------------------------------------------------------------------------------------------------------------------------------------+
; Slow 1200mV 85C Model Setup: 'clk'                                                                                                                        ;
+---------+------------------------------------+--------------------------------------+--------------+-------------+--------------+------------+------------+
; Slack   ; From Node                          ; To Node                              ; Launch Clock ; Latch Clock ; Relationship ; Clock Skew ; Data Delay ;
+---------+------------------------------------+--------------------------------------+--------------+-------------+--------------+------------+------------+
; -39.184 ; seg_display:u_seg_display|base[12] ; seg_display:u_seg_display|temp_f[31] ; clk          ; clk         ; 20.000       ; 0.394      ; 59.579     ;
; -39.184 ; seg_display:u_seg_display|base[12] ; seg_display:u_seg_display|temp_f[16] ; clk          ; clk         ; 20.000       ; 0.394      ; 59.579     ;
; -39.184 ; seg_display:u_seg_display|base[12] ; seg_display:u_seg_display|temp_f[20] ; clk          ; clk         ; 20.000       ; 0.394      ; 59.579     ;
; -39.184 ; seg_display:u_seg_display|base[12] ; seg_display:u_seg_display|temp_f[21] ; clk          ; clk         ; 20.000       ; 0.394      ; 59.579     ;
; -39.184 ; seg_display:u_seg_display|base[12] ; seg_display:u_seg_display|temp_f[24] ; clk          ; clk         ; 20.000       ; 0.394      ; 59.579     ;
; -39.184 ; seg_display:u_seg_display|base[12] ; seg_display:u_seg_display|temp_f[26] ; clk          ; clk         ; 20.000       ; 0.394      ; 59.579     ;
; -39.184 ; seg_display:u_seg_display|base[12] ; seg_display:u_seg_display|temp_f[29] ; clk          ; clk         ; 20.000       ; 0.394      ; 59.579     ;
; -39.172 ; seg_display:u_seg_display|base[12] ; seg_display:u_seg_display|temp_f[2]  ; clk          ; clk         ; 20.000       ; 0.411      ; 59.584     ;
; -39.172 ; seg_display:u_seg_display|base[12] ; seg_display:u_seg_display|temp_f[3]  ; clk          ; clk         ; 20.000       ; 0.411      ; 59.584     ;
; -39.172 ; seg_display:u_seg_display|base[12] ; seg_display:u_seg_display|temp_f[4]  ; clk          ; clk         ; 20.000       ; 0.411      ; 59.584     ;
; -39.172 ; seg_display:u_seg_display|base[12] ; seg_display:u_seg_display|temp_f[6]  ; clk          ; clk         ; 20.000       ; 0.411      ; 59.584     ;
; -39.172 ; seg_display:u_seg_display|base[12] ; seg_display:u_seg_display|temp_f[7]  ; clk          ; clk         ; 20.000       ; 0.411      ; 59.584     ;
; -39.172 ; seg_display:u_seg_display|base[12] ; seg_display:u_seg_display|temp_f[8]  ; clk          ; clk         ; 20.000       ; 0.411      ; 59.584     ;
; -39.172 ; seg_display:u_seg_display|base[12] ; seg_display:u_seg_display|temp_f[9]  ; clk          ; clk         ; 20.000       ; 0.411      ; 59.584     ;
; -39.172 ; seg_display:u_seg_display|base[12] ; seg_display:u_seg_display|temp_f[10] ; clk          ; clk         ; 20.000       ; 0.411      ; 59.584     ;
; -39.172 ; seg_display:u_seg_display|base[12] ; seg_display:u_seg_display|temp_f[11] ; clk          ; clk         ; 20.000       ; 0.411      ; 59.584     ;
; -39.172 ; seg_display:u_seg_display|base[12] ; seg_display:u_seg_display|temp_f[12] ; clk          ; clk         ; 20.000       ; 0.411      ; 59.584     ;
; -39.132 ; seg_display:u_seg_display|base[12] ; seg_display:u_seg_display|temp_f[17] ; clk          ; clk         ; 20.000       ; 0.388      ; 59.521     ;
; -39.132 ; seg_display:u_seg_display|base[12] ; seg_display:u_seg_display|temp_f[22] ; clk          ; clk         ; 20.000       ; 0.388      ; 59.521     ;
; -39.132 ; seg_display:u_seg_display|base[12] ; seg_display:u_seg_display|temp_f[25] ; clk          ; clk         ; 20.000       ; 0.388      ; 59.521     ;
; -39.132 ; seg_display:u_seg_display|base[12] ; seg_display:u_seg_display|temp_f[27] ; clk          ; clk         ; 20.000       ; 0.388      ; 59.521     ;
; -39.132 ; seg_display:u_seg_display|base[12] ; seg_display:u_seg_display|temp_f[28] ; clk          ; clk         ; 20.000       ; 0.388      ; 59.521     ;
; -39.132 ; seg_display:u_seg_display|base[12] ; seg_display:u_seg_display|temp_f[30] ; clk          ; clk         ; 20.000       ; 0.388      ; 59.521     ;
; -38.963 ; seg_display:u_seg_display|base[12] ; seg_display:u_seg_display|temp_f[13] ; clk          ; clk         ; 20.000       ; -0.050     ; 58.914     ;
; -38.963 ; seg_display:u_seg_display|base[12] ; seg_display:u_seg_display|temp_f[14] ; clk          ; clk         ; 20.000       ; -0.050     ; 58.914     ;
; -38.963 ; seg_display:u_seg_display|base[12] ; seg_display:u_seg_display|temp_f[15] ; clk          ; clk         ; 20.000       ; -0.050     ; 58.914     ;
; -38.963 ; seg_display:u_seg_display|base[12] ; seg_display:u_seg_display|temp_f[18] ; clk          ; clk         ; 20.000       ; -0.050     ; 58.914     ;
; -38.963 ; seg_display:u_seg_display|base[12] ; seg_display:u_seg_display|temp_f[19] ; clk          ; clk         ; 20.000       ; -0.050     ; 58.914     ;
; -38.963 ; seg_display:u_seg_display|base[12] ; seg_display:u_seg_display|temp_f[23] ; clk          ; clk         ; 20.000       ; -0.050     ; 58.914     ;
; -38.824 ; seg_display:u_seg_display|base[12] ; seg_display:u_seg_display|temp_f[5]  ; clk          ; clk         ; 20.000       ; 0.392      ; 59.217     ;
; -38.766 ; seg_display:u_seg_display|base[12] ; seg_display:u_seg_display|x_show[3]  ; clk          ; clk         ; 20.000       ; -0.051     ; 58.716     ;
; -38.766 ; seg_display:u_seg_display|base[12] ; seg_display:u_seg_display|x_show[2]  ; clk          ; clk         ; 20.000       ; -0.051     ; 58.716     ;
; -38.766 ; seg_display:u_seg_display|base[12] ; seg_display:u_seg_display|x_show[1]  ; clk          ; clk         ; 20.000       ; -0.051     ; 58.716     ;
; -38.766 ; seg_display:u_seg_display|base[12] ; seg_display:u_seg_display|x_show[0]  ; clk          ; clk         ; 20.000       ; -0.051     ; 58.716     ;
; -38.766 ; seg_display:u_seg_display|base[12] ; seg_display:u_seg_display|y_show[3]  ; clk          ; clk         ; 20.000       ; -0.051     ; 58.716     ;
; -38.766 ; seg_display:u_seg_display|base[12] ; seg_display:u_seg_display|y_show[2]  ; clk          ; clk         ; 20.000       ; -0.051     ; 58.716     ;
; -38.766 ; seg_display:u_seg_display|base[12] ; seg_display:u_seg_display|y_show[1]  ; clk          ; clk         ; 20.000       ; -0.051     ; 58.716     ;
; -38.766 ; seg_display:u_seg_display|base[12] ; seg_display:u_seg_display|y_show[0]  ; clk          ; clk         ; 20.000       ; -0.051     ; 58.716     ;
; -38.766 ; seg_display:u_seg_display|base[12] ; seg_display:u_seg_display|z_show[1]  ; clk          ; clk         ; 20.000       ; -0.051     ; 58.716     ;
; -38.766 ; seg_display:u_seg_display|base[12] ; seg_display:u_seg_display|z_show[2]  ; clk          ; clk         ; 20.000       ; -0.051     ; 58.716     ;
; -38.766 ; seg_display:u_seg_display|base[12] ; seg_display:u_seg_display|z_show[0]  ; clk          ; clk         ; 20.000       ; -0.051     ; 58.716     ;
; -38.664 ; seg_display:u_seg_display|base[12] ; seg_display:u_seg_display|temp_f[0]  ; clk          ; clk         ; 20.000       ; 0.458      ; 59.123     ;
; -38.664 ; seg_display:u_seg_display|base[12] ; seg_display:u_seg_display|temp_f[1]  ; clk          ; clk         ; 20.000       ; 0.458      ; 59.123     ;
; -38.241 ; seg_display:u_seg_display|base[12] ; seg_display:u_seg_display|state.010  ; clk          ; clk         ; 20.000       ; -0.050     ; 58.192     ;
; -38.207 ; seg_display:u_seg_display|base[12] ; seg_display:u_seg_display|y_cnt[3]   ; clk          ; clk         ; 20.000       ; 0.415      ; 58.623     ;
; -38.205 ; seg_display:u_seg_display|base[12] ; seg_display:u_seg_display|y_cnt[2]   ; clk          ; clk         ; 20.000       ; 0.415      ; 58.621     ;
; -38.204 ; seg_display:u_seg_display|base[12] ; seg_display:u_seg_display|y_cnt[1]   ; clk          ; clk         ; 20.000       ; 0.415      ; 58.620     ;
; -37.964 ; seg_display:u_seg_display|base[12] ; seg_display:u_seg_display|state.000  ; clk          ; clk         ; 20.000       ; 0.425      ; 58.390     ;
; -37.764 ; seg_display:u_seg_display|base[19] ; seg_display:u_seg_display|temp_f[31] ; clk          ; clk         ; 20.000       ; 0.389      ; 58.154     ;
; -37.764 ; seg_display:u_seg_display|base[19] ; seg_display:u_seg_display|temp_f[16] ; clk          ; clk         ; 20.000       ; 0.389      ; 58.154     ;
; -37.764 ; seg_display:u_seg_display|base[19] ; seg_display:u_seg_display|temp_f[20] ; clk          ; clk         ; 20.000       ; 0.389      ; 58.154     ;
; -37.764 ; seg_display:u_seg_display|base[19] ; seg_display:u_seg_display|temp_f[21] ; clk          ; clk         ; 20.000       ; 0.389      ; 58.154     ;
; -37.764 ; seg_display:u_seg_display|base[19] ; seg_display:u_seg_display|temp_f[24] ; clk          ; clk         ; 20.000       ; 0.389      ; 58.154     ;
; -37.764 ; seg_display:u_seg_display|base[19] ; seg_display:u_seg_display|temp_f[26] ; clk          ; clk         ; 20.000       ; 0.389      ; 58.154     ;
; -37.764 ; seg_display:u_seg_display|base[19] ; seg_display:u_seg_display|temp_f[29] ; clk          ; clk         ; 20.000       ; 0.389      ; 58.154     ;
; -37.752 ; seg_display:u_seg_display|base[19] ; seg_display:u_seg_display|temp_f[2]  ; clk          ; clk         ; 20.000       ; 0.406      ; 58.159     ;
; -37.752 ; seg_display:u_seg_display|base[19] ; seg_display:u_seg_display|temp_f[3]  ; clk          ; clk         ; 20.000       ; 0.406      ; 58.159     ;
; -37.752 ; seg_display:u_seg_display|base[19] ; seg_display:u_seg_display|temp_f[4]  ; clk          ; clk         ; 20.000       ; 0.406      ; 58.159     ;
; -37.752 ; seg_display:u_seg_display|base[19] ; seg_display:u_seg_display|temp_f[6]  ; clk          ; clk         ; 20.000       ; 0.406      ; 58.159     ;
; -37.752 ; seg_display:u_seg_display|base[19] ; seg_display:u_seg_display|temp_f[7]  ; clk          ; clk         ; 20.000       ; 0.406      ; 58.159     ;
; -37.752 ; seg_display:u_seg_display|base[19] ; seg_display:u_seg_display|temp_f[8]  ; clk          ; clk         ; 20.000       ; 0.406      ; 58.159     ;
; -37.752 ; seg_display:u_seg_display|base[19] ; seg_display:u_seg_display|temp_f[9]  ; clk          ; clk         ; 20.000       ; 0.406      ; 58.159     ;
; -37.752 ; seg_display:u_seg_display|base[19] ; seg_display:u_seg_display|temp_f[10] ; clk          ; clk         ; 20.000       ; 0.406      ; 58.159     ;
; -37.752 ; seg_display:u_seg_display|base[19] ; seg_display:u_seg_display|temp_f[11] ; clk          ; clk         ; 20.000       ; 0.406      ; 58.159     ;
; -37.752 ; seg_display:u_seg_display|base[19] ; seg_display:u_seg_display|temp_f[12] ; clk          ; clk         ; 20.000       ; 0.406      ; 58.159     ;
; -37.712 ; seg_display:u_seg_display|base[19] ; seg_display:u_seg_display|temp_f[17] ; clk          ; clk         ; 20.000       ; 0.383      ; 58.096     ;
; -37.712 ; seg_display:u_seg_display|base[19] ; seg_display:u_seg_display|temp_f[22] ; clk          ; clk         ; 20.000       ; 0.383      ; 58.096     ;
; -37.712 ; seg_display:u_seg_display|base[19] ; seg_display:u_seg_display|temp_f[25] ; clk          ; clk         ; 20.000       ; 0.383      ; 58.096     ;
; -37.712 ; seg_display:u_seg_display|base[19] ; seg_display:u_seg_display|temp_f[27] ; clk          ; clk         ; 20.000       ; 0.383      ; 58.096     ;
; -37.712 ; seg_display:u_seg_display|base[19] ; seg_display:u_seg_display|temp_f[28] ; clk          ; clk         ; 20.000       ; 0.383      ; 58.096     ;
; -37.712 ; seg_display:u_seg_display|base[19] ; seg_display:u_seg_display|temp_f[30] ; clk          ; clk         ; 20.000       ; 0.383      ; 58.096     ;
; -37.543 ; seg_display:u_seg_display|base[19] ; seg_display:u_seg_display|temp_f[13] ; clk          ; clk         ; 20.000       ; -0.055     ; 57.489     ;
; -37.543 ; seg_display:u_seg_display|base[19] ; seg_display:u_seg_display|temp_f[14] ; clk          ; clk         ; 20.000       ; -0.055     ; 57.489     ;
; -37.543 ; seg_display:u_seg_display|base[19] ; seg_display:u_seg_display|temp_f[15] ; clk          ; clk         ; 20.000       ; -0.055     ; 57.489     ;
; -37.543 ; seg_display:u_seg_display|base[19] ; seg_display:u_seg_display|temp_f[18] ; clk          ; clk         ; 20.000       ; -0.055     ; 57.489     ;
; -37.543 ; seg_display:u_seg_display|base[19] ; seg_display:u_seg_display|temp_f[19] ; clk          ; clk         ; 20.000       ; -0.055     ; 57.489     ;
; -37.543 ; seg_display:u_seg_display|base[19] ; seg_display:u_seg_display|temp_f[23] ; clk          ; clk         ; 20.000       ; -0.055     ; 57.489     ;
; -37.404 ; seg_display:u_seg_display|base[19] ; seg_display:u_seg_display|temp_f[5]  ; clk          ; clk         ; 20.000       ; 0.387      ; 57.792     ;
; -37.363 ; seg_display:u_seg_display|base[12] ; seg_display:u_seg_display|y_cnt[0]   ; clk          ; clk         ; 20.000       ; 0.385      ; 57.749     ;
; -37.346 ; seg_display:u_seg_display|base[19] ; seg_display:u_seg_display|x_show[3]  ; clk          ; clk         ; 20.000       ; -0.056     ; 57.291     ;
; -37.346 ; seg_display:u_seg_display|base[19] ; seg_display:u_seg_display|x_show[2]  ; clk          ; clk         ; 20.000       ; -0.056     ; 57.291     ;
; -37.346 ; seg_display:u_seg_display|base[19] ; seg_display:u_seg_display|x_show[1]  ; clk          ; clk         ; 20.000       ; -0.056     ; 57.291     ;
; -37.346 ; seg_display:u_seg_display|base[19] ; seg_display:u_seg_display|x_show[0]  ; clk          ; clk         ; 20.000       ; -0.056     ; 57.291     ;
; -37.346 ; seg_display:u_seg_display|base[19] ; seg_display:u_seg_display|y_show[3]  ; clk          ; clk         ; 20.000       ; -0.056     ; 57.291     ;
; -37.346 ; seg_display:u_seg_display|base[19] ; seg_display:u_seg_display|y_show[2]  ; clk          ; clk         ; 20.000       ; -0.056     ; 57.291     ;
; -37.346 ; seg_display:u_seg_display|base[19] ; seg_display:u_seg_display|y_show[1]  ; clk          ; clk         ; 20.000       ; -0.056     ; 57.291     ;
; -37.346 ; seg_display:u_seg_display|base[19] ; seg_display:u_seg_display|y_show[0]  ; clk          ; clk         ; 20.000       ; -0.056     ; 57.291     ;
; -37.346 ; seg_display:u_seg_display|base[19] ; seg_display:u_seg_display|z_show[1]  ; clk          ; clk         ; 20.000       ; -0.056     ; 57.291     ;
; -37.346 ; seg_display:u_seg_display|base[19] ; seg_display:u_seg_display|z_show[2]  ; clk          ; clk         ; 20.000       ; -0.056     ; 57.291     ;
; -37.346 ; seg_display:u_seg_display|base[19] ; seg_display:u_seg_display|z_show[0]  ; clk          ; clk         ; 20.000       ; -0.056     ; 57.291     ;
; -37.244 ; seg_display:u_seg_display|base[19] ; seg_display:u_seg_display|temp_f[0]  ; clk          ; clk         ; 20.000       ; 0.453      ; 57.698     ;
; -37.244 ; seg_display:u_seg_display|base[19] ; seg_display:u_seg_display|temp_f[1]  ; clk          ; clk         ; 20.000       ; 0.453      ; 57.698     ;
; -36.821 ; seg_display:u_seg_display|base[19] ; seg_display:u_seg_display|state.010  ; clk          ; clk         ; 20.000       ; -0.055     ; 56.767     ;
; -36.787 ; seg_display:u_seg_display|base[19] ; seg_display:u_seg_display|y_cnt[3]   ; clk          ; clk         ; 20.000       ; 0.410      ; 57.198     ;
; -36.785 ; seg_display:u_seg_display|base[19] ; seg_display:u_seg_display|y_cnt[2]   ; clk          ; clk         ; 20.000       ; 0.410      ; 57.196     ;
; -36.784 ; seg_display:u_seg_display|base[19] ; seg_display:u_seg_display|y_cnt[1]   ; clk          ; clk         ; 20.000       ; 0.410      ; 57.195     ;
; -36.544 ; seg_display:u_seg_display|base[19] ; seg_display:u_seg_display|state.000  ; clk          ; clk         ; 20.000       ; 0.420      ; 56.965     ;
; -35.943 ; seg_display:u_seg_display|base[19] ; seg_display:u_seg_display|y_cnt[0]   ; clk          ; clk         ; 20.000       ; 0.380      ; 56.324     ;
; -34.968 ; seg_display:u_seg_display|base[14] ; seg_display:u_seg_display|temp_f[31] ; clk          ; clk         ; 20.000       ; 0.368      ; 55.337     ;
; -34.968 ; seg_display:u_seg_display|base[14] ; seg_display:u_seg_display|temp_f[16] ; clk          ; clk         ; 20.000       ; 0.368      ; 55.337     ;
+---------+------------------------------------+--------------------------------------+--------------+-------------+--------------+------------+------------+


+-------------------------------------------------------------------------------------------------------------------------------------------------------------------------------------------------------------------------------------------------+
; Slow 1200mV 85C Model Hold: 'clk'                                                                                                                                                                                                               ;
+-------+----------------------------------------+--------------------------------------------------------------------------------------------------------------------------+--------------+-------------+--------------+------------+------------+
; Slack ; From Node                              ; To Node                                                                                                                  ; Launch Clock ; Latch Clock ; Relationship ; Clock Skew ; Data Delay ;
+-------+----------------------------------------+--------------------------------------------------------------------------------------------------------------------------+--------------+-------------+--------------+------------+------------+
; 0.433 ; seg_display:u_seg_display|y_cnt[3]     ; seg_display:u_seg_display|y_cnt[3]                                                                                       ; clk          ; clk         ; 0.000        ; 0.101      ; 0.746      ;
; 0.433 ; seg_display:u_seg_display|y_cnt[2]     ; seg_display:u_seg_display|y_cnt[2]                                                                                       ; clk          ; clk         ; 0.000        ; 0.101      ; 0.746      ;
; 0.433 ; seg_display:u_seg_display|y_cnt[1]     ; seg_display:u_seg_display|y_cnt[1]                                                                                       ; clk          ; clk         ; 0.000        ; 0.101      ; 0.746      ;
; 0.434 ; seg_display:u_seg_display|y_cnt[0]     ; seg_display:u_seg_display|y_cnt[0]                                                                                       ; clk          ; clk         ; 0.000        ; 0.100      ; 0.746      ;
; 0.434 ; seg_display:u_seg_display|state.001    ; seg_display:u_seg_display|state.001                                                                                      ; clk          ; clk         ; 0.000        ; 0.100      ; 0.746      ;
; 0.451 ; seg_display:u_seg_display|x_cnt[3]     ; seg_display:u_seg_display|x_cnt[3]                                                                                       ; clk          ; clk         ; 0.000        ; 0.083      ; 0.746      ;
; 0.451 ; seg_display:u_seg_display|x_cnt[2]     ; seg_display:u_seg_display|x_cnt[2]                                                                                       ; clk          ; clk         ; 0.000        ; 0.083      ; 0.746      ;
; 0.451 ; seg_display:u_seg_display|x_cnt[1]     ; seg_display:u_seg_display|x_cnt[1]                                                                                       ; clk          ; clk         ; 0.000        ; 0.083      ; 0.746      ;
; 0.451 ; seg_display:u_seg_display|x_cnt[0]     ; seg_display:u_seg_display|x_cnt[0]                                                                                       ; clk          ; clk         ; 0.000        ; 0.083      ; 0.746      ;
; 0.452 ; seg_display:u_seg_display|state.010    ; seg_display:u_seg_display|state.010                                                                                      ; clk          ; clk         ; 0.000        ; 0.082      ; 0.746      ;
; 0.453 ; MCU_uart:u_mcu_uart|state.S_STOP       ; MCU_uart:u_mcu_uart|state.S_STOP                                                                                         ; clk          ; clk         ; 0.000        ; 0.081      ; 0.746      ;
; 0.453 ; MCU_uart:u_mcu_uart|freq_temp[0]       ; MCU_uart:u_mcu_uart|freq_temp[0]                                                                                         ; clk          ; clk         ; 0.000        ; 0.081      ; 0.746      ;
; 0.453 ; MCU_uart:u_mcu_uart|rx_data_reg[0]     ; MCU_uart:u_mcu_uart|rx_data_reg[0]                                                                                       ; clk          ; clk         ; 0.000        ; 0.081      ; 0.746      ;
; 0.453 ; MCU_uart:u_mcu_uart|rx_data_reg[5]     ; MCU_uart:u_mcu_uart|rx_data_reg[5]                                                                                       ; clk          ; clk         ; 0.000        ; 0.081      ; 0.746      ;
; 0.453 ; MCU_uart:u_mcu_uart|rx_data_reg[4]     ; MCU_uart:u_mcu_uart|rx_data_reg[4]                                                                                       ; clk          ; clk         ; 0.000        ; 0.081      ; 0.746      ;
; 0.453 ; MCU_uart:u_mcu_uart|rx_data_reg[3]     ; MCU_uart:u_mcu_uart|rx_data_reg[3]                                                                                       ; clk          ; clk         ; 0.000        ; 0.081      ; 0.746      ;
; 0.453 ; MCU_uart:u_mcu_uart|rx_data_reg[6]     ; MCU_uart:u_mcu_uart|rx_data_reg[6]                                                                                       ; clk          ; clk         ; 0.000        ; 0.081      ; 0.746      ;
; 0.453 ; MCU_uart:u_mcu_uart|rx_data_reg[7]     ; MCU_uart:u_mcu_uart|rx_data_reg[7]                                                                                       ; clk          ; clk         ; 0.000        ; 0.081      ; 0.746      ;
; 0.453 ; MCU_uart:u_mcu_uart|rx_data_reg[2]     ; MCU_uart:u_mcu_uart|rx_data_reg[2]                                                                                       ; clk          ; clk         ; 0.000        ; 0.081      ; 0.746      ;
; 0.453 ; MCU_uart:u_mcu_uart|rx_data_reg[1]     ; MCU_uart:u_mcu_uart|rx_data_reg[1]                                                                                       ; clk          ; clk         ; 0.000        ; 0.081      ; 0.746      ;
; 0.453 ; MCU_uart:u_mcu_uart|bit_cnt[3]         ; MCU_uart:u_mcu_uart|bit_cnt[3]                                                                                           ; clk          ; clk         ; 0.000        ; 0.081      ; 0.746      ;
; 0.453 ; MCU_uart:u_mcu_uart|bit_cnt[1]         ; MCU_uart:u_mcu_uart|bit_cnt[1]                                                                                           ; clk          ; clk         ; 0.000        ; 0.081      ; 0.746      ;
; 0.453 ; MCU_uart:u_mcu_uart|bit_cnt[0]         ; MCU_uart:u_mcu_uart|bit_cnt[0]                                                                                           ; clk          ; clk         ; 0.000        ; 0.081      ; 0.746      ;
; 0.453 ; MCU_uart:u_mcu_uart|bit_cnt[2]         ; MCU_uart:u_mcu_uart|bit_cnt[2]                                                                                           ; clk          ; clk         ; 0.000        ; 0.081      ; 0.746      ;
; 0.517 ; MCU_uart:u_mcu_uart|state.S_START      ; MCU_uart:u_mcu_uart|state.S_DATA                                                                                         ; clk          ; clk         ; 0.000        ; 0.081      ; 0.810      ;
; 0.523 ; seg_display:u_seg_display|x_cnt[0]     ; seg_display:u_seg_display|x_cnt[1]                                                                                       ; clk          ; clk         ; 0.000        ; 0.083      ; 0.818      ;
; 0.735 ; phase[15]                              ; phase[15]                                                                                                                ; clk          ; clk         ; 0.000        ; 0.081      ; 1.028      ;
; 0.735 ; phase[3]                               ; phase[3]                                                                                                                 ; clk          ; clk         ; 0.000        ; 0.081      ; 1.028      ;
; 0.736 ; phase[13]                              ; phase[13]                                                                                                                ; clk          ; clk         ; 0.000        ; 0.081      ; 1.029      ;
; 0.736 ; phase[11]                              ; phase[11]                                                                                                                ; clk          ; clk         ; 0.000        ; 0.081      ; 1.029      ;
; 0.736 ; phase[5]                               ; phase[5]                                                                                                                 ; clk          ; clk         ; 0.000        ; 0.081      ; 1.029      ;
; 0.737 ; seg_display:u_seg_display|scan_cnt[4]  ; seg_display:u_seg_display|scan_cnt[4]                                                                                    ; clk          ; clk         ; 0.000        ; 0.080      ; 1.029      ;
; 0.737 ; phase[19]                              ; phase[19]                                                                                                                ; clk          ; clk         ; 0.000        ; 0.080      ; 1.029      ;
; 0.737 ; phase[9]                               ; phase[9]                                                                                                                 ; clk          ; clk         ; 0.000        ; 0.081      ; 1.030      ;
; 0.738 ; seg_display:u_seg_display|scan_cnt[14] ; seg_display:u_seg_display|scan_cnt[14]                                                                                   ; clk          ; clk         ; 0.000        ; 0.080      ; 1.030      ;
; 0.738 ; seg_display:u_seg_display|scan_cnt[12] ; seg_display:u_seg_display|scan_cnt[12]                                                                                   ; clk          ; clk         ; 0.000        ; 0.080      ; 1.030      ;
; 0.738 ; seg_display:u_seg_display|scan_cnt[6]  ; seg_display:u_seg_display|scan_cnt[6]                                                                                    ; clk          ; clk         ; 0.000        ; 0.080      ; 1.030      ;
; 0.738 ; seg_display:u_seg_display|scan_cnt[2]  ; seg_display:u_seg_display|scan_cnt[2]                                                                                    ; clk          ; clk         ; 0.000        ; 0.080      ; 1.030      ;
; 0.738 ; phase[21]                              ; phase[21]                                                                                                                ; clk          ; clk         ; 0.000        ; 0.080      ; 1.030      ;
; 0.738 ; phase[17]                              ; phase[17]                                                                                                                ; clk          ; clk         ; 0.000        ; 0.080      ; 1.030      ;
; 0.738 ; phase[7]                               ; phase[7]                                                                                                                 ; clk          ; clk         ; 0.000        ; 0.081      ; 1.031      ;
; 0.738 ; phase[6]                               ; phase[6]                                                                                                                 ; clk          ; clk         ; 0.000        ; 0.081      ; 1.031      ;
; 0.738 ; phase[2]                               ; phase[2]                                                                                                                 ; clk          ; clk         ; 0.000        ; 0.081      ; 1.031      ;
; 0.739 ; phase[16]                              ; phase[16]                                                                                                                ; clk          ; clk         ; 0.000        ; 0.080      ; 1.031      ;
; 0.739 ; phase[14]                              ; phase[14]                                                                                                                ; clk          ; clk         ; 0.000        ; 0.081      ; 1.032      ;
; 0.739 ; phase[12]                              ; phase[12]                                                                                                                ; clk          ; clk         ; 0.000        ; 0.081      ; 1.032      ;
; 0.739 ; phase[10]                              ; phase[10]                                                                                                                ; clk          ; clk         ; 0.000        ; 0.081      ; 1.032      ;
; 0.739 ; phase[4]                               ; phase[4]                                                                                                                 ; clk          ; clk         ; 0.000        ; 0.081      ; 1.032      ;
; 0.740 ; seg_display:u_seg_display|scan_cnt[10] ; seg_display:u_seg_display|scan_cnt[10]                                                                                   ; clk          ; clk         ; 0.000        ; 0.080      ; 1.032      ;
; 0.740 ; seg_display:u_seg_display|scan_cnt[8]  ; seg_display:u_seg_display|scan_cnt[8]                                                                                    ; clk          ; clk         ; 0.000        ; 0.080      ; 1.032      ;
; 0.740 ; seg_display:u_seg_display|scan_cnt[7]  ; seg_display:u_seg_display|scan_cnt[7]                                                                                    ; clk          ; clk         ; 0.000        ; 0.080      ; 1.032      ;
; 0.740 ; seg_display:u_seg_display|scan_cnt[3]  ; seg_display:u_seg_display|scan_cnt[3]                                                                                    ; clk          ; clk         ; 0.000        ; 0.080      ; 1.032      ;
; 0.740 ; phase[23]                              ; phase[23]                                                                                                                ; clk          ; clk         ; 0.000        ; 0.080      ; 1.032      ;
; 0.740 ; phase[22]                              ; phase[22]                                                                                                                ; clk          ; clk         ; 0.000        ; 0.080      ; 1.032      ;
; 0.740 ; phase[18]                              ; phase[18]                                                                                                                ; clk          ; clk         ; 0.000        ; 0.080      ; 1.032      ;
; 0.740 ; phase[8]                               ; phase[8]                                                                                                                 ; clk          ; clk         ; 0.000        ; 0.081      ; 1.033      ;
; 0.741 ; seg_display:u_seg_display|scan_cnt[13] ; seg_display:u_seg_display|scan_cnt[13]                                                                                   ; clk          ; clk         ; 0.000        ; 0.080      ; 1.033      ;
; 0.741 ; seg_display:u_seg_display|scan_cnt[5]  ; seg_display:u_seg_display|scan_cnt[5]                                                                                    ; clk          ; clk         ; 0.000        ; 0.080      ; 1.033      ;
; 0.741 ; phase[20]                              ; phase[20]                                                                                                                ; clk          ; clk         ; 0.000        ; 0.080      ; 1.033      ;
; 0.742 ; seg_display:u_seg_display|scan_cnt[11] ; seg_display:u_seg_display|scan_cnt[11]                                                                                   ; clk          ; clk         ; 0.000        ; 0.080      ; 1.034      ;
; 0.742 ; seg_display:u_seg_display|scan_cnt[9]  ; seg_display:u_seg_display|scan_cnt[9]                                                                                    ; clk          ; clk         ; 0.000        ; 0.080      ; 1.034      ;
; 0.744 ; MCU_uart:u_mcu_uart|state.S_STOP       ; MCU_uart:u_mcu_uart|rx_done_sig                                                                                          ; clk          ; clk         ; 0.000        ; 0.081      ; 1.037      ;
; 0.752 ; phase[24]                              ; sine_12bit_256:u_rom_sine|altsyncram:altsyncram_component|altsyncram_nq91:auto_generated|ram_block1a0~porta_address_reg0 ; clk          ; clk         ; 0.000        ; 0.483      ; 1.489      ;
; 0.756 ; phase[1]                               ; phase[1]                                                                                                                 ; clk          ; clk         ; 0.000        ; 0.081      ; 1.049      ;
; 0.757 ; seg_display:u_seg_display|scan_cnt[1]  ; seg_display:u_seg_display|scan_cnt[1]                                                                                    ; clk          ; clk         ; 0.000        ; 0.080      ; 1.049      ;
; 0.758 ; phase[26]                              ; sine_12bit_256:u_rom_sine|altsyncram:altsyncram_component|altsyncram_nq91:auto_generated|ram_block1a0~porta_address_reg0 ; clk          ; clk         ; 0.000        ; 0.483      ; 1.495      ;
; 0.760 ; MCU_uart:u_mcu_uart|baud_cnt[3]        ; MCU_uart:u_mcu_uart|baud_cnt[3]                                                                                          ; clk          ; clk         ; 0.000        ; 0.082      ; 1.054      ;
; 0.761 ; MCU_uart:u_mcu_uart|baud_cnt[13]       ; MCU_uart:u_mcu_uart|baud_cnt[13]                                                                                         ; clk          ; clk         ; 0.000        ; 0.082      ; 1.055      ;
; 0.761 ; MCU_uart:u_mcu_uart|baud_cnt[11]       ; MCU_uart:u_mcu_uart|baud_cnt[11]                                                                                         ; clk          ; clk         ; 0.000        ; 0.082      ; 1.055      ;
; 0.761 ; MCU_uart:u_mcu_uart|baud_cnt[5]        ; MCU_uart:u_mcu_uart|baud_cnt[5]                                                                                          ; clk          ; clk         ; 0.000        ; 0.082      ; 1.055      ;
; 0.761 ; MCU_uart:u_mcu_uart|baud_cnt[1]        ; MCU_uart:u_mcu_uart|baud_cnt[1]                                                                                          ; clk          ; clk         ; 0.000        ; 0.082      ; 1.055      ;
; 0.762 ; MCU_uart:u_mcu_uart|baud_cnt[15]       ; MCU_uart:u_mcu_uart|baud_cnt[15]                                                                                         ; clk          ; clk         ; 0.000        ; 0.082      ; 1.056      ;
; 0.762 ; phase[30]                              ; sine_12bit_256:u_rom_sine|altsyncram:altsyncram_component|altsyncram_nq91:auto_generated|ram_block1a0~porta_address_reg0 ; clk          ; clk         ; 0.000        ; 0.483      ; 1.499      ;
; 0.763 ; MCU_uart:u_mcu_uart|baud_cnt[9]        ; MCU_uart:u_mcu_uart|baud_cnt[9]                                                                                          ; clk          ; clk         ; 0.000        ; 0.082      ; 1.057      ;
; 0.763 ; MCU_uart:u_mcu_uart|baud_cnt[7]        ; MCU_uart:u_mcu_uart|baud_cnt[7]                                                                                          ; clk          ; clk         ; 0.000        ; 0.082      ; 1.057      ;
; 0.763 ; MCU_uart:u_mcu_uart|baud_cnt[6]        ; MCU_uart:u_mcu_uart|baud_cnt[6]                                                                                          ; clk          ; clk         ; 0.000        ; 0.082      ; 1.057      ;
; 0.763 ; MCU_uart:u_mcu_uart|baud_cnt[2]        ; MCU_uart:u_mcu_uart|baud_cnt[2]                                                                                          ; clk          ; clk         ; 0.000        ; 0.082      ; 1.057      ;
; 0.763 ; phase[29]                              ; phase[29]                                                                                                                ; clk          ; clk         ; 0.000        ; 0.080      ; 1.055      ;
; 0.763 ; phase[27]                              ; phase[27]                                                                                                                ; clk          ; clk         ; 0.000        ; 0.080      ; 1.055      ;
; 0.764 ; MCU_uart:u_mcu_uart|baud_cnt[14]       ; MCU_uart:u_mcu_uart|baud_cnt[14]                                                                                         ; clk          ; clk         ; 0.000        ; 0.082      ; 1.058      ;
; 0.764 ; MCU_uart:u_mcu_uart|baud_cnt[4]        ; MCU_uart:u_mcu_uart|baud_cnt[4]                                                                                          ; clk          ; clk         ; 0.000        ; 0.082      ; 1.058      ;
; 0.764 ; seg_display:u_seg_display|scan_cnt[16] ; seg_display:u_seg_display|scan_cnt[16]                                                                                   ; clk          ; clk         ; 0.000        ; 0.080      ; 1.056      ;
; 0.764 ; phase[31]                              ; phase[31]                                                                                                                ; clk          ; clk         ; 0.000        ; 0.080      ; 1.056      ;
; 0.765 ; MCU_uart:u_mcu_uart|baud_cnt[12]       ; MCU_uart:u_mcu_uart|baud_cnt[12]                                                                                         ; clk          ; clk         ; 0.000        ; 0.082      ; 1.059      ;
; 0.765 ; MCU_uart:u_mcu_uart|baud_cnt[10]       ; MCU_uart:u_mcu_uart|baud_cnt[10]                                                                                         ; clk          ; clk         ; 0.000        ; 0.082      ; 1.059      ;
; 0.765 ; MCU_uart:u_mcu_uart|baud_cnt[8]        ; MCU_uart:u_mcu_uart|baud_cnt[8]                                                                                          ; clk          ; clk         ; 0.000        ; 0.082      ; 1.059      ;
; 0.765 ; phase[25]                              ; phase[25]                                                                                                                ; clk          ; clk         ; 0.000        ; 0.080      ; 1.057      ;
; 0.766 ; seg_display:u_seg_display|scan_cnt[15] ; seg_display:u_seg_display|scan_cnt[15]                                                                                   ; clk          ; clk         ; 0.000        ; 0.080      ; 1.058      ;
; 0.766 ; phase[30]                              ; phase[30]                                                                                                                ; clk          ; clk         ; 0.000        ; 0.080      ; 1.058      ;
; 0.767 ; phase[28]                              ; phase[28]                                                                                                                ; clk          ; clk         ; 0.000        ; 0.080      ; 1.059      ;
; 0.767 ; phase[26]                              ; phase[26]                                                                                                                ; clk          ; clk         ; 0.000        ; 0.080      ; 1.059      ;
; 0.767 ; phase[24]                              ; phase[24]                                                                                                                ; clk          ; clk         ; 0.000        ; 0.080      ; 1.059      ;
; 0.780 ; phase[28]                              ; sine_12bit_256:u_rom_sine|altsyncram:altsyncram_component|altsyncram_nq91:auto_generated|ram_block1a0~porta_address_reg0 ; clk          ; clk         ; 0.000        ; 0.483      ; 1.517      ;
; 0.785 ; MCU_uart:u_mcu_uart|baud_cnt[0]        ; MCU_uart:u_mcu_uart|baud_cnt[0]                                                                                          ; clk          ; clk         ; 0.000        ; 0.082      ; 1.079      ;
; 0.787 ; MCU_uart:u_mcu_uart|bit_cnt[2]         ; MCU_uart:u_mcu_uart|rx_data_reg[5]                                                                                       ; clk          ; clk         ; 0.000        ; 0.081      ; 1.080      ;
; 0.796 ; MCU_uart:u_mcu_uart|rx_data_reg[0]     ; MCU_uart:u_mcu_uart|freq_temp[0]                                                                                         ; clk          ; clk         ; 0.000        ; 0.081      ; 1.089      ;
; 0.799 ; MCU_uart:u_mcu_uart|state.S_DATA       ; MCU_uart:u_mcu_uart|state.S_STOP                                                                                         ; clk          ; clk         ; 0.000        ; 0.081      ; 1.092      ;
; 0.799 ; phase[31]                              ; sine_12bit_256:u_rom_sine|altsyncram:altsyncram_component|altsyncram_nq91:auto_generated|ram_block1a0~porta_address_reg0 ; clk          ; clk         ; 0.000        ; 0.483      ; 1.536      ;
; 0.808 ; phase[29]                              ; sine_12bit_256:u_rom_sine|altsyncram:altsyncram_component|altsyncram_nq91:auto_generated|ram_block1a0~porta_address_reg0 ; clk          ; clk         ; 0.000        ; 0.483      ; 1.545      ;
; 0.810 ; phase[25]                              ; sine_12bit_256:u_rom_sine|altsyncram:altsyncram_component|altsyncram_nq91:auto_generated|ram_block1a0~porta_address_reg0 ; clk          ; clk         ; 0.000        ; 0.483      ; 1.547      ;
+-------+----------------------------------------+--------------------------------------------------------------------------------------------------------------------------+--------------+-------------+--------------+------------+------------+


-----------------------------------------------
; Slow 1200mV 85C Model Metastability Summary ;
-----------------------------------------------
The design MTBF is not calculated because there are no specified synchronizers in the design.
Number of Synchronizer Chains Found: 2
Shortest Synchronizer Chain: 2 Registers
Fraction of Chains for which MTBFs Could Not be Calculated: 1.000
Worst Case Available Settling Time: 17.939 ns




+-------------------------------------------------+
; Slow 1200mV 0C Model Fmax Summary               ;
+-----------+-----------------+------------+------+
; Fmax      ; Restricted Fmax ; Clock Name ; Note ;
+-----------+-----------------+------------+------+
; 18.51 MHz ; 18.51 MHz       ; clk        ;      ;
+-----------+-----------------+------------+------+
This panel reports FMAX for every clock in the design, regardless of the user-specified clock periods.  FMAX is only computed for paths where the source and destination registers or ports are driven by the same clock.  Paths of different clocks, including generated clocks, are ignored.  For paths between a clock and its inversion, FMAX is computed as if the rising and falling edges are scaled along with FMAX, such that the duty cycle (in terms of a percentage) is maintained. Altera recommends that you always use clock constraints and other slack reports for sign-off analysis.


+------------------------------------+
; Slow 1200mV 0C Model Setup Summary ;
+-------+---------+------------------+
; Clock ; Slack   ; End Point TNS    ;
+-------+---------+------------------+
; clk   ; -34.020 ; -1653.725        ;
+-------+---------+------------------+


+-----------------------------------+
; Slow 1200mV 0C Model Hold Summary ;
+-------+-------+-------------------+
; Clock ; Slack ; End Point TNS     ;
+-------+-------+-------------------+
; clk   ; 0.383 ; 0.000             ;
+-------+-------+-------------------+


-----------------------------------------
; Slow 1200mV 0C Model Recovery Summary ;
-----------------------------------------
No paths to report.


----------------------------------------
; Slow 1200mV 0C Model Removal Summary ;
----------------------------------------
No paths to report.


+--------------------------------------------------+
; Slow 1200mV 0C Model Minimum Pulse Width Summary ;
+-------+-------+----------------------------------+
; Clock ; Slack ; End Point TNS                    ;
+-------+-------+----------------------------------+
; clk   ; 9.668 ; 0.000                            ;
+-------+-------+----------------------------------+


+-----------------------------------------------------------------------------------------------------------------------------------------------------------+
; Slow 1200mV 0C Model Setup: 'clk'                                                                                                                         ;
+---------+------------------------------------+--------------------------------------+--------------+-------------+--------------+------------+------------+
; Slack   ; From Node                          ; To Node                              ; Launch Clock ; Latch Clock ; Relationship ; Clock Skew ; Data Delay ;
+---------+------------------------------------+--------------------------------------+--------------+-------------+--------------+------------+------------+
; -34.020 ; seg_display:u_seg_display|base[12] ; seg_display:u_seg_display|temp_f[31] ; clk          ; clk         ; 20.000       ; 0.371      ; 54.393     ;
; -34.020 ; seg_display:u_seg_display|base[12] ; seg_display:u_seg_display|temp_f[16] ; clk          ; clk         ; 20.000       ; 0.371      ; 54.393     ;
; -34.020 ; seg_display:u_seg_display|base[12] ; seg_display:u_seg_display|temp_f[20] ; clk          ; clk         ; 20.000       ; 0.371      ; 54.393     ;
; -34.020 ; seg_display:u_seg_display|base[12] ; seg_display:u_seg_display|temp_f[21] ; clk          ; clk         ; 20.000       ; 0.371      ; 54.393     ;
; -34.020 ; seg_display:u_seg_display|base[12] ; seg_display:u_seg_display|temp_f[24] ; clk          ; clk         ; 20.000       ; 0.371      ; 54.393     ;
; -34.020 ; seg_display:u_seg_display|base[12] ; seg_display:u_seg_display|temp_f[26] ; clk          ; clk         ; 20.000       ; 0.371      ; 54.393     ;
; -34.020 ; seg_display:u_seg_display|base[12] ; seg_display:u_seg_display|temp_f[29] ; clk          ; clk         ; 20.000       ; 0.371      ; 54.393     ;
; -34.013 ; seg_display:u_seg_display|base[12] ; seg_display:u_seg_display|temp_f[2]  ; clk          ; clk         ; 20.000       ; 0.383      ; 54.398     ;
; -34.013 ; seg_display:u_seg_display|base[12] ; seg_display:u_seg_display|temp_f[3]  ; clk          ; clk         ; 20.000       ; 0.383      ; 54.398     ;
; -34.013 ; seg_display:u_seg_display|base[12] ; seg_display:u_seg_display|temp_f[4]  ; clk          ; clk         ; 20.000       ; 0.383      ; 54.398     ;
; -34.013 ; seg_display:u_seg_display|base[12] ; seg_display:u_seg_display|temp_f[6]  ; clk          ; clk         ; 20.000       ; 0.383      ; 54.398     ;
; -34.013 ; seg_display:u_seg_display|base[12] ; seg_display:u_seg_display|temp_f[7]  ; clk          ; clk         ; 20.000       ; 0.383      ; 54.398     ;
; -34.013 ; seg_display:u_seg_display|base[12] ; seg_display:u_seg_display|temp_f[8]  ; clk          ; clk         ; 20.000       ; 0.383      ; 54.398     ;
; -34.013 ; seg_display:u_seg_display|base[12] ; seg_display:u_seg_display|temp_f[9]  ; clk          ; clk         ; 20.000       ; 0.383      ; 54.398     ;
; -34.013 ; seg_display:u_seg_display|base[12] ; seg_display:u_seg_display|temp_f[10] ; clk          ; clk         ; 20.000       ; 0.383      ; 54.398     ;
; -34.013 ; seg_display:u_seg_display|base[12] ; seg_display:u_seg_display|temp_f[11] ; clk          ; clk         ; 20.000       ; 0.383      ; 54.398     ;
; -34.013 ; seg_display:u_seg_display|base[12] ; seg_display:u_seg_display|temp_f[12] ; clk          ; clk         ; 20.000       ; 0.383      ; 54.398     ;
; -33.973 ; seg_display:u_seg_display|base[12] ; seg_display:u_seg_display|temp_f[17] ; clk          ; clk         ; 20.000       ; 0.361      ; 54.336     ;
; -33.973 ; seg_display:u_seg_display|base[12] ; seg_display:u_seg_display|temp_f[22] ; clk          ; clk         ; 20.000       ; 0.361      ; 54.336     ;
; -33.973 ; seg_display:u_seg_display|base[12] ; seg_display:u_seg_display|temp_f[25] ; clk          ; clk         ; 20.000       ; 0.361      ; 54.336     ;
; -33.973 ; seg_display:u_seg_display|base[12] ; seg_display:u_seg_display|temp_f[27] ; clk          ; clk         ; 20.000       ; 0.361      ; 54.336     ;
; -33.973 ; seg_display:u_seg_display|base[12] ; seg_display:u_seg_display|temp_f[28] ; clk          ; clk         ; 20.000       ; 0.361      ; 54.336     ;
; -33.973 ; seg_display:u_seg_display|base[12] ; seg_display:u_seg_display|temp_f[30] ; clk          ; clk         ; 20.000       ; 0.361      ; 54.336     ;
; -33.814 ; seg_display:u_seg_display|base[12] ; seg_display:u_seg_display|temp_f[13] ; clk          ; clk         ; 20.000       ; -0.044     ; 53.772     ;
; -33.814 ; seg_display:u_seg_display|base[12] ; seg_display:u_seg_display|temp_f[14] ; clk          ; clk         ; 20.000       ; -0.044     ; 53.772     ;
; -33.814 ; seg_display:u_seg_display|base[12] ; seg_display:u_seg_display|temp_f[15] ; clk          ; clk         ; 20.000       ; -0.044     ; 53.772     ;
; -33.814 ; seg_display:u_seg_display|base[12] ; seg_display:u_seg_display|temp_f[18] ; clk          ; clk         ; 20.000       ; -0.044     ; 53.772     ;
; -33.814 ; seg_display:u_seg_display|base[12] ; seg_display:u_seg_display|temp_f[19] ; clk          ; clk         ; 20.000       ; -0.044     ; 53.772     ;
; -33.814 ; seg_display:u_seg_display|base[12] ; seg_display:u_seg_display|temp_f[23] ; clk          ; clk         ; 20.000       ; -0.044     ; 53.772     ;
; -33.674 ; seg_display:u_seg_display|base[12] ; seg_display:u_seg_display|temp_f[5]  ; clk          ; clk         ; 20.000       ; 0.368      ; 54.044     ;
; -33.651 ; seg_display:u_seg_display|base[12] ; seg_display:u_seg_display|x_show[3]  ; clk          ; clk         ; 20.000       ; -0.047     ; 53.606     ;
; -33.651 ; seg_display:u_seg_display|base[12] ; seg_display:u_seg_display|x_show[2]  ; clk          ; clk         ; 20.000       ; -0.047     ; 53.606     ;
; -33.651 ; seg_display:u_seg_display|base[12] ; seg_display:u_seg_display|x_show[1]  ; clk          ; clk         ; 20.000       ; -0.047     ; 53.606     ;
; -33.651 ; seg_display:u_seg_display|base[12] ; seg_display:u_seg_display|x_show[0]  ; clk          ; clk         ; 20.000       ; -0.047     ; 53.606     ;
; -33.651 ; seg_display:u_seg_display|base[12] ; seg_display:u_seg_display|y_show[3]  ; clk          ; clk         ; 20.000       ; -0.047     ; 53.606     ;
; -33.651 ; seg_display:u_seg_display|base[12] ; seg_display:u_seg_display|y_show[2]  ; clk          ; clk         ; 20.000       ; -0.047     ; 53.606     ;
; -33.651 ; seg_display:u_seg_display|base[12] ; seg_display:u_seg_display|y_show[1]  ; clk          ; clk         ; 20.000       ; -0.047     ; 53.606     ;
; -33.651 ; seg_display:u_seg_display|base[12] ; seg_display:u_seg_display|y_show[0]  ; clk          ; clk         ; 20.000       ; -0.047     ; 53.606     ;
; -33.651 ; seg_display:u_seg_display|base[12] ; seg_display:u_seg_display|z_show[1]  ; clk          ; clk         ; 20.000       ; -0.047     ; 53.606     ;
; -33.651 ; seg_display:u_seg_display|base[12] ; seg_display:u_seg_display|z_show[2]  ; clk          ; clk         ; 20.000       ; -0.047     ; 53.606     ;
; -33.651 ; seg_display:u_seg_display|base[12] ; seg_display:u_seg_display|z_show[0]  ; clk          ; clk         ; 20.000       ; -0.047     ; 53.606     ;
; -33.553 ; seg_display:u_seg_display|base[12] ; seg_display:u_seg_display|temp_f[0]  ; clk          ; clk         ; 20.000       ; 0.431      ; 53.986     ;
; -33.553 ; seg_display:u_seg_display|base[12] ; seg_display:u_seg_display|temp_f[1]  ; clk          ; clk         ; 20.000       ; 0.431      ; 53.986     ;
; -33.155 ; seg_display:u_seg_display|base[12] ; seg_display:u_seg_display|state.010  ; clk          ; clk         ; 20.000       ; -0.044     ; 53.113     ;
; -33.129 ; seg_display:u_seg_display|base[12] ; seg_display:u_seg_display|y_cnt[3]   ; clk          ; clk         ; 20.000       ; 0.385      ; 53.516     ;
; -33.127 ; seg_display:u_seg_display|base[12] ; seg_display:u_seg_display|y_cnt[2]   ; clk          ; clk         ; 20.000       ; 0.385      ; 53.514     ;
; -33.127 ; seg_display:u_seg_display|base[12] ; seg_display:u_seg_display|y_cnt[1]   ; clk          ; clk         ; 20.000       ; 0.385      ; 53.514     ;
; -32.911 ; seg_display:u_seg_display|base[12] ; seg_display:u_seg_display|state.000  ; clk          ; clk         ; 20.000       ; 0.400      ; 53.313     ;
; -32.777 ; seg_display:u_seg_display|base[19] ; seg_display:u_seg_display|temp_f[31] ; clk          ; clk         ; 20.000       ; 0.368      ; 53.147     ;
; -32.777 ; seg_display:u_seg_display|base[19] ; seg_display:u_seg_display|temp_f[16] ; clk          ; clk         ; 20.000       ; 0.368      ; 53.147     ;
; -32.777 ; seg_display:u_seg_display|base[19] ; seg_display:u_seg_display|temp_f[20] ; clk          ; clk         ; 20.000       ; 0.368      ; 53.147     ;
; -32.777 ; seg_display:u_seg_display|base[19] ; seg_display:u_seg_display|temp_f[21] ; clk          ; clk         ; 20.000       ; 0.368      ; 53.147     ;
; -32.777 ; seg_display:u_seg_display|base[19] ; seg_display:u_seg_display|temp_f[24] ; clk          ; clk         ; 20.000       ; 0.368      ; 53.147     ;
; -32.777 ; seg_display:u_seg_display|base[19] ; seg_display:u_seg_display|temp_f[26] ; clk          ; clk         ; 20.000       ; 0.368      ; 53.147     ;
; -32.777 ; seg_display:u_seg_display|base[19] ; seg_display:u_seg_display|temp_f[29] ; clk          ; clk         ; 20.000       ; 0.368      ; 53.147     ;
; -32.770 ; seg_display:u_seg_display|base[19] ; seg_display:u_seg_display|temp_f[2]  ; clk          ; clk         ; 20.000       ; 0.380      ; 53.152     ;
; -32.770 ; seg_display:u_seg_display|base[19] ; seg_display:u_seg_display|temp_f[3]  ; clk          ; clk         ; 20.000       ; 0.380      ; 53.152     ;
; -32.770 ; seg_display:u_seg_display|base[19] ; seg_display:u_seg_display|temp_f[4]  ; clk          ; clk         ; 20.000       ; 0.380      ; 53.152     ;
; -32.770 ; seg_display:u_seg_display|base[19] ; seg_display:u_seg_display|temp_f[6]  ; clk          ; clk         ; 20.000       ; 0.380      ; 53.152     ;
; -32.770 ; seg_display:u_seg_display|base[19] ; seg_display:u_seg_display|temp_f[7]  ; clk          ; clk         ; 20.000       ; 0.380      ; 53.152     ;
; -32.770 ; seg_display:u_seg_display|base[19] ; seg_display:u_seg_display|temp_f[8]  ; clk          ; clk         ; 20.000       ; 0.380      ; 53.152     ;
; -32.770 ; seg_display:u_seg_display|base[19] ; seg_display:u_seg_display|temp_f[9]  ; clk          ; clk         ; 20.000       ; 0.380      ; 53.152     ;
; -32.770 ; seg_display:u_seg_display|base[19] ; seg_display:u_seg_display|temp_f[10] ; clk          ; clk         ; 20.000       ; 0.380      ; 53.152     ;
; -32.770 ; seg_display:u_seg_display|base[19] ; seg_display:u_seg_display|temp_f[11] ; clk          ; clk         ; 20.000       ; 0.380      ; 53.152     ;
; -32.770 ; seg_display:u_seg_display|base[19] ; seg_display:u_seg_display|temp_f[12] ; clk          ; clk         ; 20.000       ; 0.380      ; 53.152     ;
; -32.730 ; seg_display:u_seg_display|base[19] ; seg_display:u_seg_display|temp_f[17] ; clk          ; clk         ; 20.000       ; 0.358      ; 53.090     ;
; -32.730 ; seg_display:u_seg_display|base[19] ; seg_display:u_seg_display|temp_f[22] ; clk          ; clk         ; 20.000       ; 0.358      ; 53.090     ;
; -32.730 ; seg_display:u_seg_display|base[19] ; seg_display:u_seg_display|temp_f[25] ; clk          ; clk         ; 20.000       ; 0.358      ; 53.090     ;
; -32.730 ; seg_display:u_seg_display|base[19] ; seg_display:u_seg_display|temp_f[27] ; clk          ; clk         ; 20.000       ; 0.358      ; 53.090     ;
; -32.730 ; seg_display:u_seg_display|base[19] ; seg_display:u_seg_display|temp_f[28] ; clk          ; clk         ; 20.000       ; 0.358      ; 53.090     ;
; -32.730 ; seg_display:u_seg_display|base[19] ; seg_display:u_seg_display|temp_f[30] ; clk          ; clk         ; 20.000       ; 0.358      ; 53.090     ;
; -32.571 ; seg_display:u_seg_display|base[19] ; seg_display:u_seg_display|temp_f[13] ; clk          ; clk         ; 20.000       ; -0.047     ; 52.526     ;
; -32.571 ; seg_display:u_seg_display|base[19] ; seg_display:u_seg_display|temp_f[14] ; clk          ; clk         ; 20.000       ; -0.047     ; 52.526     ;
; -32.571 ; seg_display:u_seg_display|base[19] ; seg_display:u_seg_display|temp_f[15] ; clk          ; clk         ; 20.000       ; -0.047     ; 52.526     ;
; -32.571 ; seg_display:u_seg_display|base[19] ; seg_display:u_seg_display|temp_f[18] ; clk          ; clk         ; 20.000       ; -0.047     ; 52.526     ;
; -32.571 ; seg_display:u_seg_display|base[19] ; seg_display:u_seg_display|temp_f[19] ; clk          ; clk         ; 20.000       ; -0.047     ; 52.526     ;
; -32.571 ; seg_display:u_seg_display|base[19] ; seg_display:u_seg_display|temp_f[23] ; clk          ; clk         ; 20.000       ; -0.047     ; 52.526     ;
; -32.431 ; seg_display:u_seg_display|base[19] ; seg_display:u_seg_display|temp_f[5]  ; clk          ; clk         ; 20.000       ; 0.365      ; 52.798     ;
; -32.408 ; seg_display:u_seg_display|base[19] ; seg_display:u_seg_display|x_show[3]  ; clk          ; clk         ; 20.000       ; -0.050     ; 52.360     ;
; -32.408 ; seg_display:u_seg_display|base[19] ; seg_display:u_seg_display|x_show[2]  ; clk          ; clk         ; 20.000       ; -0.050     ; 52.360     ;
; -32.408 ; seg_display:u_seg_display|base[19] ; seg_display:u_seg_display|x_show[1]  ; clk          ; clk         ; 20.000       ; -0.050     ; 52.360     ;
; -32.408 ; seg_display:u_seg_display|base[19] ; seg_display:u_seg_display|x_show[0]  ; clk          ; clk         ; 20.000       ; -0.050     ; 52.360     ;
; -32.408 ; seg_display:u_seg_display|base[19] ; seg_display:u_seg_display|y_show[3]  ; clk          ; clk         ; 20.000       ; -0.050     ; 52.360     ;
; -32.408 ; seg_display:u_seg_display|base[19] ; seg_display:u_seg_display|y_show[2]  ; clk          ; clk         ; 20.000       ; -0.050     ; 52.360     ;
; -32.408 ; seg_display:u_seg_display|base[19] ; seg_display:u_seg_display|y_show[1]  ; clk          ; clk         ; 20.000       ; -0.050     ; 52.360     ;
; -32.408 ; seg_display:u_seg_display|base[19] ; seg_display:u_seg_display|y_show[0]  ; clk          ; clk         ; 20.000       ; -0.050     ; 52.360     ;
; -32.408 ; seg_display:u_seg_display|base[19] ; seg_display:u_seg_display|z_show[1]  ; clk          ; clk         ; 20.000       ; -0.050     ; 52.360     ;
; -32.408 ; seg_display:u_seg_display|base[19] ; seg_display:u_seg_display|z_show[2]  ; clk          ; clk         ; 20.000       ; -0.050     ; 52.360     ;
; -32.408 ; seg_display:u_seg_display|base[19] ; seg_display:u_seg_display|z_show[0]  ; clk          ; clk         ; 20.000       ; -0.050     ; 52.360     ;
; -32.343 ; seg_display:u_seg_display|base[12] ; seg_display:u_seg_display|y_cnt[0]   ; clk          ; clk         ; 20.000       ; 0.358      ; 52.703     ;
; -32.310 ; seg_display:u_seg_display|base[19] ; seg_display:u_seg_display|temp_f[0]  ; clk          ; clk         ; 20.000       ; 0.428      ; 52.740     ;
; -32.310 ; seg_display:u_seg_display|base[19] ; seg_display:u_seg_display|temp_f[1]  ; clk          ; clk         ; 20.000       ; 0.428      ; 52.740     ;
; -31.912 ; seg_display:u_seg_display|base[19] ; seg_display:u_seg_display|state.010  ; clk          ; clk         ; 20.000       ; -0.047     ; 51.867     ;
; -31.886 ; seg_display:u_seg_display|base[19] ; seg_display:u_seg_display|y_cnt[3]   ; clk          ; clk         ; 20.000       ; 0.382      ; 52.270     ;
; -31.884 ; seg_display:u_seg_display|base[19] ; seg_display:u_seg_display|y_cnt[2]   ; clk          ; clk         ; 20.000       ; 0.382      ; 52.268     ;
; -31.884 ; seg_display:u_seg_display|base[19] ; seg_display:u_seg_display|y_cnt[1]   ; clk          ; clk         ; 20.000       ; 0.382      ; 52.268     ;
; -31.668 ; seg_display:u_seg_display|base[19] ; seg_display:u_seg_display|state.000  ; clk          ; clk         ; 20.000       ; 0.397      ; 52.067     ;
; -31.100 ; seg_display:u_seg_display|base[19] ; seg_display:u_seg_display|y_cnt[0]   ; clk          ; clk         ; 20.000       ; 0.355      ; 51.457     ;
; -30.198 ; seg_display:u_seg_display|base[14] ; seg_display:u_seg_display|temp_f[31] ; clk          ; clk         ; 20.000       ; 0.350      ; 50.550     ;
; -30.198 ; seg_display:u_seg_display|base[14] ; seg_display:u_seg_display|temp_f[16] ; clk          ; clk         ; 20.000       ; 0.350      ; 50.550     ;
+---------+------------------------------------+--------------------------------------+--------------+-------------+--------------+------------+------------+


+-------------------------------------------------------------------------------------------------------------------------------------------------------------------------------------------------------------------------------------------------+
; Slow 1200mV 0C Model Hold: 'clk'                                                                                                                                                                                                                ;
+-------+----------------------------------------+--------------------------------------------------------------------------------------------------------------------------+--------------+-------------+--------------+------------+------------+
; Slack ; From Node                              ; To Node                                                                                                                  ; Launch Clock ; Latch Clock ; Relationship ; Clock Skew ; Data Delay ;
+-------+----------------------------------------+--------------------------------------------------------------------------------------------------------------------------+--------------+-------------+--------------+------------+------------+
; 0.383 ; seg_display:u_seg_display|y_cnt[3]     ; seg_display:u_seg_display|y_cnt[3]                                                                                       ; clk          ; clk         ; 0.000        ; 0.091      ; 0.669      ;
; 0.383 ; seg_display:u_seg_display|y_cnt[2]     ; seg_display:u_seg_display|y_cnt[2]                                                                                       ; clk          ; clk         ; 0.000        ; 0.091      ; 0.669      ;
; 0.383 ; seg_display:u_seg_display|y_cnt[1]     ; seg_display:u_seg_display|y_cnt[1]                                                                                       ; clk          ; clk         ; 0.000        ; 0.091      ; 0.669      ;
; 0.383 ; seg_display:u_seg_display|state.001    ; seg_display:u_seg_display|state.001                                                                                      ; clk          ; clk         ; 0.000        ; 0.091      ; 0.669      ;
; 0.384 ; seg_display:u_seg_display|y_cnt[0]     ; seg_display:u_seg_display|y_cnt[0]                                                                                       ; clk          ; clk         ; 0.000        ; 0.090      ; 0.669      ;
; 0.401 ; MCU_uart:u_mcu_uart|state.S_STOP       ; MCU_uart:u_mcu_uart|state.S_STOP                                                                                         ; clk          ; clk         ; 0.000        ; 0.073      ; 0.669      ;
; 0.401 ; seg_display:u_seg_display|x_cnt[3]     ; seg_display:u_seg_display|x_cnt[3]                                                                                       ; clk          ; clk         ; 0.000        ; 0.073      ; 0.669      ;
; 0.401 ; seg_display:u_seg_display|x_cnt[2]     ; seg_display:u_seg_display|x_cnt[2]                                                                                       ; clk          ; clk         ; 0.000        ; 0.073      ; 0.669      ;
; 0.401 ; seg_display:u_seg_display|x_cnt[1]     ; seg_display:u_seg_display|x_cnt[1]                                                                                       ; clk          ; clk         ; 0.000        ; 0.073      ; 0.669      ;
; 0.401 ; seg_display:u_seg_display|x_cnt[0]     ; seg_display:u_seg_display|x_cnt[0]                                                                                       ; clk          ; clk         ; 0.000        ; 0.073      ; 0.669      ;
; 0.401 ; seg_display:u_seg_display|state.010    ; seg_display:u_seg_display|state.010                                                                                      ; clk          ; clk         ; 0.000        ; 0.073      ; 0.669      ;
; 0.402 ; MCU_uart:u_mcu_uart|freq_temp[0]       ; MCU_uart:u_mcu_uart|freq_temp[0]                                                                                         ; clk          ; clk         ; 0.000        ; 0.072      ; 0.669      ;
; 0.402 ; MCU_uart:u_mcu_uart|rx_data_reg[0]     ; MCU_uart:u_mcu_uart|rx_data_reg[0]                                                                                       ; clk          ; clk         ; 0.000        ; 0.072      ; 0.669      ;
; 0.402 ; MCU_uart:u_mcu_uart|rx_data_reg[5]     ; MCU_uart:u_mcu_uart|rx_data_reg[5]                                                                                       ; clk          ; clk         ; 0.000        ; 0.072      ; 0.669      ;
; 0.402 ; MCU_uart:u_mcu_uart|rx_data_reg[4]     ; MCU_uart:u_mcu_uart|rx_data_reg[4]                                                                                       ; clk          ; clk         ; 0.000        ; 0.072      ; 0.669      ;
; 0.402 ; MCU_uart:u_mcu_uart|rx_data_reg[3]     ; MCU_uart:u_mcu_uart|rx_data_reg[3]                                                                                       ; clk          ; clk         ; 0.000        ; 0.072      ; 0.669      ;
; 0.402 ; MCU_uart:u_mcu_uart|rx_data_reg[6]     ; MCU_uart:u_mcu_uart|rx_data_reg[6]                                                                                       ; clk          ; clk         ; 0.000        ; 0.072      ; 0.669      ;
; 0.402 ; MCU_uart:u_mcu_uart|rx_data_reg[7]     ; MCU_uart:u_mcu_uart|rx_data_reg[7]                                                                                       ; clk          ; clk         ; 0.000        ; 0.072      ; 0.669      ;
; 0.402 ; MCU_uart:u_mcu_uart|rx_data_reg[2]     ; MCU_uart:u_mcu_uart|rx_data_reg[2]                                                                                       ; clk          ; clk         ; 0.000        ; 0.072      ; 0.669      ;
; 0.402 ; MCU_uart:u_mcu_uart|rx_data_reg[1]     ; MCU_uart:u_mcu_uart|rx_data_reg[1]                                                                                       ; clk          ; clk         ; 0.000        ; 0.072      ; 0.669      ;
; 0.402 ; MCU_uart:u_mcu_uart|bit_cnt[3]         ; MCU_uart:u_mcu_uart|bit_cnt[3]                                                                                           ; clk          ; clk         ; 0.000        ; 0.072      ; 0.669      ;
; 0.402 ; MCU_uart:u_mcu_uart|bit_cnt[1]         ; MCU_uart:u_mcu_uart|bit_cnt[1]                                                                                           ; clk          ; clk         ; 0.000        ; 0.072      ; 0.669      ;
; 0.402 ; MCU_uart:u_mcu_uart|bit_cnt[0]         ; MCU_uart:u_mcu_uart|bit_cnt[0]                                                                                           ; clk          ; clk         ; 0.000        ; 0.072      ; 0.669      ;
; 0.402 ; MCU_uart:u_mcu_uart|bit_cnt[2]         ; MCU_uart:u_mcu_uart|bit_cnt[2]                                                                                           ; clk          ; clk         ; 0.000        ; 0.072      ; 0.669      ;
; 0.484 ; seg_display:u_seg_display|x_cnt[0]     ; seg_display:u_seg_display|x_cnt[1]                                                                                       ; clk          ; clk         ; 0.000        ; 0.073      ; 0.752      ;
; 0.486 ; MCU_uart:u_mcu_uart|state.S_START      ; MCU_uart:u_mcu_uart|state.S_DATA                                                                                         ; clk          ; clk         ; 0.000        ; 0.073      ; 0.754      ;
; 0.683 ; phase[15]                              ; phase[15]                                                                                                                ; clk          ; clk         ; 0.000        ; 0.072      ; 0.950      ;
; 0.684 ; phase[13]                              ; phase[13]                                                                                                                ; clk          ; clk         ; 0.000        ; 0.072      ; 0.951      ;
; 0.684 ; phase[11]                              ; phase[11]                                                                                                                ; clk          ; clk         ; 0.000        ; 0.072      ; 0.951      ;
; 0.684 ; phase[5]                               ; phase[5]                                                                                                                 ; clk          ; clk         ; 0.000        ; 0.072      ; 0.951      ;
; 0.684 ; phase[3]                               ; phase[3]                                                                                                                 ; clk          ; clk         ; 0.000        ; 0.072      ; 0.951      ;
; 0.685 ; seg_display:u_seg_display|scan_cnt[14] ; seg_display:u_seg_display|scan_cnt[14]                                                                                   ; clk          ; clk         ; 0.000        ; 0.072      ; 0.952      ;
; 0.685 ; seg_display:u_seg_display|scan_cnt[6]  ; seg_display:u_seg_display|scan_cnt[6]                                                                                    ; clk          ; clk         ; 0.000        ; 0.072      ; 0.952      ;
; 0.685 ; seg_display:u_seg_display|scan_cnt[4]  ; seg_display:u_seg_display|scan_cnt[4]                                                                                    ; clk          ; clk         ; 0.000        ; 0.072      ; 0.952      ;
; 0.685 ; phase[21]                              ; phase[21]                                                                                                                ; clk          ; clk         ; 0.000        ; 0.072      ; 0.952      ;
; 0.685 ; phase[19]                              ; phase[19]                                                                                                                ; clk          ; clk         ; 0.000        ; 0.072      ; 0.952      ;
; 0.686 ; seg_display:u_seg_display|scan_cnt[12] ; seg_display:u_seg_display|scan_cnt[12]                                                                                   ; clk          ; clk         ; 0.000        ; 0.072      ; 0.953      ;
; 0.686 ; seg_display:u_seg_display|scan_cnt[2]  ; seg_display:u_seg_display|scan_cnt[2]                                                                                    ; clk          ; clk         ; 0.000        ; 0.072      ; 0.953      ;
; 0.686 ; phase[17]                              ; phase[17]                                                                                                                ; clk          ; clk         ; 0.000        ; 0.072      ; 0.953      ;
; 0.686 ; phase[6]                               ; phase[6]                                                                                                                 ; clk          ; clk         ; 0.000        ; 0.072      ; 0.953      ;
; 0.687 ; seg_display:u_seg_display|scan_cnt[7]  ; seg_display:u_seg_display|scan_cnt[7]                                                                                    ; clk          ; clk         ; 0.000        ; 0.072      ; 0.954      ;
; 0.687 ; phase[22]                              ; phase[22]                                                                                                                ; clk          ; clk         ; 0.000        ; 0.072      ; 0.954      ;
; 0.687 ; phase[9]                               ; phase[9]                                                                                                                 ; clk          ; clk         ; 0.000        ; 0.072      ; 0.954      ;
; 0.687 ; phase[7]                               ; phase[7]                                                                                                                 ; clk          ; clk         ; 0.000        ; 0.072      ; 0.954      ;
; 0.688 ; seg_display:u_seg_display|scan_cnt[10] ; seg_display:u_seg_display|scan_cnt[10]                                                                                   ; clk          ; clk         ; 0.000        ; 0.072      ; 0.955      ;
; 0.688 ; seg_display:u_seg_display|scan_cnt[8]  ; seg_display:u_seg_display|scan_cnt[8]                                                                                    ; clk          ; clk         ; 0.000        ; 0.072      ; 0.955      ;
; 0.688 ; phase[23]                              ; phase[23]                                                                                                                ; clk          ; clk         ; 0.000        ; 0.072      ; 0.955      ;
; 0.689 ; phase[16]                              ; phase[16]                                                                                                                ; clk          ; clk         ; 0.000        ; 0.072      ; 0.956      ;
; 0.689 ; phase[14]                              ; phase[14]                                                                                                                ; clk          ; clk         ; 0.000        ; 0.072      ; 0.956      ;
; 0.689 ; phase[2]                               ; phase[2]                                                                                                                 ; clk          ; clk         ; 0.000        ; 0.072      ; 0.956      ;
; 0.690 ; seg_display:u_seg_display|scan_cnt[3]  ; seg_display:u_seg_display|scan_cnt[3]                                                                                    ; clk          ; clk         ; 0.000        ; 0.072      ; 0.957      ;
; 0.690 ; phase[18]                              ; phase[18]                                                                                                                ; clk          ; clk         ; 0.000        ; 0.072      ; 0.957      ;
; 0.690 ; phase[12]                              ; phase[12]                                                                                                                ; clk          ; clk         ; 0.000        ; 0.072      ; 0.957      ;
; 0.690 ; phase[10]                              ; phase[10]                                                                                                                ; clk          ; clk         ; 0.000        ; 0.072      ; 0.957      ;
; 0.690 ; phase[8]                               ; phase[8]                                                                                                                 ; clk          ; clk         ; 0.000        ; 0.072      ; 0.957      ;
; 0.690 ; phase[4]                               ; phase[4]                                                                                                                 ; clk          ; clk         ; 0.000        ; 0.072      ; 0.957      ;
; 0.691 ; seg_display:u_seg_display|scan_cnt[13] ; seg_display:u_seg_display|scan_cnt[13]                                                                                   ; clk          ; clk         ; 0.000        ; 0.072      ; 0.958      ;
; 0.691 ; seg_display:u_seg_display|scan_cnt[11] ; seg_display:u_seg_display|scan_cnt[11]                                                                                   ; clk          ; clk         ; 0.000        ; 0.072      ; 0.958      ;
; 0.691 ; seg_display:u_seg_display|scan_cnt[9]  ; seg_display:u_seg_display|scan_cnt[9]                                                                                    ; clk          ; clk         ; 0.000        ; 0.072      ; 0.958      ;
; 0.691 ; seg_display:u_seg_display|scan_cnt[5]  ; seg_display:u_seg_display|scan_cnt[5]                                                                                    ; clk          ; clk         ; 0.000        ; 0.072      ; 0.958      ;
; 0.691 ; phase[20]                              ; phase[20]                                                                                                                ; clk          ; clk         ; 0.000        ; 0.072      ; 0.958      ;
; 0.693 ; MCU_uart:u_mcu_uart|state.S_STOP       ; MCU_uart:u_mcu_uart|rx_done_sig                                                                                          ; clk          ; clk         ; 0.000        ; 0.073      ; 0.961      ;
; 0.693 ; phase[24]                              ; sine_12bit_256:u_rom_sine|altsyncram:altsyncram_component|altsyncram_nq91:auto_generated|ram_block1a0~porta_address_reg0 ; clk          ; clk         ; 0.000        ; 0.427      ; 1.350      ;
; 0.703 ; phase[26]                              ; sine_12bit_256:u_rom_sine|altsyncram:altsyncram_component|altsyncram_nq91:auto_generated|ram_block1a0~porta_address_reg0 ; clk          ; clk         ; 0.000        ; 0.427      ; 1.360      ;
; 0.706 ; MCU_uart:u_mcu_uart|baud_cnt[13]       ; MCU_uart:u_mcu_uart|baud_cnt[13]                                                                                         ; clk          ; clk         ; 0.000        ; 0.072      ; 0.973      ;
; 0.706 ; MCU_uart:u_mcu_uart|baud_cnt[5]        ; MCU_uart:u_mcu_uart|baud_cnt[5]                                                                                          ; clk          ; clk         ; 0.000        ; 0.072      ; 0.973      ;
; 0.706 ; MCU_uart:u_mcu_uart|baud_cnt[3]        ; MCU_uart:u_mcu_uart|baud_cnt[3]                                                                                          ; clk          ; clk         ; 0.000        ; 0.072      ; 0.973      ;
; 0.706 ; phase[29]                              ; phase[29]                                                                                                                ; clk          ; clk         ; 0.000        ; 0.072      ; 0.973      ;
; 0.707 ; MCU_uart:u_mcu_uart|baud_cnt[11]       ; MCU_uart:u_mcu_uart|baud_cnt[11]                                                                                         ; clk          ; clk         ; 0.000        ; 0.072      ; 0.974      ;
; 0.707 ; MCU_uart:u_mcu_uart|baud_cnt[1]        ; MCU_uart:u_mcu_uart|baud_cnt[1]                                                                                          ; clk          ; clk         ; 0.000        ; 0.072      ; 0.974      ;
; 0.707 ; phase[30]                              ; sine_12bit_256:u_rom_sine|altsyncram:altsyncram_component|altsyncram_nq91:auto_generated|ram_block1a0~porta_address_reg0 ; clk          ; clk         ; 0.000        ; 0.427      ; 1.364      ;
; 0.707 ; phase[27]                              ; phase[27]                                                                                                                ; clk          ; clk         ; 0.000        ; 0.072      ; 0.974      ;
; 0.707 ; phase[1]                               ; phase[1]                                                                                                                 ; clk          ; clk         ; 0.000        ; 0.072      ; 0.974      ;
; 0.708 ; MCU_uart:u_mcu_uart|baud_cnt[15]       ; MCU_uart:u_mcu_uart|baud_cnt[15]                                                                                         ; clk          ; clk         ; 0.000        ; 0.072      ; 0.975      ;
; 0.708 ; MCU_uart:u_mcu_uart|baud_cnt[6]        ; MCU_uart:u_mcu_uart|baud_cnt[6]                                                                                          ; clk          ; clk         ; 0.000        ; 0.072      ; 0.975      ;
; 0.708 ; seg_display:u_seg_display|scan_cnt[16] ; seg_display:u_seg_display|scan_cnt[16]                                                                                   ; clk          ; clk         ; 0.000        ; 0.072      ; 0.975      ;
; 0.708 ; seg_display:u_seg_display|scan_cnt[1]  ; seg_display:u_seg_display|scan_cnt[1]                                                                                    ; clk          ; clk         ; 0.000        ; 0.072      ; 0.975      ;
; 0.708 ; phase[31]                              ; phase[31]                                                                                                                ; clk          ; clk         ; 0.000        ; 0.072      ; 0.975      ;
; 0.709 ; MCU_uart:u_mcu_uart|baud_cnt[9]        ; MCU_uart:u_mcu_uart|baud_cnt[9]                                                                                          ; clk          ; clk         ; 0.000        ; 0.072      ; 0.976      ;
; 0.709 ; MCU_uart:u_mcu_uart|baud_cnt[7]        ; MCU_uart:u_mcu_uart|baud_cnt[7]                                                                                          ; clk          ; clk         ; 0.000        ; 0.072      ; 0.976      ;
; 0.709 ; phase[25]                              ; phase[25]                                                                                                                ; clk          ; clk         ; 0.000        ; 0.072      ; 0.976      ;
; 0.711 ; MCU_uart:u_mcu_uart|baud_cnt[2]        ; MCU_uart:u_mcu_uart|baud_cnt[2]                                                                                          ; clk          ; clk         ; 0.000        ; 0.072      ; 0.978      ;
; 0.712 ; MCU_uart:u_mcu_uart|baud_cnt[12]       ; MCU_uart:u_mcu_uart|baud_cnt[12]                                                                                         ; clk          ; clk         ; 0.000        ; 0.072      ; 0.979      ;
; 0.712 ; MCU_uart:u_mcu_uart|baud_cnt[14]       ; MCU_uart:u_mcu_uart|baud_cnt[14]                                                                                         ; clk          ; clk         ; 0.000        ; 0.072      ; 0.979      ;
; 0.712 ; MCU_uart:u_mcu_uart|baud_cnt[10]       ; MCU_uart:u_mcu_uart|baud_cnt[10]                                                                                         ; clk          ; clk         ; 0.000        ; 0.072      ; 0.979      ;
; 0.712 ; MCU_uart:u_mcu_uart|baud_cnt[4]        ; MCU_uart:u_mcu_uart|baud_cnt[4]                                                                                          ; clk          ; clk         ; 0.000        ; 0.072      ; 0.979      ;
; 0.712 ; seg_display:u_seg_display|scan_cnt[15] ; seg_display:u_seg_display|scan_cnt[15]                                                                                   ; clk          ; clk         ; 0.000        ; 0.072      ; 0.979      ;
; 0.712 ; phase[30]                              ; phase[30]                                                                                                                ; clk          ; clk         ; 0.000        ; 0.072      ; 0.979      ;
; 0.712 ; phase[28]                              ; phase[28]                                                                                                                ; clk          ; clk         ; 0.000        ; 0.072      ; 0.979      ;
; 0.712 ; phase[26]                              ; phase[26]                                                                                                                ; clk          ; clk         ; 0.000        ; 0.072      ; 0.979      ;
; 0.713 ; MCU_uart:u_mcu_uart|baud_cnt[8]        ; MCU_uart:u_mcu_uart|baud_cnt[8]                                                                                          ; clk          ; clk         ; 0.000        ; 0.072      ; 0.980      ;
; 0.713 ; phase[24]                              ; phase[24]                                                                                                                ; clk          ; clk         ; 0.000        ; 0.072      ; 0.980      ;
; 0.724 ; phase[28]                              ; sine_12bit_256:u_rom_sine|altsyncram:altsyncram_component|altsyncram_nq91:auto_generated|ram_block1a0~porta_address_reg0 ; clk          ; clk         ; 0.000        ; 0.427      ; 1.381      ;
; 0.734 ; MCU_uart:u_mcu_uart|baud_cnt[0]        ; MCU_uart:u_mcu_uart|baud_cnt[0]                                                                                          ; clk          ; clk         ; 0.000        ; 0.072      ; 1.001      ;
; 0.740 ; phase[31]                              ; sine_12bit_256:u_rom_sine|altsyncram:altsyncram_component|altsyncram_nq91:auto_generated|ram_block1a0~porta_address_reg0 ; clk          ; clk         ; 0.000        ; 0.427      ; 1.397      ;
; 0.741 ; seg_display:u_seg_display|state.010    ; seg_display:u_seg_display|y_cnt[0]                                                                                       ; clk          ; clk         ; 0.000        ; 0.492      ; 1.428      ;
; 0.741 ; MCU_uart:u_mcu_uart|rx_data_reg[0]     ; MCU_uart:u_mcu_uart|freq_temp[0]                                                                                         ; clk          ; clk         ; 0.000        ; 0.072      ; 1.008      ;
; 0.741 ; MCU_uart:u_mcu_uart|bit_cnt[2]         ; MCU_uart:u_mcu_uart|rx_data_reg[5]                                                                                       ; clk          ; clk         ; 0.000        ; 0.072      ; 1.008      ;
; 0.744 ; MCU_uart:u_mcu_uart|state.S_DATA       ; MCU_uart:u_mcu_uart|state.S_STOP                                                                                         ; clk          ; clk         ; 0.000        ; 0.073      ; 1.012      ;
; 0.748 ; phase[29]                              ; sine_12bit_256:u_rom_sine|altsyncram:altsyncram_component|altsyncram_nq91:auto_generated|ram_block1a0~porta_address_reg0 ; clk          ; clk         ; 0.000        ; 0.427      ; 1.405      ;
+-------+----------------------------------------+--------------------------------------------------------------------------------------------------------------------------+--------------+-------------+--------------+------------+------------+


----------------------------------------------
; Slow 1200mV 0C Model Metastability Summary ;
----------------------------------------------
The design MTBF is not calculated because there are no specified synchronizers in the design.
Number of Synchronizer Chains Found: 2
Shortest Synchronizer Chain: 2 Registers
Fraction of Chains for which MTBFs Could Not be Calculated: 1.000
Worst Case Available Settling Time: 18.048 ns




+------------------------------------+
; Fast 1200mV 0C Model Setup Summary ;
+-------+--------+-------------------+
; Clock ; Slack  ; End Point TNS     ;
+-------+--------+-------------------+
; clk   ; -5.342 ; -254.943          ;
+-------+--------+-------------------+


+-----------------------------------+
; Fast 1200mV 0C Model Hold Summary ;
+-------+-------+-------------------+
; Clock ; Slack ; End Point TNS     ;
+-------+-------+-------------------+
; clk   ; 0.178 ; 0.000             ;
+-------+-------+-------------------+


-----------------------------------------
; Fast 1200mV 0C Model Recovery Summary ;
-----------------------------------------
No paths to report.


----------------------------------------
; Fast 1200mV 0C Model Removal Summary ;
----------------------------------------
No paths to report.


+--------------------------------------------------+
; Fast 1200mV 0C Model Minimum Pulse Width Summary ;
+-------+-------+----------------------------------+
; Clock ; Slack ; End Point TNS                    ;
+-------+-------+----------------------------------+
; clk   ; 9.373 ; 0.000                            ;
+-------+-------+----------------------------------+


+----------------------------------------------------------------------------------------------------------------------------------------------------------+
; Fast 1200mV 0C Model Setup: 'clk'                                                                                                                        ;
+--------+------------------------------------+--------------------------------------+--------------+-------------+--------------+------------+------------+
; Slack  ; From Node                          ; To Node                              ; Launch Clock ; Latch Clock ; Relationship ; Clock Skew ; Data Delay ;
+--------+------------------------------------+--------------------------------------+--------------+-------------+--------------+------------+------------+
; -5.342 ; seg_display:u_seg_display|base[12] ; seg_display:u_seg_display|temp_f[31] ; clk          ; clk         ; 20.000       ; 0.166      ; 25.495     ;
; -5.342 ; seg_display:u_seg_display|base[12] ; seg_display:u_seg_display|temp_f[16] ; clk          ; clk         ; 20.000       ; 0.166      ; 25.495     ;
; -5.342 ; seg_display:u_seg_display|base[12] ; seg_display:u_seg_display|temp_f[20] ; clk          ; clk         ; 20.000       ; 0.166      ; 25.495     ;
; -5.342 ; seg_display:u_seg_display|base[12] ; seg_display:u_seg_display|temp_f[21] ; clk          ; clk         ; 20.000       ; 0.166      ; 25.495     ;
; -5.342 ; seg_display:u_seg_display|base[12] ; seg_display:u_seg_display|temp_f[24] ; clk          ; clk         ; 20.000       ; 0.166      ; 25.495     ;
; -5.342 ; seg_display:u_seg_display|base[12] ; seg_display:u_seg_display|temp_f[26] ; clk          ; clk         ; 20.000       ; 0.166      ; 25.495     ;
; -5.342 ; seg_display:u_seg_display|base[12] ; seg_display:u_seg_display|temp_f[29] ; clk          ; clk         ; 20.000       ; 0.166      ; 25.495     ;
; -5.341 ; seg_display:u_seg_display|base[12] ; seg_display:u_seg_display|temp_f[2]  ; clk          ; clk         ; 20.000       ; 0.173      ; 25.501     ;
; -5.341 ; seg_display:u_seg_display|base[12] ; seg_display:u_seg_display|temp_f[3]  ; clk          ; clk         ; 20.000       ; 0.173      ; 25.501     ;
; -5.341 ; seg_display:u_seg_display|base[12] ; seg_display:u_seg_display|temp_f[4]  ; clk          ; clk         ; 20.000       ; 0.173      ; 25.501     ;
; -5.341 ; seg_display:u_seg_display|base[12] ; seg_display:u_seg_display|temp_f[6]  ; clk          ; clk         ; 20.000       ; 0.173      ; 25.501     ;
; -5.341 ; seg_display:u_seg_display|base[12] ; seg_display:u_seg_display|temp_f[7]  ; clk          ; clk         ; 20.000       ; 0.173      ; 25.501     ;
; -5.341 ; seg_display:u_seg_display|base[12] ; seg_display:u_seg_display|temp_f[8]  ; clk          ; clk         ; 20.000       ; 0.173      ; 25.501     ;
; -5.341 ; seg_display:u_seg_display|base[12] ; seg_display:u_seg_display|temp_f[9]  ; clk          ; clk         ; 20.000       ; 0.173      ; 25.501     ;
; -5.341 ; seg_display:u_seg_display|base[12] ; seg_display:u_seg_display|temp_f[10] ; clk          ; clk         ; 20.000       ; 0.173      ; 25.501     ;
; -5.341 ; seg_display:u_seg_display|base[12] ; seg_display:u_seg_display|temp_f[11] ; clk          ; clk         ; 20.000       ; 0.173      ; 25.501     ;
; -5.341 ; seg_display:u_seg_display|base[12] ; seg_display:u_seg_display|temp_f[12] ; clk          ; clk         ; 20.000       ; 0.173      ; 25.501     ;
; -5.316 ; seg_display:u_seg_display|base[12] ; seg_display:u_seg_display|temp_f[17] ; clk          ; clk         ; 20.000       ; 0.162      ; 25.465     ;
; -5.316 ; seg_display:u_seg_display|base[12] ; seg_display:u_seg_display|temp_f[22] ; clk          ; clk         ; 20.000       ; 0.162      ; 25.465     ;
; -5.316 ; seg_display:u_seg_display|base[12] ; seg_display:u_seg_display|temp_f[25] ; clk          ; clk         ; 20.000       ; 0.162      ; 25.465     ;
; -5.316 ; seg_display:u_seg_display|base[12] ; seg_display:u_seg_display|temp_f[27] ; clk          ; clk         ; 20.000       ; 0.162      ; 25.465     ;
; -5.316 ; seg_display:u_seg_display|base[12] ; seg_display:u_seg_display|temp_f[28] ; clk          ; clk         ; 20.000       ; 0.162      ; 25.465     ;
; -5.316 ; seg_display:u_seg_display|base[12] ; seg_display:u_seg_display|temp_f[30] ; clk          ; clk         ; 20.000       ; 0.162      ; 25.465     ;
; -5.217 ; seg_display:u_seg_display|base[12] ; seg_display:u_seg_display|temp_f[13] ; clk          ; clk         ; 20.000       ; -0.017     ; 25.187     ;
; -5.217 ; seg_display:u_seg_display|base[12] ; seg_display:u_seg_display|temp_f[14] ; clk          ; clk         ; 20.000       ; -0.017     ; 25.187     ;
; -5.217 ; seg_display:u_seg_display|base[12] ; seg_display:u_seg_display|temp_f[15] ; clk          ; clk         ; 20.000       ; -0.017     ; 25.187     ;
; -5.217 ; seg_display:u_seg_display|base[12] ; seg_display:u_seg_display|temp_f[18] ; clk          ; clk         ; 20.000       ; -0.017     ; 25.187     ;
; -5.217 ; seg_display:u_seg_display|base[12] ; seg_display:u_seg_display|temp_f[19] ; clk          ; clk         ; 20.000       ; -0.017     ; 25.187     ;
; -5.217 ; seg_display:u_seg_display|base[12] ; seg_display:u_seg_display|temp_f[23] ; clk          ; clk         ; 20.000       ; -0.017     ; 25.187     ;
; -5.168 ; seg_display:u_seg_display|base[12] ; seg_display:u_seg_display|temp_f[5]  ; clk          ; clk         ; 20.000       ; 0.164      ; 25.319     ;
; -5.141 ; seg_display:u_seg_display|base[12] ; seg_display:u_seg_display|temp_f[0]  ; clk          ; clk         ; 20.000       ; 0.189      ; 25.317     ;
; -5.141 ; seg_display:u_seg_display|base[12] ; seg_display:u_seg_display|temp_f[1]  ; clk          ; clk         ; 20.000       ; 0.189      ; 25.317     ;
; -5.129 ; seg_display:u_seg_display|base[12] ; seg_display:u_seg_display|x_show[3]  ; clk          ; clk         ; 20.000       ; -0.019     ; 25.097     ;
; -5.129 ; seg_display:u_seg_display|base[12] ; seg_display:u_seg_display|x_show[2]  ; clk          ; clk         ; 20.000       ; -0.019     ; 25.097     ;
; -5.129 ; seg_display:u_seg_display|base[12] ; seg_display:u_seg_display|x_show[1]  ; clk          ; clk         ; 20.000       ; -0.019     ; 25.097     ;
; -5.129 ; seg_display:u_seg_display|base[12] ; seg_display:u_seg_display|x_show[0]  ; clk          ; clk         ; 20.000       ; -0.019     ; 25.097     ;
; -5.129 ; seg_display:u_seg_display|base[12] ; seg_display:u_seg_display|y_show[3]  ; clk          ; clk         ; 20.000       ; -0.019     ; 25.097     ;
; -5.129 ; seg_display:u_seg_display|base[12] ; seg_display:u_seg_display|y_show[2]  ; clk          ; clk         ; 20.000       ; -0.019     ; 25.097     ;
; -5.129 ; seg_display:u_seg_display|base[12] ; seg_display:u_seg_display|y_show[1]  ; clk          ; clk         ; 20.000       ; -0.019     ; 25.097     ;
; -5.129 ; seg_display:u_seg_display|base[12] ; seg_display:u_seg_display|y_show[0]  ; clk          ; clk         ; 20.000       ; -0.019     ; 25.097     ;
; -5.129 ; seg_display:u_seg_display|base[12] ; seg_display:u_seg_display|z_show[1]  ; clk          ; clk         ; 20.000       ; -0.019     ; 25.097     ;
; -5.129 ; seg_display:u_seg_display|base[12] ; seg_display:u_seg_display|z_show[2]  ; clk          ; clk         ; 20.000       ; -0.019     ; 25.097     ;
; -5.129 ; seg_display:u_seg_display|base[12] ; seg_display:u_seg_display|z_show[0]  ; clk          ; clk         ; 20.000       ; -0.019     ; 25.097     ;
; -4.938 ; seg_display:u_seg_display|base[12] ; seg_display:u_seg_display|y_cnt[3]   ; clk          ; clk         ; 20.000       ; 0.173      ; 25.098     ;
; -4.935 ; seg_display:u_seg_display|base[12] ; seg_display:u_seg_display|y_cnt[2]   ; clk          ; clk         ; 20.000       ; 0.173      ; 25.095     ;
; -4.934 ; seg_display:u_seg_display|base[12] ; seg_display:u_seg_display|y_cnt[1]   ; clk          ; clk         ; 20.000       ; 0.173      ; 25.094     ;
; -4.917 ; seg_display:u_seg_display|base[12] ; seg_display:u_seg_display|state.010  ; clk          ; clk         ; 20.000       ; -0.017     ; 24.887     ;
; -4.787 ; seg_display:u_seg_display|base[12] ; seg_display:u_seg_display|state.000  ; clk          ; clk         ; 20.000       ; 0.173      ; 24.947     ;
; -4.736 ; seg_display:u_seg_display|base[19] ; seg_display:u_seg_display|temp_f[31] ; clk          ; clk         ; 20.000       ; 0.163      ; 24.886     ;
; -4.736 ; seg_display:u_seg_display|base[19] ; seg_display:u_seg_display|temp_f[16] ; clk          ; clk         ; 20.000       ; 0.163      ; 24.886     ;
; -4.736 ; seg_display:u_seg_display|base[19] ; seg_display:u_seg_display|temp_f[20] ; clk          ; clk         ; 20.000       ; 0.163      ; 24.886     ;
; -4.736 ; seg_display:u_seg_display|base[19] ; seg_display:u_seg_display|temp_f[21] ; clk          ; clk         ; 20.000       ; 0.163      ; 24.886     ;
; -4.736 ; seg_display:u_seg_display|base[19] ; seg_display:u_seg_display|temp_f[24] ; clk          ; clk         ; 20.000       ; 0.163      ; 24.886     ;
; -4.736 ; seg_display:u_seg_display|base[19] ; seg_display:u_seg_display|temp_f[26] ; clk          ; clk         ; 20.000       ; 0.163      ; 24.886     ;
; -4.736 ; seg_display:u_seg_display|base[19] ; seg_display:u_seg_display|temp_f[29] ; clk          ; clk         ; 20.000       ; 0.163      ; 24.886     ;
; -4.735 ; seg_display:u_seg_display|base[19] ; seg_display:u_seg_display|temp_f[2]  ; clk          ; clk         ; 20.000       ; 0.170      ; 24.892     ;
; -4.735 ; seg_display:u_seg_display|base[19] ; seg_display:u_seg_display|temp_f[3]  ; clk          ; clk         ; 20.000       ; 0.170      ; 24.892     ;
; -4.735 ; seg_display:u_seg_display|base[19] ; seg_display:u_seg_display|temp_f[4]  ; clk          ; clk         ; 20.000       ; 0.170      ; 24.892     ;
; -4.735 ; seg_display:u_seg_display|base[19] ; seg_display:u_seg_display|temp_f[6]  ; clk          ; clk         ; 20.000       ; 0.170      ; 24.892     ;
; -4.735 ; seg_display:u_seg_display|base[19] ; seg_display:u_seg_display|temp_f[7]  ; clk          ; clk         ; 20.000       ; 0.170      ; 24.892     ;
; -4.735 ; seg_display:u_seg_display|base[19] ; seg_display:u_seg_display|temp_f[8]  ; clk          ; clk         ; 20.000       ; 0.170      ; 24.892     ;
; -4.735 ; seg_display:u_seg_display|base[19] ; seg_display:u_seg_display|temp_f[9]  ; clk          ; clk         ; 20.000       ; 0.170      ; 24.892     ;
; -4.735 ; seg_display:u_seg_display|base[19] ; seg_display:u_seg_display|temp_f[10] ; clk          ; clk         ; 20.000       ; 0.170      ; 24.892     ;
; -4.735 ; seg_display:u_seg_display|base[19] ; seg_display:u_seg_display|temp_f[11] ; clk          ; clk         ; 20.000       ; 0.170      ; 24.892     ;
; -4.735 ; seg_display:u_seg_display|base[19] ; seg_display:u_seg_display|temp_f[12] ; clk          ; clk         ; 20.000       ; 0.170      ; 24.892     ;
; -4.710 ; seg_display:u_seg_display|base[19] ; seg_display:u_seg_display|temp_f[17] ; clk          ; clk         ; 20.000       ; 0.159      ; 24.856     ;
; -4.710 ; seg_display:u_seg_display|base[19] ; seg_display:u_seg_display|temp_f[22] ; clk          ; clk         ; 20.000       ; 0.159      ; 24.856     ;
; -4.710 ; seg_display:u_seg_display|base[19] ; seg_display:u_seg_display|temp_f[25] ; clk          ; clk         ; 20.000       ; 0.159      ; 24.856     ;
; -4.710 ; seg_display:u_seg_display|base[19] ; seg_display:u_seg_display|temp_f[27] ; clk          ; clk         ; 20.000       ; 0.159      ; 24.856     ;
; -4.710 ; seg_display:u_seg_display|base[19] ; seg_display:u_seg_display|temp_f[28] ; clk          ; clk         ; 20.000       ; 0.159      ; 24.856     ;
; -4.710 ; seg_display:u_seg_display|base[19] ; seg_display:u_seg_display|temp_f[30] ; clk          ; clk         ; 20.000       ; 0.159      ; 24.856     ;
; -4.611 ; seg_display:u_seg_display|base[19] ; seg_display:u_seg_display|temp_f[13] ; clk          ; clk         ; 20.000       ; -0.020     ; 24.578     ;
; -4.611 ; seg_display:u_seg_display|base[19] ; seg_display:u_seg_display|temp_f[14] ; clk          ; clk         ; 20.000       ; -0.020     ; 24.578     ;
; -4.611 ; seg_display:u_seg_display|base[19] ; seg_display:u_seg_display|temp_f[15] ; clk          ; clk         ; 20.000       ; -0.020     ; 24.578     ;
; -4.611 ; seg_display:u_seg_display|base[19] ; seg_display:u_seg_display|temp_f[18] ; clk          ; clk         ; 20.000       ; -0.020     ; 24.578     ;
; -4.611 ; seg_display:u_seg_display|base[19] ; seg_display:u_seg_display|temp_f[19] ; clk          ; clk         ; 20.000       ; -0.020     ; 24.578     ;
; -4.611 ; seg_display:u_seg_display|base[19] ; seg_display:u_seg_display|temp_f[23] ; clk          ; clk         ; 20.000       ; -0.020     ; 24.578     ;
; -4.562 ; seg_display:u_seg_display|base[19] ; seg_display:u_seg_display|temp_f[5]  ; clk          ; clk         ; 20.000       ; 0.161      ; 24.710     ;
; -4.561 ; seg_display:u_seg_display|base[12] ; seg_display:u_seg_display|y_cnt[0]   ; clk          ; clk         ; 20.000       ; 0.159      ; 24.707     ;
; -4.535 ; seg_display:u_seg_display|base[19] ; seg_display:u_seg_display|temp_f[0]  ; clk          ; clk         ; 20.000       ; 0.186      ; 24.708     ;
; -4.535 ; seg_display:u_seg_display|base[19] ; seg_display:u_seg_display|temp_f[1]  ; clk          ; clk         ; 20.000       ; 0.186      ; 24.708     ;
; -4.523 ; seg_display:u_seg_display|base[19] ; seg_display:u_seg_display|x_show[3]  ; clk          ; clk         ; 20.000       ; -0.022     ; 24.488     ;
; -4.523 ; seg_display:u_seg_display|base[19] ; seg_display:u_seg_display|x_show[2]  ; clk          ; clk         ; 20.000       ; -0.022     ; 24.488     ;
; -4.523 ; seg_display:u_seg_display|base[19] ; seg_display:u_seg_display|x_show[1]  ; clk          ; clk         ; 20.000       ; -0.022     ; 24.488     ;
; -4.523 ; seg_display:u_seg_display|base[19] ; seg_display:u_seg_display|x_show[0]  ; clk          ; clk         ; 20.000       ; -0.022     ; 24.488     ;
; -4.523 ; seg_display:u_seg_display|base[19] ; seg_display:u_seg_display|y_show[3]  ; clk          ; clk         ; 20.000       ; -0.022     ; 24.488     ;
; -4.523 ; seg_display:u_seg_display|base[19] ; seg_display:u_seg_display|y_show[2]  ; clk          ; clk         ; 20.000       ; -0.022     ; 24.488     ;
; -4.523 ; seg_display:u_seg_display|base[19] ; seg_display:u_seg_display|y_show[1]  ; clk          ; clk         ; 20.000       ; -0.022     ; 24.488     ;
; -4.523 ; seg_display:u_seg_display|base[19] ; seg_display:u_seg_display|y_show[0]  ; clk          ; clk         ; 20.000       ; -0.022     ; 24.488     ;
; -4.523 ; seg_display:u_seg_display|base[19] ; seg_display:u_seg_display|z_show[1]  ; clk          ; clk         ; 20.000       ; -0.022     ; 24.488     ;
; -4.523 ; seg_display:u_seg_display|base[19] ; seg_display:u_seg_display|z_show[2]  ; clk          ; clk         ; 20.000       ; -0.022     ; 24.488     ;
; -4.523 ; seg_display:u_seg_display|base[19] ; seg_display:u_seg_display|z_show[0]  ; clk          ; clk         ; 20.000       ; -0.022     ; 24.488     ;
; -4.332 ; seg_display:u_seg_display|base[19] ; seg_display:u_seg_display|y_cnt[3]   ; clk          ; clk         ; 20.000       ; 0.170      ; 24.489     ;
; -4.329 ; seg_display:u_seg_display|base[19] ; seg_display:u_seg_display|y_cnt[2]   ; clk          ; clk         ; 20.000       ; 0.170      ; 24.486     ;
; -4.328 ; seg_display:u_seg_display|base[19] ; seg_display:u_seg_display|y_cnt[1]   ; clk          ; clk         ; 20.000       ; 0.170      ; 24.485     ;
; -4.311 ; seg_display:u_seg_display|base[19] ; seg_display:u_seg_display|state.010  ; clk          ; clk         ; 20.000       ; -0.020     ; 24.278     ;
; -4.181 ; seg_display:u_seg_display|base[19] ; seg_display:u_seg_display|state.000  ; clk          ; clk         ; 20.000       ; 0.170      ; 24.338     ;
; -3.955 ; seg_display:u_seg_display|base[19] ; seg_display:u_seg_display|y_cnt[0]   ; clk          ; clk         ; 20.000       ; 0.156      ; 24.098     ;
; -3.562 ; seg_display:u_seg_display|base[14] ; seg_display:u_seg_display|temp_f[31] ; clk          ; clk         ; 20.000       ; 0.155      ; 23.704     ;
; -3.562 ; seg_display:u_seg_display|base[14] ; seg_display:u_seg_display|temp_f[16] ; clk          ; clk         ; 20.000       ; 0.155      ; 23.704     ;
+--------+------------------------------------+--------------------------------------+--------------+-------------+--------------+------------+------------+


+-------------------------------------------------------------------------------------------------------------------------------------------------------------------------------------------------------------------------------------------------+
; Fast 1200mV 0C Model Hold: 'clk'                                                                                                                                                                                                                ;
+-------+----------------------------------------+--------------------------------------------------------------------------------------------------------------------------+--------------+-------------+--------------+------------+------------+
; Slack ; From Node                              ; To Node                                                                                                                  ; Launch Clock ; Latch Clock ; Relationship ; Clock Skew ; Data Delay ;
+-------+----------------------------------------+--------------------------------------------------------------------------------------------------------------------------+--------------+-------------+--------------+------------+------------+
; 0.178 ; seg_display:u_seg_display|y_cnt[3]     ; seg_display:u_seg_display|y_cnt[3]                                                                                       ; clk          ; clk         ; 0.000        ; 0.045      ; 0.307      ;
; 0.178 ; seg_display:u_seg_display|y_cnt[2]     ; seg_display:u_seg_display|y_cnt[2]                                                                                       ; clk          ; clk         ; 0.000        ; 0.045      ; 0.307      ;
; 0.178 ; seg_display:u_seg_display|y_cnt[1]     ; seg_display:u_seg_display|y_cnt[1]                                                                                       ; clk          ; clk         ; 0.000        ; 0.045      ; 0.307      ;
; 0.178 ; seg_display:u_seg_display|y_cnt[0]     ; seg_display:u_seg_display|y_cnt[0]                                                                                       ; clk          ; clk         ; 0.000        ; 0.045      ; 0.307      ;
; 0.178 ; seg_display:u_seg_display|state.001    ; seg_display:u_seg_display|state.001                                                                                      ; clk          ; clk         ; 0.000        ; 0.045      ; 0.307      ;
; 0.185 ; seg_display:u_seg_display|x_cnt[3]     ; seg_display:u_seg_display|x_cnt[3]                                                                                       ; clk          ; clk         ; 0.000        ; 0.038      ; 0.307      ;
; 0.185 ; seg_display:u_seg_display|x_cnt[2]     ; seg_display:u_seg_display|x_cnt[2]                                                                                       ; clk          ; clk         ; 0.000        ; 0.038      ; 0.307      ;
; 0.185 ; seg_display:u_seg_display|x_cnt[1]     ; seg_display:u_seg_display|x_cnt[1]                                                                                       ; clk          ; clk         ; 0.000        ; 0.038      ; 0.307      ;
; 0.185 ; seg_display:u_seg_display|x_cnt[0]     ; seg_display:u_seg_display|x_cnt[0]                                                                                       ; clk          ; clk         ; 0.000        ; 0.038      ; 0.307      ;
; 0.186 ; MCU_uart:u_mcu_uart|state.S_STOP       ; MCU_uart:u_mcu_uart|state.S_STOP                                                                                         ; clk          ; clk         ; 0.000        ; 0.037      ; 0.307      ;
; 0.187 ; seg_display:u_seg_display|state.010    ; seg_display:u_seg_display|state.010                                                                                      ; clk          ; clk         ; 0.000        ; 0.036      ; 0.307      ;
; 0.187 ; MCU_uart:u_mcu_uart|freq_temp[0]       ; MCU_uart:u_mcu_uart|freq_temp[0]                                                                                         ; clk          ; clk         ; 0.000        ; 0.036      ; 0.307      ;
; 0.187 ; MCU_uart:u_mcu_uart|rx_data_reg[0]     ; MCU_uart:u_mcu_uart|rx_data_reg[0]                                                                                       ; clk          ; clk         ; 0.000        ; 0.036      ; 0.307      ;
; 0.187 ; MCU_uart:u_mcu_uart|rx_data_reg[5]     ; MCU_uart:u_mcu_uart|rx_data_reg[5]                                                                                       ; clk          ; clk         ; 0.000        ; 0.036      ; 0.307      ;
; 0.187 ; MCU_uart:u_mcu_uart|rx_data_reg[4]     ; MCU_uart:u_mcu_uart|rx_data_reg[4]                                                                                       ; clk          ; clk         ; 0.000        ; 0.036      ; 0.307      ;
; 0.187 ; MCU_uart:u_mcu_uart|rx_data_reg[3]     ; MCU_uart:u_mcu_uart|rx_data_reg[3]                                                                                       ; clk          ; clk         ; 0.000        ; 0.036      ; 0.307      ;
; 0.187 ; MCU_uart:u_mcu_uart|rx_data_reg[6]     ; MCU_uart:u_mcu_uart|rx_data_reg[6]                                                                                       ; clk          ; clk         ; 0.000        ; 0.036      ; 0.307      ;
; 0.187 ; MCU_uart:u_mcu_uart|rx_data_reg[7]     ; MCU_uart:u_mcu_uart|rx_data_reg[7]                                                                                       ; clk          ; clk         ; 0.000        ; 0.036      ; 0.307      ;
; 0.187 ; MCU_uart:u_mcu_uart|rx_data_reg[2]     ; MCU_uart:u_mcu_uart|rx_data_reg[2]                                                                                       ; clk          ; clk         ; 0.000        ; 0.036      ; 0.307      ;
; 0.187 ; MCU_uart:u_mcu_uart|rx_data_reg[1]     ; MCU_uart:u_mcu_uart|rx_data_reg[1]                                                                                       ; clk          ; clk         ; 0.000        ; 0.036      ; 0.307      ;
; 0.187 ; MCU_uart:u_mcu_uart|bit_cnt[3]         ; MCU_uart:u_mcu_uart|bit_cnt[3]                                                                                           ; clk          ; clk         ; 0.000        ; 0.036      ; 0.307      ;
; 0.187 ; MCU_uart:u_mcu_uart|bit_cnt[1]         ; MCU_uart:u_mcu_uart|bit_cnt[1]                                                                                           ; clk          ; clk         ; 0.000        ; 0.036      ; 0.307      ;
; 0.187 ; MCU_uart:u_mcu_uart|bit_cnt[0]         ; MCU_uart:u_mcu_uart|bit_cnt[0]                                                                                           ; clk          ; clk         ; 0.000        ; 0.036      ; 0.307      ;
; 0.187 ; MCU_uart:u_mcu_uart|bit_cnt[2]         ; MCU_uart:u_mcu_uart|bit_cnt[2]                                                                                           ; clk          ; clk         ; 0.000        ; 0.036      ; 0.307      ;
; 0.201 ; MCU_uart:u_mcu_uart|state.S_START      ; MCU_uart:u_mcu_uart|state.S_DATA                                                                                         ; clk          ; clk         ; 0.000        ; 0.037      ; 0.322      ;
; 0.212 ; seg_display:u_seg_display|x_cnt[0]     ; seg_display:u_seg_display|x_cnt[1]                                                                                       ; clk          ; clk         ; 0.000        ; 0.038      ; 0.334      ;
; 0.287 ; phase[24]                              ; sine_12bit_256:u_rom_sine|altsyncram:altsyncram_component|altsyncram_nq91:auto_generated|ram_block1a0~porta_address_reg0 ; clk          ; clk         ; 0.000        ; 0.227      ; 0.618      ;
; 0.291 ; phase[15]                              ; phase[15]                                                                                                                ; clk          ; clk         ; 0.000        ; 0.037      ; 0.412      ;
; 0.292 ; phase[13]                              ; phase[13]                                                                                                                ; clk          ; clk         ; 0.000        ; 0.037      ; 0.413      ;
; 0.292 ; phase[11]                              ; phase[11]                                                                                                                ; clk          ; clk         ; 0.000        ; 0.037      ; 0.413      ;
; 0.292 ; phase[5]                               ; phase[5]                                                                                                                 ; clk          ; clk         ; 0.000        ; 0.037      ; 0.413      ;
; 0.292 ; phase[3]                               ; phase[3]                                                                                                                 ; clk          ; clk         ; 0.000        ; 0.037      ; 0.413      ;
; 0.293 ; seg_display:u_seg_display|scan_cnt[4]  ; seg_display:u_seg_display|scan_cnt[4]                                                                                    ; clk          ; clk         ; 0.000        ; 0.036      ; 0.413      ;
; 0.293 ; phase[19]                              ; phase[19]                                                                                                                ; clk          ; clk         ; 0.000        ; 0.036      ; 0.413      ;
; 0.293 ; phase[9]                               ; phase[9]                                                                                                                 ; clk          ; clk         ; 0.000        ; 0.037      ; 0.414      ;
; 0.293 ; phase[7]                               ; phase[7]                                                                                                                 ; clk          ; clk         ; 0.000        ; 0.037      ; 0.414      ;
; 0.293 ; phase[6]                               ; phase[6]                                                                                                                 ; clk          ; clk         ; 0.000        ; 0.037      ; 0.414      ;
; 0.294 ; seg_display:u_seg_display|scan_cnt[14] ; seg_display:u_seg_display|scan_cnt[14]                                                                                   ; clk          ; clk         ; 0.000        ; 0.036      ; 0.414      ;
; 0.294 ; seg_display:u_seg_display|scan_cnt[12] ; seg_display:u_seg_display|scan_cnt[12]                                                                                   ; clk          ; clk         ; 0.000        ; 0.036      ; 0.414      ;
; 0.294 ; seg_display:u_seg_display|scan_cnt[6]  ; seg_display:u_seg_display|scan_cnt[6]                                                                                    ; clk          ; clk         ; 0.000        ; 0.036      ; 0.414      ;
; 0.294 ; seg_display:u_seg_display|scan_cnt[2]  ; seg_display:u_seg_display|scan_cnt[2]                                                                                    ; clk          ; clk         ; 0.000        ; 0.036      ; 0.414      ;
; 0.294 ; phase[21]                              ; phase[21]                                                                                                                ; clk          ; clk         ; 0.000        ; 0.036      ; 0.414      ;
; 0.294 ; phase[17]                              ; phase[17]                                                                                                                ; clk          ; clk         ; 0.000        ; 0.036      ; 0.414      ;
; 0.294 ; phase[16]                              ; phase[16]                                                                                                                ; clk          ; clk         ; 0.000        ; 0.036      ; 0.414      ;
; 0.294 ; phase[14]                              ; phase[14]                                                                                                                ; clk          ; clk         ; 0.000        ; 0.037      ; 0.415      ;
; 0.294 ; phase[12]                              ; phase[12]                                                                                                                ; clk          ; clk         ; 0.000        ; 0.037      ; 0.415      ;
; 0.294 ; phase[8]                               ; phase[8]                                                                                                                 ; clk          ; clk         ; 0.000        ; 0.037      ; 0.415      ;
; 0.294 ; phase[4]                               ; phase[4]                                                                                                                 ; clk          ; clk         ; 0.000        ; 0.037      ; 0.415      ;
; 0.294 ; phase[2]                               ; phase[2]                                                                                                                 ; clk          ; clk         ; 0.000        ; 0.037      ; 0.415      ;
; 0.295 ; seg_display:u_seg_display|scan_cnt[10] ; seg_display:u_seg_display|scan_cnt[10]                                                                                   ; clk          ; clk         ; 0.000        ; 0.036      ; 0.415      ;
; 0.295 ; seg_display:u_seg_display|scan_cnt[8]  ; seg_display:u_seg_display|scan_cnt[8]                                                                                    ; clk          ; clk         ; 0.000        ; 0.036      ; 0.415      ;
; 0.295 ; seg_display:u_seg_display|scan_cnt[7]  ; seg_display:u_seg_display|scan_cnt[7]                                                                                    ; clk          ; clk         ; 0.000        ; 0.036      ; 0.415      ;
; 0.295 ; seg_display:u_seg_display|scan_cnt[3]  ; seg_display:u_seg_display|scan_cnt[3]                                                                                    ; clk          ; clk         ; 0.000        ; 0.036      ; 0.415      ;
; 0.295 ; phase[23]                              ; phase[23]                                                                                                                ; clk          ; clk         ; 0.000        ; 0.036      ; 0.415      ;
; 0.295 ; phase[22]                              ; phase[22]                                                                                                                ; clk          ; clk         ; 0.000        ; 0.036      ; 0.415      ;
; 0.295 ; phase[18]                              ; phase[18]                                                                                                                ; clk          ; clk         ; 0.000        ; 0.036      ; 0.415      ;
; 0.295 ; phase[10]                              ; phase[10]                                                                                                                ; clk          ; clk         ; 0.000        ; 0.037      ; 0.416      ;
; 0.296 ; seg_display:u_seg_display|scan_cnt[13] ; seg_display:u_seg_display|scan_cnt[13]                                                                                   ; clk          ; clk         ; 0.000        ; 0.036      ; 0.416      ;
; 0.296 ; seg_display:u_seg_display|scan_cnt[11] ; seg_display:u_seg_display|scan_cnt[11]                                                                                   ; clk          ; clk         ; 0.000        ; 0.036      ; 0.416      ;
; 0.296 ; seg_display:u_seg_display|scan_cnt[9]  ; seg_display:u_seg_display|scan_cnt[9]                                                                                    ; clk          ; clk         ; 0.000        ; 0.036      ; 0.416      ;
; 0.296 ; seg_display:u_seg_display|scan_cnt[5]  ; seg_display:u_seg_display|scan_cnt[5]                                                                                    ; clk          ; clk         ; 0.000        ; 0.036      ; 0.416      ;
; 0.296 ; phase[20]                              ; phase[20]                                                                                                                ; clk          ; clk         ; 0.000        ; 0.036      ; 0.416      ;
; 0.297 ; MCU_uart:u_mcu_uart|state.S_STOP       ; MCU_uart:u_mcu_uart|rx_done_sig                                                                                          ; clk          ; clk         ; 0.000        ; 0.037      ; 0.418      ;
; 0.298 ; phase[1]                               ; phase[1]                                                                                                                 ; clk          ; clk         ; 0.000        ; 0.037      ; 0.419      ;
; 0.299 ; seg_display:u_seg_display|scan_cnt[1]  ; seg_display:u_seg_display|scan_cnt[1]                                                                                    ; clk          ; clk         ; 0.000        ; 0.036      ; 0.419      ;
; 0.303 ; MCU_uart:u_mcu_uart|baud_cnt[15]       ; MCU_uart:u_mcu_uart|baud_cnt[15]                                                                                         ; clk          ; clk         ; 0.000        ; 0.037      ; 0.424      ;
; 0.304 ; MCU_uart:u_mcu_uart|baud_cnt[13]       ; MCU_uart:u_mcu_uart|baud_cnt[13]                                                                                         ; clk          ; clk         ; 0.000        ; 0.037      ; 0.425      ;
; 0.304 ; MCU_uart:u_mcu_uart|baud_cnt[11]       ; MCU_uart:u_mcu_uart|baud_cnt[11]                                                                                         ; clk          ; clk         ; 0.000        ; 0.037      ; 0.425      ;
; 0.304 ; MCU_uart:u_mcu_uart|baud_cnt[5]        ; MCU_uart:u_mcu_uart|baud_cnt[5]                                                                                          ; clk          ; clk         ; 0.000        ; 0.037      ; 0.425      ;
; 0.304 ; MCU_uart:u_mcu_uart|baud_cnt[3]        ; MCU_uart:u_mcu_uart|baud_cnt[3]                                                                                          ; clk          ; clk         ; 0.000        ; 0.037      ; 0.425      ;
; 0.304 ; MCU_uart:u_mcu_uart|baud_cnt[1]        ; MCU_uart:u_mcu_uart|baud_cnt[1]                                                                                          ; clk          ; clk         ; 0.000        ; 0.037      ; 0.425      ;
; 0.304 ; seg_display:u_seg_display|scan_cnt[16] ; seg_display:u_seg_display|scan_cnt[16]                                                                                   ; clk          ; clk         ; 0.000        ; 0.036      ; 0.424      ;
; 0.304 ; phase[31]                              ; phase[31]                                                                                                                ; clk          ; clk         ; 0.000        ; 0.036      ; 0.424      ;
; 0.304 ; phase[26]                              ; sine_12bit_256:u_rom_sine|altsyncram:altsyncram_component|altsyncram_nq91:auto_generated|ram_block1a0~porta_address_reg0 ; clk          ; clk         ; 0.000        ; 0.227      ; 0.635      ;
; 0.305 ; MCU_uart:u_mcu_uart|baud_cnt[9]        ; MCU_uart:u_mcu_uart|baud_cnt[9]                                                                                          ; clk          ; clk         ; 0.000        ; 0.037      ; 0.426      ;
; 0.305 ; MCU_uart:u_mcu_uart|baud_cnt[7]        ; MCU_uart:u_mcu_uart|baud_cnt[7]                                                                                          ; clk          ; clk         ; 0.000        ; 0.037      ; 0.426      ;
; 0.305 ; MCU_uart:u_mcu_uart|baud_cnt[6]        ; MCU_uart:u_mcu_uart|baud_cnt[6]                                                                                          ; clk          ; clk         ; 0.000        ; 0.037      ; 0.426      ;
; 0.305 ; phase[29]                              ; phase[29]                                                                                                                ; clk          ; clk         ; 0.000        ; 0.036      ; 0.425      ;
; 0.305 ; phase[27]                              ; phase[27]                                                                                                                ; clk          ; clk         ; 0.000        ; 0.036      ; 0.425      ;
; 0.306 ; MCU_uart:u_mcu_uart|baud_cnt[14]       ; MCU_uart:u_mcu_uart|baud_cnt[14]                                                                                         ; clk          ; clk         ; 0.000        ; 0.037      ; 0.427      ;
; 0.306 ; MCU_uart:u_mcu_uart|baud_cnt[8]        ; MCU_uart:u_mcu_uart|baud_cnt[8]                                                                                          ; clk          ; clk         ; 0.000        ; 0.037      ; 0.427      ;
; 0.306 ; MCU_uart:u_mcu_uart|baud_cnt[4]        ; MCU_uart:u_mcu_uart|baud_cnt[4]                                                                                          ; clk          ; clk         ; 0.000        ; 0.037      ; 0.427      ;
; 0.306 ; MCU_uart:u_mcu_uart|baud_cnt[2]        ; MCU_uart:u_mcu_uart|baud_cnt[2]                                                                                          ; clk          ; clk         ; 0.000        ; 0.037      ; 0.427      ;
; 0.306 ; phase[30]                              ; sine_12bit_256:u_rom_sine|altsyncram:altsyncram_component|altsyncram_nq91:auto_generated|ram_block1a0~porta_address_reg0 ; clk          ; clk         ; 0.000        ; 0.227      ; 0.637      ;
; 0.306 ; phase[25]                              ; phase[25]                                                                                                                ; clk          ; clk         ; 0.000        ; 0.036      ; 0.426      ;
; 0.307 ; MCU_uart:u_mcu_uart|baud_cnt[12]       ; MCU_uart:u_mcu_uart|baud_cnt[12]                                                                                         ; clk          ; clk         ; 0.000        ; 0.037      ; 0.428      ;
; 0.307 ; MCU_uart:u_mcu_uart|baud_cnt[10]       ; MCU_uart:u_mcu_uart|baud_cnt[10]                                                                                         ; clk          ; clk         ; 0.000        ; 0.037      ; 0.428      ;
; 0.307 ; seg_display:u_seg_display|scan_cnt[15] ; seg_display:u_seg_display|scan_cnt[15]                                                                                   ; clk          ; clk         ; 0.000        ; 0.036      ; 0.427      ;
; 0.307 ; phase[30]                              ; phase[30]                                                                                                                ; clk          ; clk         ; 0.000        ; 0.036      ; 0.427      ;
; 0.307 ; phase[24]                              ; phase[24]                                                                                                                ; clk          ; clk         ; 0.000        ; 0.036      ; 0.427      ;
; 0.308 ; phase[28]                              ; phase[28]                                                                                                                ; clk          ; clk         ; 0.000        ; 0.036      ; 0.428      ;
; 0.308 ; phase[26]                              ; phase[26]                                                                                                                ; clk          ; clk         ; 0.000        ; 0.036      ; 0.428      ;
; 0.313 ; phase[28]                              ; sine_12bit_256:u_rom_sine|altsyncram:altsyncram_component|altsyncram_nq91:auto_generated|ram_block1a0~porta_address_reg0 ; clk          ; clk         ; 0.000        ; 0.227      ; 0.644      ;
; 0.316 ; MCU_uart:u_mcu_uart|baud_cnt[0]        ; MCU_uart:u_mcu_uart|baud_cnt[0]                                                                                          ; clk          ; clk         ; 0.000        ; 0.037      ; 0.437      ;
; 0.319 ; phase[31]                              ; sine_12bit_256:u_rom_sine|altsyncram:altsyncram_component|altsyncram_nq91:auto_generated|ram_block1a0~porta_address_reg0 ; clk          ; clk         ; 0.000        ; 0.227      ; 0.650      ;
; 0.322 ; MCU_uart:u_mcu_uart|rx_data_reg[0]     ; MCU_uart:u_mcu_uart|freq_temp[0]                                                                                         ; clk          ; clk         ; 0.000        ; 0.036      ; 0.442      ;
; 0.323 ; phase[29]                              ; sine_12bit_256:u_rom_sine|altsyncram:altsyncram_component|altsyncram_nq91:auto_generated|ram_block1a0~porta_address_reg0 ; clk          ; clk         ; 0.000        ; 0.227      ; 0.654      ;
; 0.324 ; MCU_uart:u_mcu_uart|bit_cnt[2]         ; MCU_uart:u_mcu_uart|rx_data_reg[5]                                                                                       ; clk          ; clk         ; 0.000        ; 0.036      ; 0.444      ;
; 0.326 ; MCU_uart:u_mcu_uart|state.S_DATA       ; MCU_uart:u_mcu_uart|state.S_STOP                                                                                         ; clk          ; clk         ; 0.000        ; 0.037      ; 0.447      ;
; 0.326 ; phase[25]                              ; sine_12bit_256:u_rom_sine|altsyncram:altsyncram_component|altsyncram_nq91:auto_generated|ram_block1a0~porta_address_reg0 ; clk          ; clk         ; 0.000        ; 0.227      ; 0.657      ;
+-------+----------------------------------------+--------------------------------------------------------------------------------------------------------------------------+--------------+-------------+--------------+------------+------------+


----------------------------------------------
; Fast 1200mV 0C Model Metastability Summary ;
----------------------------------------------
The design MTBF is not calculated because there are no specified synchronizers in the design.
Number of Synchronizer Chains Found: 2
Shortest Synchronizer Chain: 2 Registers
Fraction of Chains for which MTBFs Could Not be Calculated: 1.000
Worst Case Available Settling Time: 19.076 ns




+---------------------------------------------------------------------------------+
; Multicorner Timing Analysis Summary                                             ;
+------------------+-----------+-------+----------+---------+---------------------+
; Clock            ; Setup     ; Hold  ; Recovery ; Removal ; Minimum Pulse Width ;
+------------------+-----------+-------+----------+---------+---------------------+
; Worst-case Slack ; -39.184   ; 0.178 ; N/A      ; N/A     ; 9.373               ;
;  clk             ; -39.184   ; 0.178 ; N/A      ; N/A     ; 9.373               ;
; Design-wide TNS  ; -1905.34  ; 0.0   ; 0.0      ; 0.0     ; 0.0                 ;
;  clk             ; -1905.340 ; 0.000 ; N/A      ; N/A     ; 0.000               ;
+------------------+-----------+-------+----------+---------+---------------------+


+------------------------------------------------------------------------------------------------------------------------------------------------------------------------------------------------------------------------------------------------------------------------------------------------------------------------------------------------------------------------------------------------------------------+
; Board Trace Model Assignments                                                                                                                                                                                                                                                                                                                                                                                    ;
+---------------+--------------+-------------------+-------------------------+-------------------------+---------------+---------------------+----------------+------------------+--------+------------------+------------------------+------------------------+--------------+---------------+-----------------+-------+---------------------+--------------------+---------------+-----------------+-------------+
; Pin           ; I/O Standard ; Near Tline Length ; Near Tline L per Length ; Near Tline C per Length ; Near Series R ; Near Differential R ; Near Pull-up R ; Near Pull-down R ; Near C ; Far Tline Length ; Far Tline L per Length ; Far Tline C per Length ; Far Series R ; Far Pull-up R ; Far Pull-down R ; Far C ; Termination Voltage ; Far Differential R ; EBD File Name ; EBD Signal Name ; EBD Far-end ;
+---------------+--------------+-------------------+-------------------------+-------------------------+---------------+---------------------+----------------+------------------+--------+------------------+------------------------+------------------------+--------------+---------------+-----------------+-------+---------------------+--------------------+---------------+-----------------+-------------+
; led           ; 2.5 V        ; 0 in              ; 0 H/in                  ; 0 F/in                  ; short         ; -                   ; open           ; open             ; open   ; 0 in             ; 0 H/in                 ; 0 F/in                 ; short        ; open          ; open            ; open  ; 0 V                 ; -                  ; n/a           ; n/a             ; n/a         ;
; sine_out[0]   ; 2.5 V        ; 0 in              ; 0 H/in                  ; 0 F/in                  ; short         ; -                   ; open           ; open             ; open   ; 0 in             ; 0 H/in                 ; 0 F/in                 ; short        ; open          ; open            ; open  ; 0 V                 ; -                  ; n/a           ; n/a             ; n/a         ;
; sine_out[1]   ; 2.5 V        ; 0 in              ; 0 H/in                  ; 0 F/in                  ; short         ; -                   ; open           ; open             ; open   ; 0 in             ; 0 H/in                 ; 0 F/in                 ; short        ; open          ; open            ; open  ; 0 V                 ; -                  ; n/a           ; n/a             ; n/a         ;
; sine_out[2]   ; 2.5 V        ; 0 in              ; 0 H/in                  ; 0 F/in                  ; short         ; -                   ; open           ; open             ; open   ; 0 in             ; 0 H/in                 ; 0 F/in                 ; short        ; open          ; open            ; open  ; 0 V                 ; -                  ; n/a           ; n/a             ; n/a         ;
; sine_out[3]   ; 2.5 V        ; 0 in              ; 0 H/in                  ; 0 F/in                  ; short         ; -                   ; open           ; open             ; open   ; 0 in             ; 0 H/in                 ; 0 F/in                 ; short        ; open          ; open            ; open  ; 0 V                 ; -                  ; n/a           ; n/a             ; n/a         ;
; sine_out[4]   ; 2.5 V        ; 0 in              ; 0 H/in                  ; 0 F/in                  ; short         ; -                   ; open           ; open             ; open   ; 0 in             ; 0 H/in                 ; 0 F/in                 ; short        ; open          ; open            ; open  ; 0 V                 ; -                  ; n/a           ; n/a             ; n/a         ;
; sine_out[5]   ; 2.5 V        ; 0 in              ; 0 H/in                  ; 0 F/in                  ; short         ; -                   ; open           ; open             ; open   ; 0 in             ; 0 H/in                 ; 0 F/in                 ; short        ; open          ; open            ; open  ; 0 V                 ; -                  ; n/a           ; n/a             ; n/a         ;
; sine_out[6]   ; 2.5 V        ; 0 in              ; 0 H/in                  ; 0 F/in                  ; short         ; -                   ; open           ; open             ; open   ; 0 in             ; 0 H/in                 ; 0 F/in                 ; short        ; open          ; open            ; open  ; 0 V                 ; -                  ; n/a           ; n/a             ; n/a         ;
; sine_out[7]   ; 2.5 V        ; 0 in              ; 0 H/in                  ; 0 F/in                  ; short         ; -                   ; open           ; open             ; open   ; 0 in             ; 0 H/in                 ; 0 F/in                 ; short        ; open          ; open            ; open  ; 0 V                 ; -                  ; n/a           ; n/a             ; n/a         ;
; sine_out[8]   ; 2.5 V        ; 0 in              ; 0 H/in                  ; 0 F/in                  ; short         ; -                   ; open           ; open             ; open   ; 0 in             ; 0 H/in                 ; 0 F/in                 ; short        ; open          ; open            ; open  ; 0 V                 ; -                  ; n/a           ; n/a             ; n/a         ;
; sine_out[9]   ; 2.5 V        ; 0 in              ; 0 H/in                  ; 0 F/in                  ; short         ; -                   ; open           ; open             ; open   ; 0 in             ; 0 H/in                 ; 0 F/in                 ; short        ; open          ; open            ; open  ; 0 V                 ; -                  ; n/a           ; n/a             ; n/a         ;
; sine_out[10]  ; 2.5 V        ; 0 in              ; 0 H/in                  ; 0 F/in                  ; short         ; -                   ; open           ; open             ; open   ; 0 in             ; 0 H/in                 ; 0 F/in                 ; short        ; open          ; open            ; open  ; 0 V                 ; -                  ; n/a           ; n/a             ; n/a         ;
; sine_out[11]  ; 2.5 V        ; 0 in              ; 0 H/in                  ; 0 F/in                  ; short         ; -                   ; open           ; open             ; open   ; 0 in             ; 0 H/in                 ; 0 F/in                 ; short        ; open          ; open            ; open  ; 0 V                 ; -                  ; n/a           ; n/a             ; n/a         ;
; sine_out[12]  ; 2.5 V        ; 0 in              ; 0 H/in                  ; 0 F/in                  ; short         ; -                   ; open           ; open             ; open   ; 0 in             ; 0 H/in                 ; 0 F/in                 ; short        ; open          ; open            ; open  ; 0 V                 ; -                  ; n/a           ; n/a             ; n/a         ;
; sine_out[13]  ; 2.5 V        ; 0 in              ; 0 H/in                  ; 0 F/in                  ; short         ; -                   ; open           ; open             ; open   ; 0 in             ; 0 H/in                 ; 0 F/in                 ; short        ; open          ; open            ; open  ; 0 V                 ; -                  ; n/a           ; n/a             ; n/a         ;
; seg[0]        ; 2.5 V        ; 0 in              ; 0 H/in                  ; 0 F/in                  ; short         ; -                   ; open           ; open             ; open   ; 0 in             ; 0 H/in                 ; 0 F/in                 ; short        ; open          ; open            ; open  ; 0 V                 ; -                  ; n/a           ; n/a             ; n/a         ;
; seg[1]        ; 2.5 V        ; 0 in              ; 0 H/in                  ; 0 F/in                  ; short         ; -                   ; open           ; open             ; open   ; 0 in             ; 0 H/in                 ; 0 F/in                 ; short        ; open          ; open            ; open  ; 0 V                 ; -                  ; n/a           ; n/a             ; n/a         ;
; seg[2]        ; 2.5 V        ; 0 in              ; 0 H/in                  ; 0 F/in                  ; short         ; -                   ; open           ; open             ; open   ; 0 in             ; 0 H/in                 ; 0 F/in                 ; short        ; open          ; open            ; open  ; 0 V                 ; -                  ; n/a           ; n/a             ; n/a         ;
; seg[3]        ; 2.5 V        ; 0 in              ; 0 H/in                  ; 0 F/in                  ; short         ; -                   ; open           ; open             ; open   ; 0 in             ; 0 H/in                 ; 0 F/in                 ; short        ; open          ; open            ; open  ; 0 V                 ; -                  ; n/a           ; n/a             ; n/a         ;
; seg[4]        ; 2.5 V        ; 0 in              ; 0 H/in                  ; 0 F/in                  ; short         ; -                   ; open           ; open             ; open   ; 0 in             ; 0 H/in                 ; 0 F/in                 ; short        ; open          ; open            ; open  ; 0 V                 ; -                  ; n/a           ; n/a             ; n/a         ;
; seg[5]        ; 2.5 V        ; 0 in              ; 0 H/in                  ; 0 F/in                  ; short         ; -                   ; open           ; open             ; open   ; 0 in             ; 0 H/in                 ; 0 F/in                 ; short        ; open          ; open            ; open  ; 0 V                 ; -                  ; n/a           ; n/a             ; n/a         ;
; seg[6]        ; 2.5 V        ; 0 in              ; 0 H/in                  ; 0 F/in                  ; short         ; -                   ; open           ; open             ; open   ; 0 in             ; 0 H/in                 ; 0 F/in                 ; short        ; open          ; open            ; open  ; 0 V                 ; -                  ; n/a           ; n/a             ; n/a         ;
; seg[7]        ; 2.5 V        ; 0 in              ; 0 H/in                  ; 0 F/in                  ; short         ; -                   ; open           ; open             ; open   ; 0 in             ; 0 H/in                 ; 0 F/in                 ; short        ; open          ; open            ; open  ; 0 V                 ; -                  ; n/a           ; n/a             ; n/a         ;
; sel[0]        ; 2.5 V        ; 0 in              ; 0 H/in                  ; 0 F/in                  ; short         ; -                   ; open           ; open             ; open   ; 0 in             ; 0 H/in                 ; 0 F/in                 ; short        ; open          ; open            ; open  ; 0 V                 ; -                  ; n/a           ; n/a             ; n/a         ;
; sel[1]        ; 2.5 V        ; 0 in              ; 0 H/in                  ; 0 F/in                  ; short         ; -                   ; open           ; open             ; open   ; 0 in             ; 0 H/in                 ; 0 F/in                 ; short        ; open          ; open            ; open  ; 0 V                 ; -                  ; n/a           ; n/a             ; n/a         ;
; sel[2]        ; 2.5 V        ; 0 in              ; 0 H/in                  ; 0 F/in                  ; short         ; -                   ; open           ; open             ; open   ; 0 in             ; 0 H/in                 ; 0 F/in                 ; short        ; open          ; open            ; open  ; 0 V                 ; -                  ; n/a           ; n/a             ; n/a         ;
; sel[3]        ; 2.5 V        ; 0 in              ; 0 H/in                  ; 0 F/in                  ; short         ; -                   ; open           ; open             ; open   ; 0 in             ; 0 H/in                 ; 0 F/in                 ; short        ; open          ; open            ; open  ; 0 V                 ; -                  ; n/a           ; n/a             ; n/a         ;
; out_dacclk    ; 2.5 V        ; 0 in              ; 0 H/in                  ; 0 F/in                  ; short         ; -                   ; open           ; open             ; open   ; 0 in             ; 0 H/in                 ; 0 F/in                 ; short        ; open          ; open            ; open  ; 0 V                 ; -                  ; n/a           ; n/a             ; n/a         ;
; locked        ; 2.5 V        ; 0 in              ; 0 H/in                  ; 0 F/in                  ; short         ; -                   ; open           ; open             ; open   ; 0 in             ; 0 H/in                 ; 0 F/in                 ; short        ; open          ; open            ; open  ; 0 V                 ; -                  ; n/a           ; n/a             ; n/a         ;
; ~ALTERA_DCLK~ ; 2.5 V        ; 0 in              ; 0 H/in                  ; 0 F/in                  ; short         ; -                   ; open           ; open             ; open   ; 0 in             ; 0 H/in                 ; 0 F/in                 ; short        ; open          ; open            ; open  ; 0 V                 ; -                  ; n/a           ; n/a             ; n/a         ;
; ~ALTERA_nCEO~ ; 2.5 V        ; 0 in              ; 0 H/in                  ; 0 F/in                  ; short         ; -                   ; open           ; open             ; open   ; 0 in             ; 0 H/in                 ; 0 F/in                 ; short        ; open          ; open            ; open  ; 0 V                 ; -                  ; n/a           ; n/a             ; n/a         ;
+---------------+--------------+-------------------+-------------------------+-------------------------+---------------+---------------------+----------------+------------------+--------+------------------+------------------------+------------------------+--------------+---------------+-----------------+-------+---------------------+--------------------+---------------+-----------------+-------------+


+----------------------------------------------------------------------------+
; Input Transition Times                                                     ;
+-------------------------+--------------+-----------------+-----------------+
; Pin                     ; I/O Standard ; 10-90 Rise Time ; 90-10 Fall Time ;
+-------------------------+--------------+-----------------+-----------------+
; switch                  ; 2.5 V        ; 2000 ps         ; 2000 ps         ;
; clk                     ; 2.5 V        ; 2000 ps         ; 2000 ps         ;
; rst_n                   ; 2.5 V        ; 2000 ps         ; 2000 ps         ;
; uart_rx                 ; 2.5 V        ; 2000 ps         ; 2000 ps         ;
; ~ALTERA_ASDO_DATA1~     ; 2.5 V        ; 2000 ps         ; 2000 ps         ;
; ~ALTERA_FLASH_nCE_nCSO~ ; 2.5 V        ; 2000 ps         ; 2000 ps         ;
; ~ALTERA_DATA0~          ; 2.5 V        ; 2000 ps         ; 2000 ps         ;
+-------------------------+--------------+-----------------+-----------------+


+--------------------------------------------------------------------------------------------------------------------------------------------------------------------------------------------------------------------------------------------------------------------------------------------------------------------------------------------------------------------------------------------------------------------------------------------------------------------------------------------------------------------------------------------------------------------------------------------------------------------------------------------------------------------------------------------+
; Signal Integrity Metrics (Slow 1200mv 0c Model)                                                                                                                                                                                                                                                                                                                                                                                                                                                                                                                                                                                                                                            ;
+---------------+--------------+---------------------+---------------------+------------------------------+------------------------------+---------------------+---------------------+--------------------------------------+--------------------------------------+-----------------------------+-----------------------------+----------------------------+----------------------------+-----------------------------+-----------------------------+--------------------+--------------------+-------------------------------------+-------------------------------------+----------------------------+----------------------------+---------------------------+---------------------------+
; Pin           ; I/O Standard ; Board Delay on Rise ; Board Delay on Fall ; Steady State Voh at FPGA Pin ; Steady State Vol at FPGA Pin ; Voh Max at FPGA Pin ; Vol Min at FPGA Pin ; Ringback Voltage on Rise at FPGA Pin ; Ringback Voltage on Fall at FPGA Pin ; 10-90 Rise Time at FPGA Pin ; 90-10 Fall Time at FPGA Pin ; Monotonic Rise at FPGA Pin ; Monotonic Fall at FPGA Pin ; Steady State Voh at Far-end ; Steady State Vol at Far-end ; Voh Max at Far-end ; Vol Min at Far-end ; Ringback Voltage on Rise at Far-end ; Ringback Voltage on Fall at Far-end ; 10-90 Rise Time at Far-end ; 90-10 Fall Time at Far-end ; Monotonic Rise at Far-end ; Monotonic Fall at Far-end ;
+---------------+--------------+---------------------+---------------------+------------------------------+------------------------------+---------------------+---------------------+--------------------------------------+--------------------------------------+-----------------------------+-----------------------------+----------------------------+----------------------------+-----------------------------+-----------------------------+--------------------+--------------------+-------------------------------------+-------------------------------------+----------------------------+----------------------------+---------------------------+---------------------------+
; led           ; 2.5 V        ; 0 s                 ; 0 s                 ; 2.32 V                       ; 2.8e-09 V                    ; 2.37 V              ; -0.00373 V          ; 0.104 V                              ; 0.011 V                              ; 4.34e-10 s                  ; 3.82e-10 s                  ; Yes                        ; Yes                        ; 2.32 V                      ; 2.8e-09 V                   ; 2.37 V             ; -0.00373 V         ; 0.104 V                             ; 0.011 V                             ; 4.34e-10 s                 ; 3.82e-10 s                 ; Yes                       ; Yes                       ;
; sine_out[0]   ; 2.5 V        ; 0 s                 ; 0 s                 ; 2.32 V                       ; 2.8e-09 V                    ; 2.37 V              ; -0.00373 V          ; 0.104 V                              ; 0.011 V                              ; 4.34e-10 s                  ; 3.82e-10 s                  ; Yes                        ; Yes                        ; 2.32 V                      ; 2.8e-09 V                   ; 2.37 V             ; -0.00373 V         ; 0.104 V                             ; 0.011 V                             ; 4.34e-10 s                 ; 3.82e-10 s                 ; Yes                       ; Yes                       ;
; sine_out[1]   ; 2.5 V        ; 0 s                 ; 0 s                 ; 2.32 V                       ; 2.8e-09 V                    ; 2.37 V              ; -0.00373 V          ; 0.104 V                              ; 0.011 V                              ; 4.34e-10 s                  ; 3.82e-10 s                  ; Yes                        ; Yes                        ; 2.32 V                      ; 2.8e-09 V                   ; 2.37 V             ; -0.00373 V         ; 0.104 V                             ; 0.011 V                             ; 4.34e-10 s                 ; 3.82e-10 s                 ; Yes                       ; Yes                       ;
; sine_out[2]   ; 2.5 V        ; 0 s                 ; 0 s                 ; 2.32 V                       ; 2.8e-09 V                    ; 2.37 V              ; -0.00373 V          ; 0.104 V                              ; 0.011 V                              ; 4.34e-10 s                  ; 3.82e-10 s                  ; Yes                        ; Yes                        ; 2.32 V                      ; 2.8e-09 V                   ; 2.37 V             ; -0.00373 V         ; 0.104 V                             ; 0.011 V                             ; 4.34e-10 s                 ; 3.82e-10 s                 ; Yes                       ; Yes                       ;
; sine_out[3]   ; 2.5 V        ; 0 s                 ; 0 s                 ; 2.32 V                       ; 2.8e-09 V                    ; 2.37 V              ; -0.00373 V          ; 0.104 V                              ; 0.011 V                              ; 4.34e-10 s                  ; 3.82e-10 s                  ; Yes                        ; Yes                        ; 2.32 V                      ; 2.8e-09 V                   ; 2.37 V             ; -0.00373 V         ; 0.104 V                             ; 0.011 V                             ; 4.34e-10 s                 ; 3.82e-10 s                 ; Yes                       ; Yes                       ;
; sine_out[4]   ; 2.5 V        ; 0 s                 ; 0 s                 ; 2.32 V                       ; 2.8e-09 V                    ; 2.37 V              ; -0.00373 V          ; 0.104 V                              ; 0.011 V                              ; 4.34e-10 s                  ; 3.82e-10 s                  ; Yes                        ; Yes                        ; 2.32 V                      ; 2.8e-09 V                   ; 2.37 V             ; -0.00373 V         ; 0.104 V                             ; 0.011 V                             ; 4.34e-10 s                 ; 3.82e-10 s                 ; Yes                       ; Yes                       ;
; sine_out[5]   ; 2.5 V        ; 0 s                 ; 0 s                 ; 2.32 V                       ; 2.8e-09 V                    ; 2.37 V              ; -0.00373 V          ; 0.104 V                              ; 0.011 V                              ; 4.34e-10 s                  ; 3.82e-10 s                  ; Yes                        ; Yes                        ; 2.32 V                      ; 2.8e-09 V                   ; 2.37 V             ; -0.00373 V         ; 0.104 V                             ; 0.011 V                             ; 4.34e-10 s                 ; 3.82e-10 s                 ; Yes                       ; Yes                       ;
; sine_out[6]   ; 2.5 V        ; 0 s                 ; 0 s                 ; 2.32 V                       ; 2.8e-09 V                    ; 2.37 V              ; -0.00373 V          ; 0.104 V                              ; 0.011 V                              ; 4.34e-10 s                  ; 3.82e-10 s                  ; Yes                        ; Yes                        ; 2.32 V                      ; 2.8e-09 V                   ; 2.37 V             ; -0.00373 V         ; 0.104 V                             ; 0.011 V                             ; 4.34e-10 s                 ; 3.82e-10 s                 ; Yes                       ; Yes                       ;
; sine_out[7]   ; 2.5 V        ; 0 s                 ; 0 s                 ; 2.32 V                       ; 2.8e-09 V                    ; 2.37 V              ; -0.00373 V          ; 0.104 V                              ; 0.011 V                              ; 4.34e-10 s                  ; 3.82e-10 s                  ; Yes                        ; Yes                        ; 2.32 V                      ; 2.8e-09 V                   ; 2.37 V             ; -0.00373 V         ; 0.104 V                             ; 0.011 V                             ; 4.34e-10 s                 ; 3.82e-10 s                 ; Yes                       ; Yes                       ;
; sine_out[8]   ; 2.5 V        ; 0 s                 ; 0 s                 ; 2.32 V                       ; 2.8e-09 V                    ; 2.37 V              ; -0.00373 V          ; 0.104 V                              ; 0.011 V                              ; 4.34e-10 s                  ; 3.82e-10 s                  ; Yes                        ; Yes                        ; 2.32 V                      ; 2.8e-09 V                   ; 2.37 V             ; -0.00373 V         ; 0.104 V                             ; 0.011 V                             ; 4.34e-10 s                 ; 3.82e-10 s                 ; Yes                       ; Yes                       ;
; sine_out[9]   ; 2.5 V        ; 0 s                 ; 0 s                 ; 2.32 V                       ; 2.8e-09 V                    ; 2.37 V              ; -0.00373 V          ; 0.104 V                              ; 0.011 V                              ; 4.34e-10 s                  ; 3.82e-10 s                  ; Yes                        ; Yes                        ; 2.32 V                      ; 2.8e-09 V                   ; 2.37 V             ; -0.00373 V         ; 0.104 V                             ; 0.011 V                             ; 4.34e-10 s                 ; 3.82e-10 s                 ; Yes                       ; Yes                       ;
; sine_out[10]  ; 2.5 V        ; 0 s                 ; 0 s                 ; 2.32 V                       ; 2.8e-09 V                    ; 2.37 V              ; -0.00373 V          ; 0.104 V                              ; 0.011 V                              ; 4.34e-10 s                  ; 3.82e-10 s                  ; Yes                        ; Yes                        ; 2.32 V                      ; 2.8e-09 V                   ; 2.37 V             ; -0.00373 V         ; 0.104 V                             ; 0.011 V                             ; 4.34e-10 s                 ; 3.82e-10 s                 ; Yes                       ; Yes                       ;
; sine_out[11]  ; 2.5 V        ; 0 s                 ; 0 s                 ; 2.32 V                       ; 2.8e-09 V                    ; 2.37 V              ; -0.00373 V          ; 0.104 V                              ; 0.011 V                              ; 4.34e-10 s                  ; 3.82e-10 s                  ; Yes                        ; Yes                        ; 2.32 V                      ; 2.8e-09 V                   ; 2.37 V             ; -0.00373 V         ; 0.104 V                             ; 0.011 V                             ; 4.34e-10 s                 ; 3.82e-10 s                 ; Yes                       ; Yes                       ;
; sine_out[12]  ; 2.5 V        ; 0 s                 ; 0 s                 ; 2.32 V                       ; 2.8e-09 V                    ; 2.37 V              ; -0.00373 V          ; 0.104 V                              ; 0.011 V                              ; 4.34e-10 s                  ; 3.82e-10 s                  ; Yes                        ; Yes                        ; 2.32 V                      ; 2.8e-09 V                   ; 2.37 V             ; -0.00373 V         ; 0.104 V                             ; 0.011 V                             ; 4.34e-10 s                 ; 3.82e-10 s                 ; Yes                       ; Yes                       ;
; sine_out[13]  ; 2.5 V        ; 0 s                 ; 0 s                 ; 2.32 V                       ; 2.8e-09 V                    ; 2.37 V              ; -0.00373 V          ; 0.104 V                              ; 0.011 V                              ; 4.34e-10 s                  ; 3.82e-10 s                  ; Yes                        ; Yes                        ; 2.32 V                      ; 2.8e-09 V                   ; 2.37 V             ; -0.00373 V         ; 0.104 V                             ; 0.011 V                             ; 4.34e-10 s                 ; 3.82e-10 s                 ; Yes                       ; Yes                       ;
; seg[0]        ; 2.5 V        ; 0 s                 ; 0 s                 ; 2.32 V                       ; 2.8e-09 V                    ; 2.37 V              ; -0.00373 V          ; 0.104 V                              ; 0.011 V                              ; 4.34e-10 s                  ; 3.82e-10 s                  ; Yes                        ; Yes                        ; 2.32 V                      ; 2.8e-09 V                   ; 2.37 V             ; -0.00373 V         ; 0.104 V                             ; 0.011 V                             ; 4.34e-10 s                 ; 3.82e-10 s                 ; Yes                       ; Yes                       ;
; seg[1]        ; 2.5 V        ; 0 s                 ; 0 s                 ; 2.32 V                       ; 2.8e-09 V                    ; 2.37 V              ; -0.00373 V          ; 0.104 V                              ; 0.011 V                              ; 4.34e-10 s                  ; 3.82e-10 s                  ; Yes                        ; Yes                        ; 2.32 V                      ; 2.8e-09 V                   ; 2.37 V             ; -0.00373 V         ; 0.104 V                             ; 0.011 V                             ; 4.34e-10 s                 ; 3.82e-10 s                 ; Yes                       ; Yes                       ;
; seg[2]        ; 2.5 V        ; 0 s                 ; 0 s                 ; 2.32 V                       ; 2.8e-09 V                    ; 2.37 V              ; -0.00373 V          ; 0.104 V                              ; 0.011 V                              ; 4.34e-10 s                  ; 3.82e-10 s                  ; Yes                        ; Yes                        ; 2.32 V                      ; 2.8e-09 V                   ; 2.37 V             ; -0.00373 V         ; 0.104 V                             ; 0.011 V                             ; 4.34e-10 s                 ; 3.82e-10 s                 ; Yes                       ; Yes                       ;
; seg[3]        ; 2.5 V        ; 0 s                 ; 0 s                 ; 2.32 V                       ; 2.8e-09 V                    ; 2.37 V              ; -0.00373 V          ; 0.104 V                              ; 0.011 V                              ; 4.34e-10 s                  ; 3.82e-10 s                  ; Yes                        ; Yes                        ; 2.32 V                      ; 2.8e-09 V                   ; 2.37 V             ; -0.00373 V         ; 0.104 V                             ; 0.011 V                             ; 4.34e-10 s                 ; 3.82e-10 s                 ; Yes                       ; Yes                       ;
; seg[4]        ; 2.5 V        ; 0 s                 ; 0 s                 ; 2.32 V                       ; 2.8e-09 V                    ; 2.37 V              ; -0.00373 V          ; 0.104 V                              ; 0.011 V                              ; 4.34e-10 s                  ; 3.82e-10 s                  ; Yes                        ; Yes                        ; 2.32 V                      ; 2.8e-09 V                   ; 2.37 V             ; -0.00373 V         ; 0.104 V                             ; 0.011 V                             ; 4.34e-10 s                 ; 3.82e-10 s                 ; Yes                       ; Yes                       ;
; seg[5]        ; 2.5 V        ; 0 s                 ; 0 s                 ; 2.32 V                       ; 2.8e-09 V                    ; 2.37 V              ; -0.00373 V          ; 0.104 V                              ; 0.011 V                              ; 4.34e-10 s                  ; 3.82e-10 s                  ; Yes                        ; Yes                        ; 2.32 V                      ; 2.8e-09 V                   ; 2.37 V             ; -0.00373 V         ; 0.104 V                             ; 0.011 V                             ; 4.34e-10 s                 ; 3.82e-10 s                 ; Yes                       ; Yes                       ;
; seg[6]        ; 2.5 V        ; 0 s                 ; 0 s                 ; 2.32 V                       ; 2.8e-09 V                    ; 2.37 V              ; -0.00373 V          ; 0.104 V                              ; 0.011 V                              ; 4.34e-10 s                  ; 3.82e-10 s                  ; Yes                        ; Yes                        ; 2.32 V                      ; 2.8e-09 V                   ; 2.37 V             ; -0.00373 V         ; 0.104 V                             ; 0.011 V                             ; 4.34e-10 s                 ; 3.82e-10 s                 ; Yes                       ; Yes                       ;
; seg[7]        ; 2.5 V        ; 0 s                 ; 0 s                 ; 2.32 V                       ; 2.8e-09 V                    ; 2.37 V              ; -0.00373 V          ; 0.104 V                              ; 0.011 V                              ; 4.34e-10 s                  ; 3.82e-10 s                  ; Yes                        ; Yes                        ; 2.32 V                      ; 2.8e-09 V                   ; 2.37 V             ; -0.00373 V         ; 0.104 V                             ; 0.011 V                             ; 4.34e-10 s                 ; 3.82e-10 s                 ; Yes                       ; Yes                       ;
; sel[0]        ; 2.5 V        ; 0 s                 ; 0 s                 ; 2.32 V                       ; 2.8e-09 V                    ; 2.37 V              ; -0.00373 V          ; 0.104 V                              ; 0.011 V                              ; 4.34e-10 s                  ; 3.82e-10 s                  ; Yes                        ; Yes                        ; 2.32 V                      ; 2.8e-09 V                   ; 2.37 V             ; -0.00373 V         ; 0.104 V                             ; 0.011 V                             ; 4.34e-10 s                 ; 3.82e-10 s                 ; Yes                       ; Yes                       ;
; sel[1]        ; 2.5 V        ; 0 s                 ; 0 s                 ; 2.32 V                       ; 2.8e-09 V                    ; 2.33 V              ; -0.00425 V          ; 0.168 V                              ; 0.058 V                              ; 3.12e-09 s                  ; 2.87e-09 s                  ; Yes                        ; Yes                        ; 2.32 V                      ; 2.8e-09 V                   ; 2.33 V             ; -0.00425 V         ; 0.168 V                             ; 0.058 V                             ; 3.12e-09 s                 ; 2.87e-09 s                 ; Yes                       ; Yes                       ;
; sel[2]        ; 2.5 V        ; 0 s                 ; 0 s                 ; 2.32 V                       ; 2.8e-09 V                    ; 2.37 V              ; -0.00373 V          ; 0.104 V                              ; 0.011 V                              ; 4.34e-10 s                  ; 3.82e-10 s                  ; Yes                        ; Yes                        ; 2.32 V                      ; 2.8e-09 V                   ; 2.37 V             ; -0.00373 V         ; 0.104 V                             ; 0.011 V                             ; 4.34e-10 s                 ; 3.82e-10 s                 ; Yes                       ; Yes                       ;
; sel[3]        ; 2.5 V        ; 0 s                 ; 0 s                 ; 2.32 V                       ; 2.07e-09 V                   ; 2.38 V              ; -0.0073 V           ; 0.097 V                              ; 0.018 V                              ; 4.24e-10 s                  ; 3.65e-10 s                  ; No                         ; Yes                        ; 2.32 V                      ; 2.07e-09 V                  ; 2.38 V             ; -0.0073 V          ; 0.097 V                             ; 0.018 V                             ; 4.24e-10 s                 ; 3.65e-10 s                 ; No                        ; Yes                       ;
; out_dacclk    ; 2.5 V        ; 0 s                 ; 0 s                 ; 2.32 V                       ; 2.8e-09 V                    ; 2.37 V              ; -0.00373 V          ; 0.104 V                              ; 0.011 V                              ; 4.34e-10 s                  ; 3.82e-10 s                  ; Yes                        ; Yes                        ; 2.32 V                      ; 2.8e-09 V                   ; 2.37 V             ; -0.00373 V         ; 0.104 V                             ; 0.011 V                             ; 4.34e-10 s                 ; 3.82e-10 s                 ; Yes                       ; Yes                       ;
; locked        ; 2.5 V        ; 0 s                 ; 0 s                 ; 2.32 V                       ; 2.07e-09 V                   ; 2.36 V              ; -0.00737 V          ; 0.209 V                              ; 0.012 V                              ; 5.22e-10 s                  ; 5.33e-10 s                  ; Yes                        ; Yes                        ; 2.32 V                      ; 2.07e-09 V                  ; 2.36 V             ; -0.00737 V         ; 0.209 V                             ; 0.012 V                             ; 5.22e-10 s                 ; 5.33e-10 s                 ; Yes                       ; Yes                       ;
; ~ALTERA_DCLK~ ; 2.5 V        ; 0 s                 ; 0 s                 ; 2.32 V                       ; 1.74e-09 V                   ; 2.37 V              ; -0.0346 V           ; 0.198 V                              ; 0.094 V                              ; 3.14e-10 s                  ; 2.92e-10 s                  ; Yes                        ; Yes                        ; 2.32 V                      ; 1.74e-09 V                  ; 2.37 V             ; -0.0346 V          ; 0.198 V                             ; 0.094 V                             ; 3.14e-10 s                 ; 2.92e-10 s                 ; Yes                       ; Yes                       ;
; ~ALTERA_nCEO~ ; 2.5 V        ; 0 s                 ; 0 s                 ; 2.32 V                       ; 2.57e-09 V                   ; 2.37 V              ; -0.00683 V          ; 0.171 V                              ; 0.018 V                              ; 4.97e-10 s                  ; 6.66e-10 s                  ; Yes                        ; Yes                        ; 2.32 V                      ; 2.57e-09 V                  ; 2.37 V             ; -0.00683 V         ; 0.171 V                             ; 0.018 V                             ; 4.97e-10 s                 ; 6.66e-10 s                 ; Yes                       ; Yes                       ;
+---------------+--------------+---------------------+---------------------+------------------------------+------------------------------+---------------------+---------------------+--------------------------------------+--------------------------------------+-----------------------------+-----------------------------+----------------------------+----------------------------+-----------------------------+-----------------------------+--------------------+--------------------+-------------------------------------+-------------------------------------+----------------------------+----------------------------+---------------------------+---------------------------+


+--------------------------------------------------------------------------------------------------------------------------------------------------------------------------------------------------------------------------------------------------------------------------------------------------------------------------------------------------------------------------------------------------------------------------------------------------------------------------------------------------------------------------------------------------------------------------------------------------------------------------------------------------------------------------------------------+
; Signal Integrity Metrics (Slow 1200mv 85c Model)                                                                                                                                                                                                                                                                                                                                                                                                                                                                                                                                                                                                                                           ;
+---------------+--------------+---------------------+---------------------+------------------------------+------------------------------+---------------------+---------------------+--------------------------------------+--------------------------------------+-----------------------------+-----------------------------+----------------------------+----------------------------+-----------------------------+-----------------------------+--------------------+--------------------+-------------------------------------+-------------------------------------+----------------------------+----------------------------+---------------------------+---------------------------+
; Pin           ; I/O Standard ; Board Delay on Rise ; Board Delay on Fall ; Steady State Voh at FPGA Pin ; Steady State Vol at FPGA Pin ; Voh Max at FPGA Pin ; Vol Min at FPGA Pin ; Ringback Voltage on Rise at FPGA Pin ; Ringback Voltage on Fall at FPGA Pin ; 10-90 Rise Time at FPGA Pin ; 90-10 Fall Time at FPGA Pin ; Monotonic Rise at FPGA Pin ; Monotonic Fall at FPGA Pin ; Steady State Voh at Far-end ; Steady State Vol at Far-end ; Voh Max at Far-end ; Vol Min at Far-end ; Ringback Voltage on Rise at Far-end ; Ringback Voltage on Fall at Far-end ; 10-90 Rise Time at Far-end ; 90-10 Fall Time at Far-end ; Monotonic Rise at Far-end ; Monotonic Fall at Far-end ;
+---------------+--------------+---------------------+---------------------+------------------------------+------------------------------+---------------------+---------------------+--------------------------------------+--------------------------------------+-----------------------------+-----------------------------+----------------------------+----------------------------+-----------------------------+-----------------------------+--------------------+--------------------+-------------------------------------+-------------------------------------+----------------------------+----------------------------+---------------------------+---------------------------+
; led           ; 2.5 V        ; 0 s                 ; 0 s                 ; 2.32 V                       ; 2.85e-07 V                   ; 2.35 V              ; -0.0123 V           ; 0.144 V                              ; 0.042 V                              ; 4.81e-10 s                  ; 4.81e-10 s                  ; Yes                        ; Yes                        ; 2.32 V                      ; 2.85e-07 V                  ; 2.35 V             ; -0.0123 V          ; 0.144 V                             ; 0.042 V                             ; 4.81e-10 s                 ; 4.81e-10 s                 ; Yes                       ; Yes                       ;
; sine_out[0]   ; 2.5 V        ; 0 s                 ; 0 s                 ; 2.32 V                       ; 2.85e-07 V                   ; 2.35 V              ; -0.0123 V           ; 0.144 V                              ; 0.042 V                              ; 4.81e-10 s                  ; 4.81e-10 s                  ; Yes                        ; Yes                        ; 2.32 V                      ; 2.85e-07 V                  ; 2.35 V             ; -0.0123 V          ; 0.144 V                             ; 0.042 V                             ; 4.81e-10 s                 ; 4.81e-10 s                 ; Yes                       ; Yes                       ;
; sine_out[1]   ; 2.5 V        ; 0 s                 ; 0 s                 ; 2.32 V                       ; 2.85e-07 V                   ; 2.35 V              ; -0.0123 V           ; 0.144 V                              ; 0.042 V                              ; 4.81e-10 s                  ; 4.81e-10 s                  ; Yes                        ; Yes                        ; 2.32 V                      ; 2.85e-07 V                  ; 2.35 V             ; -0.0123 V          ; 0.144 V                             ; 0.042 V                             ; 4.81e-10 s                 ; 4.81e-10 s                 ; Yes                       ; Yes                       ;
; sine_out[2]   ; 2.5 V        ; 0 s                 ; 0 s                 ; 2.32 V                       ; 2.85e-07 V                   ; 2.35 V              ; -0.0123 V           ; 0.144 V                              ; 0.042 V                              ; 4.81e-10 s                  ; 4.81e-10 s                  ; Yes                        ; Yes                        ; 2.32 V                      ; 2.85e-07 V                  ; 2.35 V             ; -0.0123 V          ; 0.144 V                             ; 0.042 V                             ; 4.81e-10 s                 ; 4.81e-10 s                 ; Yes                       ; Yes                       ;
; sine_out[3]   ; 2.5 V        ; 0 s                 ; 0 s                 ; 2.32 V                       ; 2.85e-07 V                   ; 2.35 V              ; -0.0123 V           ; 0.144 V                              ; 0.042 V                              ; 4.81e-10 s                  ; 4.81e-10 s                  ; Yes                        ; Yes                        ; 2.32 V                      ; 2.85e-07 V                  ; 2.35 V             ; -0.0123 V          ; 0.144 V                             ; 0.042 V                             ; 4.81e-10 s                 ; 4.81e-10 s                 ; Yes                       ; Yes                       ;
; sine_out[4]   ; 2.5 V        ; 0 s                 ; 0 s                 ; 2.32 V                       ; 2.85e-07 V                   ; 2.35 V              ; -0.0123 V           ; 0.144 V                              ; 0.042 V                              ; 4.81e-10 s                  ; 4.81e-10 s                  ; Yes                        ; Yes                        ; 2.32 V                      ; 2.85e-07 V                  ; 2.35 V             ; -0.0123 V          ; 0.144 V                             ; 0.042 V                             ; 4.81e-10 s                 ; 4.81e-10 s                 ; Yes                       ; Yes                       ;
; sine_out[5]   ; 2.5 V        ; 0 s                 ; 0 s                 ; 2.32 V                       ; 2.85e-07 V                   ; 2.35 V              ; -0.0123 V           ; 0.144 V                              ; 0.042 V                              ; 4.81e-10 s                  ; 4.81e-10 s                  ; Yes                        ; Yes                        ; 2.32 V                      ; 2.85e-07 V                  ; 2.35 V             ; -0.0123 V          ; 0.144 V                             ; 0.042 V                             ; 4.81e-10 s                 ; 4.81e-10 s                 ; Yes                       ; Yes                       ;
; sine_out[6]   ; 2.5 V        ; 0 s                 ; 0 s                 ; 2.32 V                       ; 2.85e-07 V                   ; 2.35 V              ; -0.0123 V           ; 0.144 V                              ; 0.042 V                              ; 4.81e-10 s                  ; 4.81e-10 s                  ; Yes                        ; Yes                        ; 2.32 V                      ; 2.85e-07 V                  ; 2.35 V             ; -0.0123 V          ; 0.144 V                             ; 0.042 V                             ; 4.81e-10 s                 ; 4.81e-10 s                 ; Yes                       ; Yes                       ;
; sine_out[7]   ; 2.5 V        ; 0 s                 ; 0 s                 ; 2.32 V                       ; 2.85e-07 V                   ; 2.35 V              ; -0.0123 V           ; 0.144 V                              ; 0.042 V                              ; 4.81e-10 s                  ; 4.81e-10 s                  ; Yes                        ; Yes                        ; 2.32 V                      ; 2.85e-07 V                  ; 2.35 V             ; -0.0123 V          ; 0.144 V                             ; 0.042 V                             ; 4.81e-10 s                 ; 4.81e-10 s                 ; Yes                       ; Yes                       ;
; sine_out[8]   ; 2.5 V        ; 0 s                 ; 0 s                 ; 2.32 V                       ; 2.85e-07 V                   ; 2.35 V              ; -0.0123 V           ; 0.144 V                              ; 0.042 V                              ; 4.81e-10 s                  ; 4.81e-10 s                  ; Yes                        ; Yes                        ; 2.32 V                      ; 2.85e-07 V                  ; 2.35 V             ; -0.0123 V          ; 0.144 V                             ; 0.042 V                             ; 4.81e-10 s                 ; 4.81e-10 s                 ; Yes                       ; Yes                       ;
; sine_out[9]   ; 2.5 V        ; 0 s                 ; 0 s                 ; 2.32 V                       ; 2.85e-07 V                   ; 2.35 V              ; -0.0123 V           ; 0.144 V                              ; 0.042 V                              ; 4.81e-10 s                  ; 4.81e-10 s                  ; Yes                        ; Yes                        ; 2.32 V                      ; 2.85e-07 V                  ; 2.35 V             ; -0.0123 V          ; 0.144 V                             ; 0.042 V                             ; 4.81e-10 s                 ; 4.81e-10 s                 ; Yes                       ; Yes                       ;
; sine_out[10]  ; 2.5 V        ; 0 s                 ; 0 s                 ; 2.32 V                       ; 2.85e-07 V                   ; 2.35 V              ; -0.0123 V           ; 0.144 V                              ; 0.042 V                              ; 4.81e-10 s                  ; 4.81e-10 s                  ; Yes                        ; Yes                        ; 2.32 V                      ; 2.85e-07 V                  ; 2.35 V             ; -0.0123 V          ; 0.144 V                             ; 0.042 V                             ; 4.81e-10 s                 ; 4.81e-10 s                 ; Yes                       ; Yes                       ;
; sine_out[11]  ; 2.5 V        ; 0 s                 ; 0 s                 ; 2.32 V                       ; 2.85e-07 V                   ; 2.35 V              ; -0.0123 V           ; 0.144 V                              ; 0.042 V                              ; 4.81e-10 s                  ; 4.81e-10 s                  ; Yes                        ; Yes                        ; 2.32 V                      ; 2.85e-07 V                  ; 2.35 V             ; -0.0123 V          ; 0.144 V                             ; 0.042 V                             ; 4.81e-10 s                 ; 4.81e-10 s                 ; Yes                       ; Yes                       ;
; sine_out[12]  ; 2.5 V        ; 0 s                 ; 0 s                 ; 2.32 V                       ; 2.85e-07 V                   ; 2.35 V              ; -0.0123 V           ; 0.144 V                              ; 0.042 V                              ; 4.81e-10 s                  ; 4.81e-10 s                  ; Yes                        ; Yes                        ; 2.32 V                      ; 2.85e-07 V                  ; 2.35 V             ; -0.0123 V          ; 0.144 V                             ; 0.042 V                             ; 4.81e-10 s                 ; 4.81e-10 s                 ; Yes                       ; Yes                       ;
; sine_out[13]  ; 2.5 V        ; 0 s                 ; 0 s                 ; 2.32 V                       ; 2.85e-07 V                   ; 2.35 V              ; -0.0123 V           ; 0.144 V                              ; 0.042 V                              ; 4.81e-10 s                  ; 4.81e-10 s                  ; Yes                        ; Yes                        ; 2.32 V                      ; 2.85e-07 V                  ; 2.35 V             ; -0.0123 V          ; 0.144 V                             ; 0.042 V                             ; 4.81e-10 s                 ; 4.81e-10 s                 ; Yes                       ; Yes                       ;
; seg[0]        ; 2.5 V        ; 0 s                 ; 0 s                 ; 2.32 V                       ; 2.85e-07 V                   ; 2.35 V              ; -0.0123 V           ; 0.144 V                              ; 0.042 V                              ; 4.81e-10 s                  ; 4.81e-10 s                  ; Yes                        ; Yes                        ; 2.32 V                      ; 2.85e-07 V                  ; 2.35 V             ; -0.0123 V          ; 0.144 V                             ; 0.042 V                             ; 4.81e-10 s                 ; 4.81e-10 s                 ; Yes                       ; Yes                       ;
; seg[1]        ; 2.5 V        ; 0 s                 ; 0 s                 ; 2.32 V                       ; 2.85e-07 V                   ; 2.35 V              ; -0.0123 V           ; 0.144 V                              ; 0.042 V                              ; 4.81e-10 s                  ; 4.81e-10 s                  ; Yes                        ; Yes                        ; 2.32 V                      ; 2.85e-07 V                  ; 2.35 V             ; -0.0123 V          ; 0.144 V                             ; 0.042 V                             ; 4.81e-10 s                 ; 4.81e-10 s                 ; Yes                       ; Yes                       ;
; seg[2]        ; 2.5 V        ; 0 s                 ; 0 s                 ; 2.32 V                       ; 2.85e-07 V                   ; 2.35 V              ; -0.0123 V           ; 0.144 V                              ; 0.042 V                              ; 4.81e-10 s                  ; 4.81e-10 s                  ; Yes                        ; Yes                        ; 2.32 V                      ; 2.85e-07 V                  ; 2.35 V             ; -0.0123 V          ; 0.144 V                             ; 0.042 V                             ; 4.81e-10 s                 ; 4.81e-10 s                 ; Yes                       ; Yes                       ;
; seg[3]        ; 2.5 V        ; 0 s                 ; 0 s                 ; 2.32 V                       ; 2.85e-07 V                   ; 2.35 V              ; -0.0123 V           ; 0.144 V                              ; 0.042 V                              ; 4.81e-10 s                  ; 4.81e-10 s                  ; Yes                        ; Yes                        ; 2.32 V                      ; 2.85e-07 V                  ; 2.35 V             ; -0.0123 V          ; 0.144 V                             ; 0.042 V                             ; 4.81e-10 s                 ; 4.81e-10 s                 ; Yes                       ; Yes                       ;
; seg[4]        ; 2.5 V        ; 0 s                 ; 0 s                 ; 2.32 V                       ; 2.85e-07 V                   ; 2.35 V              ; -0.0123 V           ; 0.144 V                              ; 0.042 V                              ; 4.81e-10 s                  ; 4.81e-10 s                  ; Yes                        ; Yes                        ; 2.32 V                      ; 2.85e-07 V                  ; 2.35 V             ; -0.0123 V          ; 0.144 V                             ; 0.042 V                             ; 4.81e-10 s                 ; 4.81e-10 s                 ; Yes                       ; Yes                       ;
; seg[5]        ; 2.5 V        ; 0 s                 ; 0 s                 ; 2.32 V                       ; 2.85e-07 V                   ; 2.35 V              ; -0.0123 V           ; 0.144 V                              ; 0.042 V                              ; 4.81e-10 s                  ; 4.81e-10 s                  ; Yes                        ; Yes                        ; 2.32 V                      ; 2.85e-07 V                  ; 2.35 V             ; -0.0123 V          ; 0.144 V                             ; 0.042 V                             ; 4.81e-10 s                 ; 4.81e-10 s                 ; Yes                       ; Yes                       ;
; seg[6]        ; 2.5 V        ; 0 s                 ; 0 s                 ; 2.32 V                       ; 2.85e-07 V                   ; 2.35 V              ; -0.0123 V           ; 0.144 V                              ; 0.042 V                              ; 4.81e-10 s                  ; 4.81e-10 s                  ; Yes                        ; Yes                        ; 2.32 V                      ; 2.85e-07 V                  ; 2.35 V             ; -0.0123 V          ; 0.144 V                             ; 0.042 V                             ; 4.81e-10 s                 ; 4.81e-10 s                 ; Yes                       ; Yes                       ;
; seg[7]        ; 2.5 V        ; 0 s                 ; 0 s                 ; 2.32 V                       ; 2.85e-07 V                   ; 2.35 V              ; -0.0123 V           ; 0.144 V                              ; 0.042 V                              ; 4.81e-10 s                  ; 4.81e-10 s                  ; Yes                        ; Yes                        ; 2.32 V                      ; 2.85e-07 V                  ; 2.35 V             ; -0.0123 V          ; 0.144 V                             ; 0.042 V                             ; 4.81e-10 s                 ; 4.81e-10 s                 ; Yes                       ; Yes                       ;
; sel[0]        ; 2.5 V        ; 0 s                 ; 0 s                 ; 2.32 V                       ; 2.85e-07 V                   ; 2.35 V              ; -0.0123 V           ; 0.144 V                              ; 0.042 V                              ; 4.81e-10 s                  ; 4.81e-10 s                  ; Yes                        ; Yes                        ; 2.32 V                      ; 2.85e-07 V                  ; 2.35 V             ; -0.0123 V          ; 0.144 V                             ; 0.042 V                             ; 4.81e-10 s                 ; 4.81e-10 s                 ; Yes                       ; Yes                       ;
; sel[1]        ; 2.5 V        ; 0 s                 ; 0 s                 ; 2.32 V                       ; 2.85e-07 V                   ; 2.33 V              ; -0.00229 V          ; 0.111 V                              ; 0.057 V                              ; 3.78e-09 s                  ; 3.5e-09 s                   ; Yes                        ; Yes                        ; 2.32 V                      ; 2.85e-07 V                  ; 2.33 V             ; -0.00229 V         ; 0.111 V                             ; 0.057 V                             ; 3.78e-09 s                 ; 3.5e-09 s                  ; Yes                       ; Yes                       ;
; sel[2]        ; 2.5 V        ; 0 s                 ; 0 s                 ; 2.32 V                       ; 2.85e-07 V                   ; 2.35 V              ; -0.0123 V           ; 0.144 V                              ; 0.042 V                              ; 4.81e-10 s                  ; 4.81e-10 s                  ; Yes                        ; Yes                        ; 2.32 V                      ; 2.85e-07 V                  ; 2.35 V             ; -0.0123 V          ; 0.144 V                             ; 0.042 V                             ; 4.81e-10 s                 ; 4.81e-10 s                 ; Yes                       ; Yes                       ;
; sel[3]        ; 2.5 V        ; 0 s                 ; 0 s                 ; 2.32 V                       ; 1.93e-07 V                   ; 2.35 V              ; -0.00834 V          ; 0.127 V                              ; 0.035 V                              ; 4.7e-10 s                   ; 4.64e-10 s                  ; Yes                        ; Yes                        ; 2.32 V                      ; 1.93e-07 V                  ; 2.35 V             ; -0.00834 V         ; 0.127 V                             ; 0.035 V                             ; 4.7e-10 s                  ; 4.64e-10 s                 ; Yes                       ; Yes                       ;
; out_dacclk    ; 2.5 V        ; 0 s                 ; 0 s                 ; 2.32 V                       ; 2.85e-07 V                   ; 2.35 V              ; -0.0123 V           ; 0.144 V                              ; 0.042 V                              ; 4.81e-10 s                  ; 4.81e-10 s                  ; Yes                        ; Yes                        ; 2.32 V                      ; 2.85e-07 V                  ; 2.35 V             ; -0.0123 V          ; 0.144 V                             ; 0.042 V                             ; 4.81e-10 s                 ; 4.81e-10 s                 ; Yes                       ; Yes                       ;
; locked        ; 2.5 V        ; 0 s                 ; 0 s                 ; 2.32 V                       ; 1.93e-07 V                   ; 2.34 V              ; -0.00869 V          ; 0.14 V                               ; 0.046 V                              ; 6.89e-10 s                  ; 6.56e-10 s                  ; Yes                        ; Yes                        ; 2.32 V                      ; 1.93e-07 V                  ; 2.34 V             ; -0.00869 V         ; 0.14 V                              ; 0.046 V                             ; 6.89e-10 s                 ; 6.56e-10 s                 ; Yes                       ; Yes                       ;
; ~ALTERA_DCLK~ ; 2.5 V        ; 0 s                 ; 0 s                 ; 2.32 V                       ; 1.55e-07 V                   ; 2.35 V              ; -0.00221 V          ; 0.097 V                              ; 0.005 V                              ; 4.49e-10 s                  ; 3.85e-10 s                  ; Yes                        ; Yes                        ; 2.32 V                      ; 1.55e-07 V                  ; 2.35 V             ; -0.00221 V         ; 0.097 V                             ; 0.005 V                             ; 4.49e-10 s                 ; 3.85e-10 s                 ; Yes                       ; Yes                       ;
; ~ALTERA_nCEO~ ; 2.5 V        ; 0 s                 ; 0 s                 ; 2.32 V                       ; 2.54e-07 V                   ; 2.34 V              ; -0.00774 V          ; 0.109 V                              ; 0.026 V                              ; 6.58e-10 s                  ; 8.24e-10 s                  ; Yes                        ; Yes                        ; 2.32 V                      ; 2.54e-07 V                  ; 2.34 V             ; -0.00774 V         ; 0.109 V                             ; 0.026 V                             ; 6.58e-10 s                 ; 8.24e-10 s                 ; Yes                       ; Yes                       ;
+---------------+--------------+---------------------+---------------------+------------------------------+------------------------------+---------------------+---------------------+--------------------------------------+--------------------------------------+-----------------------------+-----------------------------+----------------------------+----------------------------+-----------------------------+-----------------------------+--------------------+--------------------+-------------------------------------+-------------------------------------+----------------------------+----------------------------+---------------------------+---------------------------+


+--------------------------------------------------------------------------------------------------------------------------------------------------------------------------------------------------------------------------------------------------------------------------------------------------------------------------------------------------------------------------------------------------------------------------------------------------------------------------------------------------------------------------------------------------------------------------------------------------------------------------------------------------------------------------------------------+
; Signal Integrity Metrics (Fast 1200mv 0c Model)                                                                                                                                                                                                                                                                                                                                                                                                                                                                                                                                                                                                                                            ;
+---------------+--------------+---------------------+---------------------+------------------------------+------------------------------+---------------------+---------------------+--------------------------------------+--------------------------------------+-----------------------------+-----------------------------+----------------------------+----------------------------+-----------------------------+-----------------------------+--------------------+--------------------+-------------------------------------+-------------------------------------+----------------------------+----------------------------+---------------------------+---------------------------+
; Pin           ; I/O Standard ; Board Delay on Rise ; Board Delay on Fall ; Steady State Voh at FPGA Pin ; Steady State Vol at FPGA Pin ; Voh Max at FPGA Pin ; Vol Min at FPGA Pin ; Ringback Voltage on Rise at FPGA Pin ; Ringback Voltage on Fall at FPGA Pin ; 10-90 Rise Time at FPGA Pin ; 90-10 Fall Time at FPGA Pin ; Monotonic Rise at FPGA Pin ; Monotonic Fall at FPGA Pin ; Steady State Voh at Far-end ; Steady State Vol at Far-end ; Voh Max at Far-end ; Vol Min at Far-end ; Ringback Voltage on Rise at Far-end ; Ringback Voltage on Fall at Far-end ; 10-90 Rise Time at Far-end ; 90-10 Fall Time at Far-end ; Monotonic Rise at Far-end ; Monotonic Fall at Far-end ;
+---------------+--------------+---------------------+---------------------+------------------------------+------------------------------+---------------------+---------------------+--------------------------------------+--------------------------------------+-----------------------------+-----------------------------+----------------------------+----------------------------+-----------------------------+-----------------------------+--------------------+--------------------+-------------------------------------+-------------------------------------+----------------------------+----------------------------+---------------------------+---------------------------+
; led           ; 2.5 V        ; 0 s                 ; 0 s                 ; 2.62 V                       ; 4.05e-08 V                   ; 2.72 V              ; -0.0349 V           ; 0.173 V                              ; 0.1 V                                ; 2.72e-10 s                  ; 2.69e-10 s                  ; Yes                        ; Yes                        ; 2.62 V                      ; 4.05e-08 V                  ; 2.72 V             ; -0.0349 V          ; 0.173 V                             ; 0.1 V                               ; 2.72e-10 s                 ; 2.69e-10 s                 ; Yes                       ; Yes                       ;
; sine_out[0]   ; 2.5 V        ; 0 s                 ; 0 s                 ; 2.62 V                       ; 4.05e-08 V                   ; 2.72 V              ; -0.0349 V           ; 0.173 V                              ; 0.1 V                                ; 2.72e-10 s                  ; 2.69e-10 s                  ; Yes                        ; Yes                        ; 2.62 V                      ; 4.05e-08 V                  ; 2.72 V             ; -0.0349 V          ; 0.173 V                             ; 0.1 V                               ; 2.72e-10 s                 ; 2.69e-10 s                 ; Yes                       ; Yes                       ;
; sine_out[1]   ; 2.5 V        ; 0 s                 ; 0 s                 ; 2.62 V                       ; 4.05e-08 V                   ; 2.72 V              ; -0.0349 V           ; 0.173 V                              ; 0.1 V                                ; 2.72e-10 s                  ; 2.69e-10 s                  ; Yes                        ; Yes                        ; 2.62 V                      ; 4.05e-08 V                  ; 2.72 V             ; -0.0349 V          ; 0.173 V                             ; 0.1 V                               ; 2.72e-10 s                 ; 2.69e-10 s                 ; Yes                       ; Yes                       ;
; sine_out[2]   ; 2.5 V        ; 0 s                 ; 0 s                 ; 2.62 V                       ; 4.05e-08 V                   ; 2.72 V              ; -0.0349 V           ; 0.173 V                              ; 0.1 V                                ; 2.72e-10 s                  ; 2.69e-10 s                  ; Yes                        ; Yes                        ; 2.62 V                      ; 4.05e-08 V                  ; 2.72 V             ; -0.0349 V          ; 0.173 V                             ; 0.1 V                               ; 2.72e-10 s                 ; 2.69e-10 s                 ; Yes                       ; Yes                       ;
; sine_out[3]   ; 2.5 V        ; 0 s                 ; 0 s                 ; 2.62 V                       ; 4.05e-08 V                   ; 2.72 V              ; -0.0349 V           ; 0.173 V                              ; 0.1 V                                ; 2.72e-10 s                  ; 2.69e-10 s                  ; Yes                        ; Yes                        ; 2.62 V                      ; 4.05e-08 V                  ; 2.72 V             ; -0.0349 V          ; 0.173 V                             ; 0.1 V                               ; 2.72e-10 s                 ; 2.69e-10 s                 ; Yes                       ; Yes                       ;
; sine_out[4]   ; 2.5 V        ; 0 s                 ; 0 s                 ; 2.62 V                       ; 4.05e-08 V                   ; 2.72 V              ; -0.0349 V           ; 0.173 V                              ; 0.1 V                                ; 2.72e-10 s                  ; 2.69e-10 s                  ; Yes                        ; Yes                        ; 2.62 V                      ; 4.05e-08 V                  ; 2.72 V             ; -0.0349 V          ; 0.173 V                             ; 0.1 V                               ; 2.72e-10 s                 ; 2.69e-10 s                 ; Yes                       ; Yes                       ;
; sine_out[5]   ; 2.5 V        ; 0 s                 ; 0 s                 ; 2.62 V                       ; 4.05e-08 V                   ; 2.72 V              ; -0.0349 V           ; 0.173 V                              ; 0.1 V                                ; 2.72e-10 s                  ; 2.69e-10 s                  ; Yes                        ; Yes                        ; 2.62 V                      ; 4.05e-08 V                  ; 2.72 V             ; -0.0349 V          ; 0.173 V                             ; 0.1 V                               ; 2.72e-10 s                 ; 2.69e-10 s                 ; Yes                       ; Yes                       ;
; sine_out[6]   ; 2.5 V        ; 0 s                 ; 0 s                 ; 2.62 V                       ; 4.05e-08 V                   ; 2.72 V              ; -0.0349 V           ; 0.173 V                              ; 0.1 V                                ; 2.72e-10 s                  ; 2.69e-10 s                  ; Yes                        ; Yes                        ; 2.62 V                      ; 4.05e-08 V                  ; 2.72 V             ; -0.0349 V          ; 0.173 V                             ; 0.1 V                               ; 2.72e-10 s                 ; 2.69e-10 s                 ; Yes                       ; Yes                       ;
; sine_out[7]   ; 2.5 V        ; 0 s                 ; 0 s                 ; 2.62 V                       ; 4.05e-08 V                   ; 2.72 V              ; -0.0349 V           ; 0.173 V                              ; 0.1 V                                ; 2.72e-10 s                  ; 2.69e-10 s                  ; Yes                        ; Yes                        ; 2.62 V                      ; 4.05e-08 V                  ; 2.72 V             ; -0.0349 V          ; 0.173 V                             ; 0.1 V                               ; 2.72e-10 s                 ; 2.69e-10 s                 ; Yes                       ; Yes                       ;
; sine_out[8]   ; 2.5 V        ; 0 s                 ; 0 s                 ; 2.62 V                       ; 4.05e-08 V                   ; 2.72 V              ; -0.0349 V           ; 0.173 V                              ; 0.1 V                                ; 2.72e-10 s                  ; 2.69e-10 s                  ; Yes                        ; Yes                        ; 2.62 V                      ; 4.05e-08 V                  ; 2.72 V             ; -0.0349 V          ; 0.173 V                             ; 0.1 V                               ; 2.72e-10 s                 ; 2.69e-10 s                 ; Yes                       ; Yes                       ;
; sine_out[9]   ; 2.5 V        ; 0 s                 ; 0 s                 ; 2.62 V                       ; 4.05e-08 V                   ; 2.72 V              ; -0.0349 V           ; 0.173 V                              ; 0.1 V                                ; 2.72e-10 s                  ; 2.69e-10 s                  ; Yes                        ; Yes                        ; 2.62 V                      ; 4.05e-08 V                  ; 2.72 V             ; -0.0349 V          ; 0.173 V                             ; 0.1 V                               ; 2.72e-10 s                 ; 2.69e-10 s                 ; Yes                       ; Yes                       ;
; sine_out[10]  ; 2.5 V        ; 0 s                 ; 0 s                 ; 2.62 V                       ; 4.05e-08 V                   ; 2.72 V              ; -0.0349 V           ; 0.173 V                              ; 0.1 V                                ; 2.72e-10 s                  ; 2.69e-10 s                  ; Yes                        ; Yes                        ; 2.62 V                      ; 4.05e-08 V                  ; 2.72 V             ; -0.0349 V          ; 0.173 V                             ; 0.1 V                               ; 2.72e-10 s                 ; 2.69e-10 s                 ; Yes                       ; Yes                       ;
; sine_out[11]  ; 2.5 V        ; 0 s                 ; 0 s                 ; 2.62 V                       ; 4.05e-08 V                   ; 2.72 V              ; -0.0349 V           ; 0.173 V                              ; 0.1 V                                ; 2.72e-10 s                  ; 2.69e-10 s                  ; Yes                        ; Yes                        ; 2.62 V                      ; 4.05e-08 V                  ; 2.72 V             ; -0.0349 V          ; 0.173 V                             ; 0.1 V                               ; 2.72e-10 s                 ; 2.69e-10 s                 ; Yes                       ; Yes                       ;
; sine_out[12]  ; 2.5 V        ; 0 s                 ; 0 s                 ; 2.62 V                       ; 4.05e-08 V                   ; 2.72 V              ; -0.0349 V           ; 0.173 V                              ; 0.1 V                                ; 2.72e-10 s                  ; 2.69e-10 s                  ; Yes                        ; Yes                        ; 2.62 V                      ; 4.05e-08 V                  ; 2.72 V             ; -0.0349 V          ; 0.173 V                             ; 0.1 V                               ; 2.72e-10 s                 ; 2.69e-10 s                 ; Yes                       ; Yes                       ;
; sine_out[13]  ; 2.5 V        ; 0 s                 ; 0 s                 ; 2.62 V                       ; 4.05e-08 V                   ; 2.72 V              ; -0.0349 V           ; 0.173 V                              ; 0.1 V                                ; 2.72e-10 s                  ; 2.69e-10 s                  ; Yes                        ; Yes                        ; 2.62 V                      ; 4.05e-08 V                  ; 2.72 V             ; -0.0349 V          ; 0.173 V                             ; 0.1 V                               ; 2.72e-10 s                 ; 2.69e-10 s                 ; Yes                       ; Yes                       ;
; seg[0]        ; 2.5 V        ; 0 s                 ; 0 s                 ; 2.62 V                       ; 4.05e-08 V                   ; 2.72 V              ; -0.0349 V           ; 0.173 V                              ; 0.1 V                                ; 2.72e-10 s                  ; 2.69e-10 s                  ; Yes                        ; Yes                        ; 2.62 V                      ; 4.05e-08 V                  ; 2.72 V             ; -0.0349 V          ; 0.173 V                             ; 0.1 V                               ; 2.72e-10 s                 ; 2.69e-10 s                 ; Yes                       ; Yes                       ;
; seg[1]        ; 2.5 V        ; 0 s                 ; 0 s                 ; 2.62 V                       ; 4.05e-08 V                   ; 2.72 V              ; -0.0349 V           ; 0.173 V                              ; 0.1 V                                ; 2.72e-10 s                  ; 2.69e-10 s                  ; Yes                        ; Yes                        ; 2.62 V                      ; 4.05e-08 V                  ; 2.72 V             ; -0.0349 V          ; 0.173 V                             ; 0.1 V                               ; 2.72e-10 s                 ; 2.69e-10 s                 ; Yes                       ; Yes                       ;
; seg[2]        ; 2.5 V        ; 0 s                 ; 0 s                 ; 2.62 V                       ; 4.05e-08 V                   ; 2.72 V              ; -0.0349 V           ; 0.173 V                              ; 0.1 V                                ; 2.72e-10 s                  ; 2.69e-10 s                  ; Yes                        ; Yes                        ; 2.62 V                      ; 4.05e-08 V                  ; 2.72 V             ; -0.0349 V          ; 0.173 V                             ; 0.1 V                               ; 2.72e-10 s                 ; 2.69e-10 s                 ; Yes                       ; Yes                       ;
; seg[3]        ; 2.5 V        ; 0 s                 ; 0 s                 ; 2.62 V                       ; 4.05e-08 V                   ; 2.72 V              ; -0.0349 V           ; 0.173 V                              ; 0.1 V                                ; 2.72e-10 s                  ; 2.69e-10 s                  ; Yes                        ; Yes                        ; 2.62 V                      ; 4.05e-08 V                  ; 2.72 V             ; -0.0349 V          ; 0.173 V                             ; 0.1 V                               ; 2.72e-10 s                 ; 2.69e-10 s                 ; Yes                       ; Yes                       ;
; seg[4]        ; 2.5 V        ; 0 s                 ; 0 s                 ; 2.62 V                       ; 4.05e-08 V                   ; 2.72 V              ; -0.0349 V           ; 0.173 V                              ; 0.1 V                                ; 2.72e-10 s                  ; 2.69e-10 s                  ; Yes                        ; Yes                        ; 2.62 V                      ; 4.05e-08 V                  ; 2.72 V             ; -0.0349 V          ; 0.173 V                             ; 0.1 V                               ; 2.72e-10 s                 ; 2.69e-10 s                 ; Yes                       ; Yes                       ;
; seg[5]        ; 2.5 V        ; 0 s                 ; 0 s                 ; 2.62 V                       ; 4.05e-08 V                   ; 2.72 V              ; -0.0349 V           ; 0.173 V                              ; 0.1 V                                ; 2.72e-10 s                  ; 2.69e-10 s                  ; Yes                        ; Yes                        ; 2.62 V                      ; 4.05e-08 V                  ; 2.72 V             ; -0.0349 V          ; 0.173 V                             ; 0.1 V                               ; 2.72e-10 s                 ; 2.69e-10 s                 ; Yes                       ; Yes                       ;
; seg[6]        ; 2.5 V        ; 0 s                 ; 0 s                 ; 2.62 V                       ; 4.05e-08 V                   ; 2.72 V              ; -0.0349 V           ; 0.173 V                              ; 0.1 V                                ; 2.72e-10 s                  ; 2.69e-10 s                  ; Yes                        ; Yes                        ; 2.62 V                      ; 4.05e-08 V                  ; 2.72 V             ; -0.0349 V          ; 0.173 V                             ; 0.1 V                               ; 2.72e-10 s                 ; 2.69e-10 s                 ; Yes                       ; Yes                       ;
; seg[7]        ; 2.5 V        ; 0 s                 ; 0 s                 ; 2.62 V                       ; 4.05e-08 V                   ; 2.72 V              ; -0.0349 V           ; 0.173 V                              ; 0.1 V                                ; 2.72e-10 s                  ; 2.69e-10 s                  ; Yes                        ; Yes                        ; 2.62 V                      ; 4.05e-08 V                  ; 2.72 V             ; -0.0349 V          ; 0.173 V                             ; 0.1 V                               ; 2.72e-10 s                 ; 2.69e-10 s                 ; Yes                       ; Yes                       ;
; sel[0]        ; 2.5 V        ; 0 s                 ; 0 s                 ; 2.62 V                       ; 4.05e-08 V                   ; 2.72 V              ; -0.0349 V           ; 0.173 V                              ; 0.1 V                                ; 2.72e-10 s                  ; 2.69e-10 s                  ; Yes                        ; Yes                        ; 2.62 V                      ; 4.05e-08 V                  ; 2.72 V             ; -0.0349 V          ; 0.173 V                             ; 0.1 V                               ; 2.72e-10 s                 ; 2.69e-10 s                 ; Yes                       ; Yes                       ;
; sel[1]        ; 2.5 V        ; 0 s                 ; 0 s                 ; 2.62 V                       ; 4.05e-08 V                   ; 2.64 V              ; -0.0113 V           ; 0.208 V                              ; 0.179 V                              ; 2.38e-09 s                  ; 2.23e-09 s                  ; No                         ; Yes                        ; 2.62 V                      ; 4.05e-08 V                  ; 2.64 V             ; -0.0113 V          ; 0.208 V                             ; 0.179 V                             ; 2.38e-09 s                 ; 2.23e-09 s                 ; No                        ; Yes                       ;
; sel[2]        ; 2.5 V        ; 0 s                 ; 0 s                 ; 2.62 V                       ; 4.05e-08 V                   ; 2.72 V              ; -0.0349 V           ; 0.173 V                              ; 0.1 V                                ; 2.72e-10 s                  ; 2.69e-10 s                  ; Yes                        ; Yes                        ; 2.62 V                      ; 4.05e-08 V                  ; 2.72 V             ; -0.0349 V          ; 0.173 V                             ; 0.1 V                               ; 2.72e-10 s                 ; 2.69e-10 s                 ; Yes                       ; Yes                       ;
; sel[3]        ; 2.5 V        ; 0 s                 ; 0 s                 ; 2.62 V                       ; 2.74e-08 V                   ; 2.73 V              ; -0.0384 V           ; 0.169 V                              ; 0.089 V                              ; 2.7e-10 s                   ; 2.62e-10 s                  ; Yes                        ; Yes                        ; 2.62 V                      ; 2.74e-08 V                  ; 2.73 V             ; -0.0384 V          ; 0.169 V                             ; 0.089 V                             ; 2.7e-10 s                  ; 2.62e-10 s                 ; Yes                       ; Yes                       ;
; out_dacclk    ; 2.5 V        ; 0 s                 ; 0 s                 ; 2.62 V                       ; 4.05e-08 V                   ; 2.72 V              ; -0.0349 V           ; 0.173 V                              ; 0.1 V                                ; 2.72e-10 s                  ; 2.69e-10 s                  ; Yes                        ; Yes                        ; 2.62 V                      ; 4.05e-08 V                  ; 2.72 V             ; -0.0349 V          ; 0.173 V                             ; 0.1 V                               ; 2.72e-10 s                 ; 2.69e-10 s                 ; Yes                       ; Yes                       ;
; locked        ; 2.5 V        ; 0 s                 ; 0 s                 ; 2.62 V                       ; 2.74e-08 V                   ; 2.71 V              ; -0.0317 V           ; 0.148 V                              ; 0.064 V                              ; 4.51e-10 s                  ; 4.15e-10 s                  ; No                         ; Yes                        ; 2.62 V                      ; 2.74e-08 V                  ; 2.71 V             ; -0.0317 V          ; 0.148 V                             ; 0.064 V                             ; 4.51e-10 s                 ; 4.15e-10 s                 ; No                        ; Yes                       ;
; ~ALTERA_DCLK~ ; 2.5 V        ; 0 s                 ; 0 s                 ; 2.62 V                       ; 2.22e-08 V                   ; 2.74 V              ; -0.06 V             ; 0.158 V                              ; 0.08 V                               ; 2.68e-10 s                  ; 2.19e-10 s                  ; Yes                        ; Yes                        ; 2.62 V                      ; 2.22e-08 V                  ; 2.74 V             ; -0.06 V            ; 0.158 V                             ; 0.08 V                              ; 2.68e-10 s                 ; 2.19e-10 s                 ; Yes                       ; Yes                       ;
; ~ALTERA_nCEO~ ; 2.5 V        ; 0 s                 ; 0 s                 ; 2.62 V                       ; 3.54e-08 V                   ; 2.7 V               ; -0.00943 V          ; 0.276 V                              ; 0.035 V                              ; 3.19e-10 s                  ; 4.99e-10 s                  ; No                         ; Yes                        ; 2.62 V                      ; 3.54e-08 V                  ; 2.7 V              ; -0.00943 V         ; 0.276 V                             ; 0.035 V                             ; 3.19e-10 s                 ; 4.99e-10 s                 ; No                        ; Yes                       ;
+---------------+--------------+---------------------+---------------------+------------------------------+------------------------------+---------------------+---------------------+--------------------------------------+--------------------------------------+-----------------------------+-----------------------------+----------------------------+----------------------------+-----------------------------+-----------------------------+--------------------+--------------------+-------------------------------------+-------------------------------------+----------------------------+----------------------------+---------------------------+---------------------------+


+-----------------------------------------------------------------------+
; Setup Transfers                                                       ;
+------------+----------+--------------+----------+----------+----------+
; From Clock ; To Clock ; RR Paths     ; FR Paths ; RF Paths ; FF Paths ;
+------------+----------+--------------+----------+----------+----------+
; clk        ; clk      ; > 2147483647 ; 0        ; 0        ; 0        ;
+------------+----------+--------------+----------+----------+----------+
Entries labeled "false path" only account for clock-to-clock false paths and not path-based false paths. As a result, actual path counts may be lower than reported.


+-----------------------------------------------------------------------+
; Hold Transfers                                                        ;
+------------+----------+--------------+----------+----------+----------+
; From Clock ; To Clock ; RR Paths     ; FR Paths ; RF Paths ; FF Paths ;
+------------+----------+--------------+----------+----------+----------+
; clk        ; clk      ; > 2147483647 ; 0        ; 0        ; 0        ;
+------------+----------+--------------+----------+----------+----------+
Entries labeled "false path" only account for clock-to-clock false paths and not path-based false paths. As a result, actual path counts may be lower than reported.


---------------
; Report TCCS ;
---------------
No dedicated SERDES Transmitter circuitry present in device or used in design


---------------
; Report RSKM ;
---------------
No non-DPA dedicated SERDES Receiver circuitry present in device or used in design


+------------------------------------------------+
; Unconstrained Paths Summary                    ;
+---------------------------------+-------+------+
; Property                        ; Setup ; Hold ;
+---------------------------------+-------+------+
; Illegal Clocks                  ; 0     ; 0    ;
; Unconstrained Clocks            ; 0     ; 0    ;
; Unconstrained Input Ports       ; 3     ; 3    ;
; Unconstrained Input Port Paths  ; 353   ; 353  ;
; Unconstrained Output Ports      ; 26    ; 26   ;
; Unconstrained Output Port Paths ; 139   ; 139  ;
+---------------------------------+-------+------+


+---------------------------------------------------------------------------------------------------------------------------------+
; Clock Status Summary                                                                                                            ;
+---------------------------------------------------+---------------------------------------------------+-----------+-------------+
; Target                                            ; Clock                                             ; Type      ; Status      ;
+---------------------------------------------------+---------------------------------------------------+-----------+-------------+
; clk                                               ; clk                                               ; Base      ; Constrained ;
; u_pll|altpll_component|auto_generated|pll1|clk[0] ; u_pll|altpll_component|auto_generated|pll1|clk[0] ; Generated ; Constrained ;
+---------------------------------------------------+---------------------------------------------------+-----------+-------------+


+---------------------------------------------------------------------------------------------------+
; Unconstrained Input Ports                                                                         ;
+------------+--------------------------------------------------------------------------------------+
; Input Port ; Comment                                                                              ;
+------------+--------------------------------------------------------------------------------------+
; rst_n      ; No input delay, min/max delays, false-path exceptions, or max skew assignments found ;
; switch     ; No input delay, min/max delays, false-path exceptions, or max skew assignments found ;
; uart_rx    ; No input delay, min/max delays, false-path exceptions, or max skew assignments found ;
+------------+--------------------------------------------------------------------------------------+


+------------------------------------------------------------------------------------------------------+
; Unconstrained Output Ports                                                                           ;
+--------------+---------------------------------------------------------------------------------------+
; Output Port  ; Comment                                                                               ;
+--------------+---------------------------------------------------------------------------------------+
; led          ; No output delay, min/max delays, false-path exceptions, or max skew assignments found ;
; out_dacclk   ; No output delay, min/max delays, false-path exceptions, or max skew assignments found ;
; seg[0]       ; No output delay, min/max delays, false-path exceptions, or max skew assignments found ;
; seg[1]       ; No output delay, min/max delays, false-path exceptions, or max skew assignments found ;
; seg[2]       ; No output delay, min/max delays, false-path exceptions, or max skew assignments found ;
; seg[3]       ; No output delay, min/max delays, false-path exceptions, or max skew assignments found ;
; seg[4]       ; No output delay, min/max delays, false-path exceptions, or max skew assignments found ;
; seg[5]       ; No output delay, min/max delays, false-path exceptions, or max skew assignments found ;
; seg[6]       ; No output delay, min/max delays, false-path exceptions, or max skew assignments found ;
; seg[7]       ; No output delay, min/max delays, false-path exceptions, or max skew assignments found ;
; sel[0]       ; No output delay, min/max delays, false-path exceptions, or max skew assignments found ;
; sel[1]       ; No output delay, min/max delays, false-path exceptions, or max skew assignments found ;
; sel[2]       ; No output delay, min/max delays, false-path exceptions, or max skew assignments found ;
; sel[3]       ; No output delay, min/max delays, false-path exceptions, or max skew assignments found ;
; sine_out[0]  ; No output delay, min/max delays, false-path exceptions, or max skew assignments found ;
; sine_out[1]  ; No output delay, min/max delays, false-path exceptions, or max skew assignments found ;
; sine_out[2]  ; No output delay, min/max delays, false-path exceptions, or max skew assignments found ;
; sine_out[3]  ; No output delay, min/max delays, false-path exceptions, or max skew assignments found ;
; sine_out[4]  ; No output delay, min/max delays, false-path exceptions, or max skew assignments found ;
; sine_out[5]  ; No output delay, min/max delays, false-path exceptions, or max skew assignments found ;
; sine_out[6]  ; No output delay, min/max delays, false-path exceptions, or max skew assignments found ;
; sine_out[7]  ; No output delay, min/max delays, false-path exceptions, or max skew assignments found ;
; sine_out[8]  ; No output delay, min/max delays, false-path exceptions, or max skew assignments found ;
; sine_out[9]  ; No output delay, min/max delays, false-path exceptions, or max skew assignments found ;
; sine_out[10] ; No output delay, min/max delays, false-path exceptions, or max skew assignments found ;
; sine_out[11] ; No output delay, min/max delays, false-path exceptions, or max skew assignments found ;
+--------------+---------------------------------------------------------------------------------------+


+---------------------------------------------------------------------------------------------------+
; Unconstrained Input Ports                                                                         ;
+------------+--------------------------------------------------------------------------------------+
; Input Port ; Comment                                                                              ;
+------------+--------------------------------------------------------------------------------------+
; rst_n      ; No input delay, min/max delays, false-path exceptions, or max skew assignments found ;
; switch     ; No input delay, min/max delays, false-path exceptions, or max skew assignments found ;
; uart_rx    ; No input delay, min/max delays, false-path exceptions, or max skew assignments found ;
+------------+--------------------------------------------------------------------------------------+


+------------------------------------------------------------------------------------------------------+
; Unconstrained Output Ports                                                                           ;
+--------------+---------------------------------------------------------------------------------------+
; Output Port  ; Comment                                                                               ;
+--------------+---------------------------------------------------------------------------------------+
; led          ; No output delay, min/max delays, false-path exceptions, or max skew assignments found ;
; out_dacclk   ; No output delay, min/max delays, false-path exceptions, or max skew assignments found ;
; seg[0]       ; No output delay, min/max delays, false-path exceptions, or max skew assignments found ;
; seg[1]       ; No output delay, min/max delays, false-path exceptions, or max skew assignments found ;
; seg[2]       ; No output delay, min/max delays, false-path exceptions, or max skew assignments found ;
; seg[3]       ; No output delay, min/max delays, false-path exceptions, or max skew assignments found ;
; seg[4]       ; No output delay, min/max delays, false-path exceptions, or max skew assignments found ;
; seg[5]       ; No output delay, min/max delays, false-path exceptions, or max skew assignments found ;
; seg[6]       ; No output delay, min/max delays, false-path exceptions, or max skew assignments found ;
; seg[7]       ; No output delay, min/max delays, false-path exceptions, or max skew assignments found ;
; sel[0]       ; No output delay, min/max delays, false-path exceptions, or max skew assignments found ;
; sel[1]       ; No output delay, min/max delays, false-path exceptions, or max skew assignments found ;
; sel[2]       ; No output delay, min/max delays, false-path exceptions, or max skew assignments found ;
; sel[3]       ; No output delay, min/max delays, false-path exceptions, or max skew assignments found ;
; sine_out[0]  ; No output delay, min/max delays, false-path exceptions, or max skew assignments found ;
; sine_out[1]  ; No output delay, min/max delays, false-path exceptions, or max skew assignments found ;
; sine_out[2]  ; No output delay, min/max delays, false-path exceptions, or max skew assignments found ;
; sine_out[3]  ; No output delay, min/max delays, false-path exceptions, or max skew assignments found ;
; sine_out[4]  ; No output delay, min/max delays, false-path exceptions, or max skew assignments found ;
; sine_out[5]  ; No output delay, min/max delays, false-path exceptions, or max skew assignments found ;
; sine_out[6]  ; No output delay, min/max delays, false-path exceptions, or max skew assignments found ;
; sine_out[7]  ; No output delay, min/max delays, false-path exceptions, or max skew assignments found ;
; sine_out[8]  ; No output delay, min/max delays, false-path exceptions, or max skew assignments found ;
; sine_out[9]  ; No output delay, min/max delays, false-path exceptions, or max skew assignments found ;
; sine_out[10] ; No output delay, min/max delays, false-path exceptions, or max skew assignments found ;
; sine_out[11] ; No output delay, min/max delays, false-path exceptions, or max skew assignments found ;
+--------------+---------------------------------------------------------------------------------------+


+--------------------------+
; Timing Analyzer Messages ;
+--------------------------+
Info: *******************************************************************
Info: Running Quartus Prime Timing Analyzer
    Info: Version 18.0.0 Build 614 04/24/2018 SJ Standard Edition
    Info: Processing started: Thu May 21 19:45:15 2026
Info: Command: quartus_sta DDS_simple -c DDS_simple
Info: qsta_default_script.tcl version: #2
Warning (18236): Number of processors has not been specified which may cause overloading on shared machines.  Set the global assignment NUM_PARALLEL_PROCESSORS in your QSF to an appropriate value for best performance.
Info (20030): Parallel compilation is enabled and will use 10 of the 10 processors detected
Info (21077): Low junction temperature is 0 degrees C
Info (21077): High junction temperature is 85 degrees C
Critical Warning (332012): Synopsys Design Constraints File file not found: 'DDS_simple.sdc'. A Synopsys Design Constraints File is required by the Timing Analyzer to get proper timing constraints. Without it, the Compiler will not properly optimize the design.
Info (332142): No user constrained generated clocks found in the design. Calling "derive_pll_clocks -create_base_clocks"
Info (332110): Deriving PLL clocks
    Info (332110): create_clock -period 20.000 -waveform {0.000 10.000} -name clk clk
    Info (332110): create_generated_clock -source {u_pll|altpll_component|auto_generated|pll1|inclk[0]} -multiply_by 4 -duty_cycle 50.00 -name {u_pll|altpll_component|auto_generated|pll1|clk[0]} {u_pll|altpll_component|auto_generated|pll1|clk[0]}
Info (332142): No user constrained base clocks found in the design. Calling "derive_clocks -period 1.0"
Info (332096): The command derive_clocks did not find any clocks to derive.  No clocks were created or changed.
Info (332143): No user constrained clock uncertainty found in the design. Calling "derive_clock_uncertainty"
Info (332123): Deriving Clock Uncertainty. Please refer to report_sdc in the Timing Analyzer to see clock uncertainties.
Info: Found TIMING_ANALYZER_REPORT_SCRIPT_INCLUDE_DEFAULT_ANALYSIS = ON
Info: Analyzing Slow 1200mV 85C Model
Critical Warning (332148): Timing requirements not met
    Info (11105): For recommendations on closing timing, run Report Timing Closure Recommendations in the Timing Analyzer.
Info (332146): Worst-case setup slack is -39.184
    Info (332119):     Slack       End Point TNS Clock 
    Info (332119): ========= =================== =====================
    Info (332119):   -39.184           -1905.340 clk 
Info (332146): Worst-case hold slack is 0.433
    Info (332119):     Slack       End Point TNS Clock 
    Info (332119): ========= =================== =====================
    Info (332119):     0.433               0.000 clk 
Info (332140): No Recovery paths to report
Info (332140): No Removal paths to report
Info (332146): Worst-case minimum pulse width slack is 9.665
    Info (332119):     Slack       End Point TNS Clock 
    Info (332119): ========= =================== =====================
    Info (332119):     9.665               0.000 clk 
Info (332114): Report Metastability: Found 2 synchronizer chains.
    Info (332114): The design MTBF is not calculated because there are no specified synchronizers in the design.
    Info (332114): Number of Synchronizer Chains Found: 2
    Info (332114): Shortest Synchronizer Chain: 2 Registers
    Info (332114): Fraction of Chains for which MTBFs Could Not be Calculated: 1.000
    Info (332114): Worst Case Available Settling Time: 17.939 ns
    Info (332114): 
Info: Analyzing Slow 1200mV 0C Model
Info (334003): Started post-fitting delay annotation
Info (334004): Delay annotation completed successfully
Info (332123): Deriving Clock Uncertainty. Please refer to report_sdc in the Timing Analyzer to see clock uncertainties.
Critical Warning (332148): Timing requirements not met
    Info (11105): For recommendations on closing timing, run Report Timing Closure Recommendations in the Timing Analyzer.
Info (332146): Worst-case setup slack is -34.020
    Info (332119):     Slack       End Point TNS Clock 
    Info (332119): ========= =================== =====================
    Info (332119):   -34.020           -1653.725 clk 
Info (332146): Worst-case hold slack is 0.383
    Info (332119):     Slack       End Point TNS Clock 
    Info (332119): ========= =================== =====================
    Info (332119):     0.383               0.000 clk 
Info (332140): No Recovery paths to report
Info (332140): No Removal paths to report
Info (332146): Worst-case minimum pulse width slack is 9.668
    Info (332119):     Slack       End Point TNS Clock 
    Info (332119): ========= =================== =====================
    Info (332119):     9.668               0.000 clk 
Info (332114): Report Metastability: Found 2 synchronizer chains.
    Info (332114): The design MTBF is not calculated because there are no specified synchronizers in the design.
    Info (332114): Number of Synchronizer Chains Found: 2
    Info (332114): Shortest Synchronizer Chain: 2 Registers
    Info (332114): Fraction of Chains for which MTBFs Could Not be Calculated: 1.000
    Info (332114): Worst Case Available Settling Time: 18.048 ns
    Info (332114): 
Info: Analyzing Fast 1200mV 0C Model
Info (332123): Deriving Clock Uncertainty. Please refer to report_sdc in the Timing Analyzer to see clock uncertainties.
Critical Warning (332148): Timing requirements not met
    Info (11105): For recommendations on closing timing, run Report Timing Closure Recommendations in the Timing Analyzer.
Info (332146): Worst-case setup slack is -5.342
    Info (332119):     Slack       End Point TNS Clock 
    Info (332119): ========= =================== =====================
    Info (332119):    -5.342            -254.943 clk 
Info (332146): Worst-case hold slack is 0.178
    Info (332119):     Slack       End Point TNS Clock 
    Info (332119): ========= =================== =====================
    Info (332119):     0.178               0.000 clk 
Info (332140): No Recovery paths to report
Info (332140): No Removal paths to report
Info (332146): Worst-case minimum pulse width slack is 9.373
    Info (332119):     Slack       End Point TNS Clock 
    Info (332119): ========= =================== =====================
    Info (332119):     9.373               0.000 clk 
Info (332114): Report Metastability: Found 2 synchronizer chains.
    Info (332114): The design MTBF is not calculated because there are no specified synchronizers in the design.
    Info (332114): Number of Synchronizer Chains Found: 2
    Info (332114): Shortest Synchronizer Chain: 2 Registers
    Info (332114): Fraction of Chains for which MTBFs Could Not be Calculated: 1.000
    Info (332114): Worst Case Available Settling Time: 19.076 ns
    Info (332114): 
Info (332102): Design is not fully constrained for setup requirements
Info (332102): Design is not fully constrained for hold requirements
Info: Quartus Prime Timing Analyzer was successful. 0 errors, 5 warnings
    Info: Peak virtual memory: 4842 megabytes
    Info: Processing ended: Thu May 21 19:45:19 2026
    Info: Elapsed time: 00:00:04
    Info: Total CPU time (on all processors): 00:00:04


