Fitter report for DDS_simple
Thu May 21 19:45:12 2026
Quartus Prime Version 18.0.0 Build 614 04/24/2018 SJ Standard Edition


---------------------
; Table of Contents ;
---------------------
  1. Legal Notice
  2. Fitter Summary
  3. Fitter Settings
  4. Parallel Compilation
  5. Incremental Compilation Preservation Summary
  6. Incremental Compilation Partition Settings
  7. Incremental Compilation Placement Preservation
  8. Pin-Out File
  9. Fitter Resource Usage Summary
 10. Fitter Partition Statistics
 11. Input Pins
 12. Output Pins
 13. Dual Purpose and Dedicated Pins
 14. I/O Bank Usage
 15. All Package Pins
 16. PLL Summary
 17. PLL Usage
 18. I/O Assignment Warnings
 19. Fitter Resource Utilization by Entity
 20. Delay Chain Summary
 21. Pad To Core Delay Chain Fanout
 22. Control Signals
 23. Global & Other Fast Signals
 24. Fitter RAM Summary
 25. |DDS_simple|sine_12bit_256:u_rom_sine|altsyncram:altsyncram_component|altsyncram_nq91:auto_generated|ALTSYNCRAM
 26. Fitter DSP Block Usage Summary
 27. DSP Block Details
 28. Routing Usage Summary
 29. LAB Logic Elements
 30. LAB-wide Signals
 31. LAB Signals Sourced
 32. LAB Signals Sourced Out
 33. LAB Distinct Inputs
 34. I/O Rules Summary
 35. I/O Rules Details
 36. I/O Rules Matrix
 37. Fitter Device Options
 38. Operating Settings and Conditions
 39. Fitter Messages
 40. Fitter Suppressed Messages



----------------
; Legal Notice ;
----------------
Copyright (C) 2018  Intel Corporation. All rights reserved.
Your use of Intel Corporation's design tools, logic functions 
and other software and tools, and its AMPP partner logic 
functions, and any output files from any of the foregoing 
(including device programming or simulation files), and any 
associated documentation or information are expressly subject 
to the terms and conditions of the Intel Program License 
Subscription Agreement, the Intel Quartus Prime License Agreement,
the Intel FPGA IP License Agreement, or other applicable license
agreement, including, without limitation, that your use is for
the sole purpose of programming logic devices manufactured by
Intel and sold by Intel or its authorized distributors.  Please
refer to the applicable agreement for further details.



+--------------------------------------------------------------------------------------+
; Fitter Summary                                                                       ;
+------------------------------------+-------------------------------------------------+
; Fitter Status                      ; Successful - Thu May 21 19:45:12 2026           ;
; Quartus Prime Version              ; 18.0.0 Build 614 04/24/2018 SJ Standard Edition ;
; Revision Name                      ; DDS_simple                                      ;
; Top-level Entity Name              ; DDS_simple                                      ;
; Family                             ; Cyclone IV E                                    ;
; Device                             ; EP4CE6F17C8                                     ;
; Timing Models                      ; Final                                           ;
; Total logic elements               ; 780 / 6,272 ( 12 % )                            ;
;     Total combinational functions  ; 753 / 6,272 ( 12 % )                            ;
;     Dedicated logic registers      ; 247 / 6,272 ( 4 % )                             ;
; Total registers                    ; 247                                             ;
; Total pins                         ; 33 / 180 ( 18 % )                               ;
; Total virtual pins                 ; 0                                               ;
; Total memory bits                  ; 3,072 / 276,480 ( 1 % )                         ;
; Embedded Multiplier 9-bit elements ; 4 / 30 ( 13 % )                                 ;
; Total PLLs                         ; 1 / 2 ( 50 % )                                  ;
+------------------------------------+-------------------------------------------------+


+----------------------------------------------------------------------------------------------------------------------------------------------------+
; Fitter Settings                                                                                                                                    ;
+--------------------------------------------------------------------+---------------------------------------+---------------------------------------+
; Option                                                             ; Setting                               ; Default Value                         ;
+--------------------------------------------------------------------+---------------------------------------+---------------------------------------+
; Device                                                             ; EP4CE6F17C8                           ;                                       ;
; Nominal Core Supply Voltage                                        ; 1.2V                                  ;                                       ;
; Minimum Core Junction Temperature                                  ; 0                                     ;                                       ;
; Maximum Core Junction Temperature                                  ; 85                                    ;                                       ;
; Fit Attempts to Skip                                               ; 0                                     ; 0.0                                   ;
; Use smart compilation                                              ; Off                                   ; Off                                   ;
; Enable parallel Assembler and Timing Analyzer during compilation   ; On                                    ; On                                    ;
; Enable compact report table                                        ; Off                                   ; Off                                   ;
; Auto Merge PLLs                                                    ; On                                    ; On                                    ;
; Router Timing Optimization Level                                   ; Normal                                ; Normal                                ;
; Perform Clocking Topology Analysis During Routing                  ; Off                                   ; Off                                   ;
; Placement Effort Multiplier                                        ; 1.0                                   ; 1.0                                   ;
; Router Effort Multiplier                                           ; 1.0                                   ; 1.0                                   ;
; Optimize Hold Timing                                               ; All Paths                             ; All Paths                             ;
; Optimize Multi-Corner Timing                                       ; On                                    ; On                                    ;
; Power Optimization During Fitting                                  ; Normal compilation                    ; Normal compilation                    ;
; SSN Optimization                                                   ; Off                                   ; Off                                   ;
; Optimize Timing                                                    ; Normal compilation                    ; Normal compilation                    ;
; Optimize Timing for ECOs                                           ; Off                                   ; Off                                   ;
; Regenerate Full Fit Report During ECO Compiles                     ; Off                                   ; Off                                   ;
; Optimize IOC Register Placement for Timing                         ; Normal                                ; Normal                                ;
; Limit to One Fitting Attempt                                       ; Off                                   ; Off                                   ;
; Final Placement Optimizations                                      ; Automatically                         ; Automatically                         ;
; Fitter Aggressive Routability Optimizations                        ; Automatically                         ; Automatically                         ;
; Fitter Initial Placement Seed                                      ; 1                                     ; 1                                     ;
; Periphery to Core Placement and Routing Optimization               ; Off                                   ; Off                                   ;
; PCI I/O                                                            ; Off                                   ; Off                                   ;
; Weak Pull-Up Resistor                                              ; Off                                   ; Off                                   ;
; Enable Bus-Hold Circuitry                                          ; Off                                   ; Off                                   ;
; Auto Packed Registers                                              ; Auto                                  ; Auto                                  ;
; Auto Delay Chains                                                  ; On                                    ; On                                    ;
; Auto Delay Chains for High Fanout Input Pins                       ; Off                                   ; Off                                   ;
; Allow Single-ended Buffer for Differential-XSTL Input              ; Off                                   ; Off                                   ;
; Treat Bidirectional Pin as Output Pin                              ; Off                                   ; Off                                   ;
; Perform Physical Synthesis for Combinational Logic for Fitting     ; Off                                   ; Off                                   ;
; Perform Physical Synthesis for Combinational Logic for Performance ; Off                                   ; Off                                   ;
; Perform Register Duplication for Performance                       ; Off                                   ; Off                                   ;
; Perform Logic to Memory Mapping for Fitting                        ; Off                                   ; Off                                   ;
; Perform Register Retiming for Performance                          ; Off                                   ; Off                                   ;
; Perform Asynchronous Signal Pipelining                             ; Off                                   ; Off                                   ;
; Fitter Effort                                                      ; Auto Fit                              ; Auto Fit                              ;
; Physical Synthesis Effort Level                                    ; Normal                                ; Normal                                ;
; Logic Cell Insertion - Logic Duplication                           ; Auto                                  ; Auto                                  ;
; Auto Register Duplication                                          ; Auto                                  ; Auto                                  ;
; Auto Global Clock                                                  ; On                                    ; On                                    ;
; Auto Global Register Control Signals                               ; On                                    ; On                                    ;
; Reserve all unused pins                                            ; As input tri-stated with weak pull-up ; As input tri-stated with weak pull-up ;
; Synchronizer Identification                                        ; Auto                                  ; Auto                                  ;
; Enable Beneficial Skew Optimization                                ; On                                    ; On                                    ;
; Optimize Design for Metastability                                  ; On                                    ; On                                    ;
; Force Fitter to Avoid Periphery Placement Warnings                 ; Off                                   ; Off                                   ;
; Enable input tri-state on active configuration pins in user mode   ; Off                                   ; Off                                   ;
+--------------------------------------------------------------------+---------------------------------------+---------------------------------------+


+------------------------------------------+
; Parallel Compilation                     ;
+----------------------------+-------------+
; Processors                 ; Number      ;
+----------------------------+-------------+
; Number detected on machine ; 12          ;
; Maximum allowed            ; 10          ;
;                            ;             ;
; Average used               ; 1.15        ;
; Maximum used               ; 10          ;
;                            ;             ;
; Usage by Processor         ; % Time Used ;
;     Processor 1            ; 100.0%      ;
;     Processor 2            ;   1.9%      ;
;     Processor 3            ;   1.8%      ;
;     Processor 4            ;   1.8%      ;
;     Processor 5            ;   1.7%      ;
;     Processor 6            ;   1.7%      ;
;     Processor 7            ;   1.7%      ;
;     Processor 8            ;   1.7%      ;
;     Processors 9-10        ;   1.6%      ;
+----------------------------+-------------+


+---------------------------------------------------------------------------------------------------+
; Incremental Compilation Preservation Summary                                                      ;
+---------------------+---------------------+----------------------------+--------------------------+
; Type                ; Total [A + B]       ; From Design Partitions [A] ; From Rapid Recompile [B] ;
+---------------------+---------------------+----------------------------+--------------------------+
; Placement (by node) ;                     ;                            ;                          ;
;     -- Requested    ; 0.00 % ( 0 / 1095 ) ; 0.00 % ( 0 / 1095 )        ; 0.00 % ( 0 / 1095 )      ;
;     -- Achieved     ; 0.00 % ( 0 / 1095 ) ; 0.00 % ( 0 / 1095 )        ; 0.00 % ( 0 / 1095 )      ;
;                     ;                     ;                            ;                          ;
; Routing (by net)    ;                     ;                            ;                          ;
;     -- Requested    ; 0.00 % ( 0 / 0 )    ; 0.00 % ( 0 / 0 )           ; 0.00 % ( 0 / 0 )         ;
;     -- Achieved     ; 0.00 % ( 0 / 0 )    ; 0.00 % ( 0 / 0 )           ; 0.00 % ( 0 / 0 )         ;
+---------------------+---------------------+----------------------------+--------------------------+


+----------------------------------------------------------------------------------------------------------------------------------------------------------------------------------------+
; Incremental Compilation Partition Settings                                                                                                                                             ;
+--------------------------------+----------------+-------------------+-------------------------+------------------------+------------------------------+--------------------------------+
; Partition Name                 ; Partition Type ; Netlist Type Used ; Preservation Level Used ; Netlist Type Requested ; Preservation Level Requested ; Contents                       ;
+--------------------------------+----------------+-------------------+-------------------------+------------------------+------------------------------+--------------------------------+
; Top                            ; User-created   ; Source File       ; N/A                     ; Source File            ; N/A                          ;                                ;
; hard_block:auto_generated_inst ; Auto-generated ; Source File       ; N/A                     ; Source File            ; N/A                          ; hard_block:auto_generated_inst ;
+--------------------------------+----------------+-------------------+-------------------------+------------------------+------------------------------+--------------------------------+


+------------------------------------------------------------------------------------------------------------------------------------+
; Incremental Compilation Placement Preservation                                                                                     ;
+--------------------------------+-----------------------+-------------------------+-------------------+---------------------+-------+
; Partition Name                 ; Preservation Achieved ; Preservation Level Used ; Netlist Type Used ; Preservation Method ; Notes ;
+--------------------------------+-----------------------+-------------------------+-------------------+---------------------+-------+
; Top                            ; 0.00 % ( 0 / 1083 )   ; N/A                     ; Source File       ; N/A                 ;       ;
; hard_block:auto_generated_inst ; 0.00 % ( 0 / 12 )     ; N/A                     ; Source File       ; N/A                 ;       ;
+--------------------------------+-----------------------+-------------------------+-------------------+---------------------+-------+


+--------------+
; Pin-Out File ;
+--------------+
The pin-out file can be found in D:/NUEDC_Lordy/FPGA/Projects/mDDS/output_files/DDS_simple.pin.


+-----------------------------------------------------------------------+
; Fitter Resource Usage Summary                                         ;
+---------------------------------------------+-------------------------+
; Resource                                    ; Usage                   ;
+---------------------------------------------+-------------------------+
; Total logic elements                        ; 780 / 6,272 ( 12 % )    ;
;     -- Combinational with no register       ; 533                     ;
;     -- Register only                        ; 27                      ;
;     -- Combinational with a register        ; 220                     ;
;                                             ;                         ;
; Logic element usage by number of LUT inputs ;                         ;
;     -- 4 input functions                    ; 182                     ;
;     -- 3 input functions                    ; 305                     ;
;     -- <=2 input functions                  ; 266                     ;
;     -- Register only                        ; 27                      ;
;                                             ;                         ;
; Logic elements by mode                      ;                         ;
;     -- normal mode                          ; 447                     ;
;     -- arithmetic mode                      ; 306                     ;
;                                             ;                         ;
; Total registers*                            ; 247 / 7,124 ( 3 % )     ;
;     -- Dedicated logic registers            ; 247 / 6,272 ( 4 % )     ;
;     -- I/O registers                        ; 0 / 852 ( 0 % )         ;
;                                             ;                         ;
; Total LABs:  partially or completely used   ; 65 / 392 ( 17 % )       ;
; Virtual pins                                ; 0                       ;
; I/O pins                                    ; 33 / 180 ( 18 % )       ;
;     -- Clock pins                           ; 1 / 3 ( 33 % )          ;
;     -- Dedicated input pins                 ; 0 / 9 ( 0 % )           ;
;                                             ;                         ;
; M9Ks                                        ; 1 / 30 ( 3 % )          ;
; Total block memory bits                     ; 3,072 / 276,480 ( 1 % ) ;
; Total block memory implementation bits      ; 9,216 / 276,480 ( 3 % ) ;
; Embedded Multiplier 9-bit elements          ; 4 / 30 ( 13 % )         ;
; PLLs                                        ; 1 / 2 ( 50 % )          ;
; Global signals                              ; 2                       ;
;     -- Global clocks                        ; 2 / 10 ( 20 % )         ;
; JTAGs                                       ; 0 / 1 ( 0 % )           ;
; CRC blocks                                  ; 0 / 1 ( 0 % )           ;
; ASMI blocks                                 ; 0 / 1 ( 0 % )           ;
; Oscillator blocks                           ; 0 / 1 ( 0 % )           ;
; Impedance control blocks                    ; 0 / 4 ( 0 % )           ;
; Average interconnect usage (total/H/V)      ; 2.4% / 2.6% / 2.2%      ;
; Peak interconnect usage (total/H/V)         ; 8.6% / 9.7% / 7.0%      ;
; Maximum fan-out                             ; 248                     ;
; Highest non-global fan-out                  ; 185                     ;
; Total fan-out                               ; 3173                    ;
; Average fan-out                             ; 2.87                    ;
+---------------------------------------------+-------------------------+
*  Register count does not include registers inside RAM blocks or DSP blocks.



+----------------------------------------------------------------------------------------------------+
; Fitter Partition Statistics                                                                        ;
+---------------------------------------------+---------------------+--------------------------------+
; Statistic                                   ; Top                 ; hard_block:auto_generated_inst ;
+---------------------------------------------+---------------------+--------------------------------+
; Difficulty Clustering Region                ; Low                 ; Low                            ;
;                                             ;                     ;                                ;
; Total logic elements                        ; 780 / 6272 ( 12 % ) ; 0 / 6272 ( 0 % )               ;
;     -- Combinational with no register       ; 533                 ; 0                              ;
;     -- Register only                        ; 27                  ; 0                              ;
;     -- Combinational with a register        ; 220                 ; 0                              ;
;                                             ;                     ;                                ;
; Logic element usage by number of LUT inputs ;                     ;                                ;
;     -- 4 input functions                    ; 182                 ; 0                              ;
;     -- 3 input functions                    ; 305                 ; 0                              ;
;     -- <=2 input functions                  ; 266                 ; 0                              ;
;     -- Register only                        ; 27                  ; 0                              ;
;                                             ;                     ;                                ;
; Logic elements by mode                      ;                     ;                                ;
;     -- normal mode                          ; 447                 ; 0                              ;
;     -- arithmetic mode                      ; 306                 ; 0                              ;
;                                             ;                     ;                                ;
; Total registers                             ; 247                 ; 0                              ;
;     -- Dedicated logic registers            ; 247 / 6272 ( 4 % )  ; 0 / 6272 ( 0 % )               ;
;     -- I/O registers                        ; 0                   ; 0                              ;
;                                             ;                     ;                                ;
; Total LABs:  partially or completely used   ; 65 / 392 ( 17 % )   ; 0 / 392 ( 0 % )                ;
;                                             ;                     ;                                ;
; Virtual pins                                ; 0                   ; 0                              ;
; I/O pins                                    ; 33                  ; 0                              ;
; Embedded Multiplier 9-bit elements          ; 4 / 30 ( 13 % )     ; 0 / 30 ( 0 % )                 ;
; Total memory bits                           ; 3072                ; 0                              ;
; Total RAM block bits                        ; 9216                ; 0                              ;
; PLL                                         ; 0 / 2 ( 0 % )       ; 1 / 2 ( 50 % )                 ;
; M9K                                         ; 1 / 30 ( 3 % )      ; 0 / 30 ( 0 % )                 ;
; Clock control block                         ; 1 / 12 ( 8 % )      ; 1 / 12 ( 8 % )                 ;
;                                             ;                     ;                                ;
; Connections                                 ;                     ;                                ;
;     -- Input Connections                    ; 2                   ; 1                              ;
;     -- Registered Input Connections         ; 0                   ; 0                              ;
;     -- Output Connections                   ; 1                   ; 2                              ;
;     -- Registered Output Connections        ; 0                   ; 0                              ;
;                                             ;                     ;                                ;
; Internal Connections                        ;                     ;                                ;
;     -- Total Connections                    ; 3236                ; 10                             ;
;     -- Registered Connections               ; 934                 ; 0                              ;
;                                             ;                     ;                                ;
; External Connections                        ;                     ;                                ;
;     -- Top                                  ; 0                   ; 3                              ;
;     -- hard_block:auto_generated_inst       ; 3                   ; 0                              ;
;                                             ;                     ;                                ;
; Partition Interface                         ;                     ;                                ;
;     -- Input Ports                          ; 4                   ; 1                              ;
;     -- Output Ports                         ; 29                  ; 2                              ;
;     -- Bidir Ports                          ; 0                   ; 0                              ;
;                                             ;                     ;                                ;
; Registered Ports                            ;                     ;                                ;
;     -- Registered Input Ports               ; 0                   ; 0                              ;
;     -- Registered Output Ports              ; 0                   ; 0                              ;
;                                             ;                     ;                                ;
; Port Connectivity                           ;                     ;                                ;
;     -- Input Ports driven by GND            ; 0                   ; 0                              ;
;     -- Output Ports driven by GND           ; 0                   ; 0                              ;
;     -- Input Ports driven by VCC            ; 0                   ; 0                              ;
;     -- Output Ports driven by VCC           ; 0                   ; 0                              ;
;     -- Input Ports with no Source           ; 0                   ; 0                              ;
;     -- Output Ports with no Source          ; 0                   ; 0                              ;
;     -- Input Ports with no Fanout           ; 0                   ; 0                              ;
;     -- Output Ports with no Fanout          ; 0                   ; 0                              ;
+---------------------------------------------+---------------------+--------------------------------+


+------------------------------------------------------------------------------------------------------------------------------------------------------------------------------------------------------------------------------------------------------------------------------------------+
; Input Pins                                                                                                                                                                                                                                                                               ;
+---------+-------+----------+--------------+--------------+--------------+-----------------------+--------------------+--------+----------------+---------------+-----------------+----------+--------------+--------------+---------------------------+----------------------+-----------+
; Name    ; Pin # ; I/O Bank ; X coordinate ; Y coordinate ; Z coordinate ; Combinational Fan-Out ; Registered Fan-Out ; Global ; Input Register ; Power Up High ; PCI I/O Enabled ; Bus Hold ; Weak Pull Up ; I/O Standard ; Termination Control Block ; Location assigned by ; Slew Rate ;
+---------+-------+----------+--------------+--------------+--------------+-----------------------+--------------------+--------+----------------+---------------+-----------------+----------+--------------+--------------+---------------------------+----------------------+-----------+
; clk     ; E1    ; 1        ; 0            ; 11           ; 7            ; 249                   ; 0                  ; yes    ; no             ; no            ; yes             ; no       ; Off          ; 2.5 V        ; --                        ; User                 ; no        ;
; rst_n   ; J14   ; 5        ; 34           ; 10           ; 0            ; 185                   ; 0                  ; no     ; no             ; no            ; yes             ; no       ; Off          ; 2.5 V        ; --                        ; User                 ; no        ;
; switch  ; R16   ; 5        ; 34           ; 5            ; 14           ; 64                    ; 0                  ; no     ; no             ; no            ; yes             ; no       ; Off          ; 2.5 V        ; --                        ; User                 ; no        ;
; uart_rx ; C16   ; 6        ; 34           ; 20           ; 7            ; 14                    ; 0                  ; no     ; no             ; no            ; yes             ; no       ; Off          ; 2.5 V        ; --                        ; User                 ; no        ;
+---------+-------+----------+--------------+--------------+--------------+-----------------------+--------------------+--------+----------------+---------------+-----------------+----------+--------------+--------------+---------------------------+----------------------+-----------+


+---------------------------------------------------------------------------------------------------------------------------------------------------------------------------------------------------------------------------------------------------------------------------------------------------------------------------------------------------------------------------------------------------------------------------------------------------------------+
; Output Pins                                                                                                                                                                                                                                                                                                                                                                                                                                                   ;
+--------------+-------+----------+--------------+--------------+--------------+-----------------+------------------------+---------------+-----------+-----------------+------------+---------------+----------+--------------+--------------+------------------+-----------------------------------+---------------------------+----------------------------+-----------------------------+----------------------+----------------------+---------------------+
; Name         ; Pin # ; I/O Bank ; X coordinate ; Y coordinate ; Z coordinate ; Output Register ; Output Enable Register ; Power Up High ; Slew Rate ; PCI I/O Enabled ; Open Drain ; TRI Primitive ; Bus Hold ; Weak Pull Up ; I/O Standard ; Current Strength ; Termination                       ; Termination Control Block ; Output Buffer Pre-emphasis ; Voltage Output Differential ; Location assigned by ; Output Enable Source ; Output Enable Group ;
+--------------+-------+----------+--------------+--------------+--------------+-----------------+------------------------+---------------+-----------+-----------------+------------+---------------+----------+--------------+--------------+------------------+-----------------------------------+---------------------------+----------------------------+-----------------------------+----------------------+----------------------+---------------------+
; led          ; C3    ; 8        ; 1            ; 24           ; 0            ; no              ; no                     ; no            ; 2         ; no              ; no         ; no            ; no       ; Off          ; 2.5 V        ; Default          ; Series 50 Ohm without Calibration ; --                        ; no                         ; no                          ; User                 ; -                    ; -                   ;
; locked       ; C15   ; 6        ; 34           ; 20           ; 0            ; no              ; no                     ; no            ; 2         ; no              ; no         ; no            ; no       ; Off          ; 2.5 V        ; Default          ; Series 50 Ohm without Calibration ; --                        ; no                         ; no                          ; User                 ; -                    ; -                   ;
; out_dacclk   ; T14   ; 4        ; 30           ; 0            ; 14           ; no              ; no                     ; no            ; 2         ; no              ; no         ; no            ; no       ; Off          ; 2.5 V        ; Default          ; Series 50 Ohm without Calibration ; --                        ; no                         ; no                          ; User                 ; -                    ; -                   ;
; seg[0]       ; D9    ; 7        ; 18           ; 24           ; 14           ; no              ; no                     ; no            ; 2         ; no              ; no         ; no            ; no       ; Off          ; 2.5 V        ; Default          ; Series 50 Ohm without Calibration ; --                        ; no                         ; no                          ; User                 ; -                    ; -                   ;
; seg[1]       ; E10   ; 7        ; 28           ; 24           ; 21           ; no              ; no                     ; no            ; 2         ; no              ; no         ; no            ; no       ; Off          ; 2.5 V        ; Default          ; Series 50 Ohm without Calibration ; --                        ; no                         ; no                          ; User                 ; -                    ; -                   ;
; seg[2]       ; E8    ; 8        ; 13           ; 24           ; 14           ; no              ; no                     ; no            ; 2         ; no              ; no         ; no            ; no       ; Off          ; 2.5 V        ; Default          ; Series 50 Ohm without Calibration ; --                        ; no                         ; no                          ; User                 ; -                    ; -                   ;
; seg[3]       ; D11   ; 7        ; 32           ; 24           ; 21           ; no              ; no                     ; no            ; 2         ; no              ; no         ; no            ; no       ; Off          ; 2.5 V        ; Default          ; Series 50 Ohm without Calibration ; --                        ; no                         ; no                          ; User                 ; -                    ; -                   ;
; seg[4]       ; C8    ; 8        ; 13           ; 24           ; 0            ; no              ; no                     ; no            ; 2         ; no              ; no         ; no            ; no       ; Off          ; 2.5 V        ; Default          ; Series 50 Ohm without Calibration ; --                        ; no                         ; no                          ; User                 ; -                    ; -                   ;
; seg[5]       ; D8    ; 8        ; 13           ; 24           ; 7            ; no              ; no                     ; no            ; 2         ; no              ; no         ; no            ; no       ; Off          ; 2.5 V        ; Default          ; Series 50 Ohm without Calibration ; --                        ; no                         ; no                          ; User                 ; -                    ; -                   ;
; seg[6]       ; E9    ; 7        ; 18           ; 24           ; 21           ; no              ; no                     ; no            ; 2         ; no              ; no         ; no            ; no       ; Off          ; 2.5 V        ; Default          ; Series 50 Ohm without Calibration ; --                        ; no                         ; no                          ; User                 ; -                    ; -                   ;
; seg[7]       ; C9    ; 7        ; 18           ; 24           ; 7            ; no              ; no                     ; no            ; 2         ; no              ; no         ; no            ; no       ; Off          ; 2.5 V        ; Default          ; Series 50 Ohm without Calibration ; --                        ; no                         ; no                          ; User                 ; -                    ; -                   ;
; sel[0]       ; D12   ; 7        ; 30           ; 24           ; 0            ; no              ; no                     ; no            ; 2         ; no              ; no         ; no            ; no       ; Off          ; 2.5 V        ; Default          ; Series 50 Ohm without Calibration ; --                        ; no                         ; no                          ; User                 ; -                    ; -                   ;
; sel[1]       ; C11   ; 7        ; 23           ; 24           ; 0            ; no              ; no                     ; no            ; 2         ; no              ; no         ; no            ; no       ; Off          ; 2.5 V        ; Default          ; Series 50 Ohm without Calibration ; --                        ; no                         ; no                          ; User                 ; -                    ; -                   ;
; sel[2]       ; F11   ; 7        ; 23           ; 24           ; 21           ; no              ; no                     ; no            ; 2         ; no              ; no         ; no            ; no       ; Off          ; 2.5 V        ; Default          ; Series 50 Ohm without Calibration ; --                        ; no                         ; no                          ; User                 ; -                    ; -                   ;
; sel[3]       ; G11   ; 6        ; 34           ; 20           ; 14           ; no              ; no                     ; no            ; 2         ; no              ; no         ; no            ; no       ; Off          ; 2.5 V        ; Default          ; Series 50 Ohm without Calibration ; --                        ; no                         ; no                          ; User                 ; -                    ; -                   ;
; sine_out[0]  ; R10   ; 4        ; 21           ; 0            ; 7            ; no              ; no                     ; no            ; 2         ; no              ; no         ; no            ; no       ; Off          ; 2.5 V        ; Default          ; Series 50 Ohm without Calibration ; --                        ; no                         ; no                          ; User                 ; -                    ; -                   ;
; sine_out[10] ; M10   ; 4        ; 28           ; 0            ; 0            ; no              ; no                     ; no            ; 2         ; no              ; no         ; no            ; no       ; Off          ; 2.5 V        ; Default          ; Series 50 Ohm without Calibration ; --                        ; no                         ; no                          ; User                 ; -                    ; -                   ;
; sine_out[11] ; R11   ; 4        ; 23           ; 0            ; 14           ; no              ; no                     ; no            ; 2         ; no              ; no         ; no            ; no       ; Off          ; 2.5 V        ; Default          ; Series 50 Ohm without Calibration ; --                        ; no                         ; no                          ; User                 ; -                    ; -                   ;
; sine_out[12] ; T13   ; 4        ; 28           ; 0            ; 7            ; no              ; no                     ; no            ; 2         ; no              ; no         ; no            ; no       ; Off          ; 2.5 V        ; Default          ; Series 50 Ohm without Calibration ; --                        ; no                         ; no                          ; User                 ; -                    ; -                   ;
; sine_out[13] ; R13   ; 4        ; 28           ; 0            ; 14           ; no              ; no                     ; no            ; 2         ; no              ; no         ; no            ; no       ; Off          ; 2.5 V        ; Default          ; Series 50 Ohm without Calibration ; --                        ; no                         ; no                          ; User                 ; -                    ; -                   ;
; sine_out[1]  ; T11   ; 4        ; 23           ; 0            ; 7            ; no              ; no                     ; no            ; 2         ; no              ; no         ; no            ; no       ; Off          ; 2.5 V        ; Default          ; Series 50 Ohm without Calibration ; --                        ; no                         ; no                          ; User                 ; -                    ; -                   ;
; sine_out[2]  ; M11   ; 4        ; 32           ; 0            ; 7            ; no              ; no                     ; no            ; 2         ; no              ; no         ; no            ; no       ; Off          ; 2.5 V        ; Default          ; Series 50 Ohm without Calibration ; --                        ; no                         ; no                          ; User                 ; -                    ; -                   ;
; sine_out[3]  ; N12   ; 4        ; 32           ; 0            ; 0            ; no              ; no                     ; no            ; 2         ; no              ; no         ; no            ; no       ; Off          ; 2.5 V        ; Default          ; Series 50 Ohm without Calibration ; --                        ; no                         ; no                          ; User                 ; -                    ; -                   ;
; sine_out[4]  ; P8    ; 3        ; 16           ; 0            ; 14           ; no              ; no                     ; no            ; 2         ; no              ; no         ; no            ; no       ; Off          ; 2.5 V        ; Default          ; Series 50 Ohm without Calibration ; --                        ; no                         ; no                          ; User                 ; -                    ; -                   ;
; sine_out[5]  ; N8    ; 3        ; 16           ; 0            ; 21           ; no              ; no                     ; no            ; 2         ; no              ; no         ; no            ; no       ; Off          ; 2.5 V        ; Default          ; Series 50 Ohm without Calibration ; --                        ; no                         ; no                          ; User                 ; -                    ; -                   ;
; sine_out[6]  ; M8    ; 3        ; 13           ; 0            ; 0            ; no              ; no                     ; no            ; 2         ; no              ; no         ; no            ; no       ; Off          ; 2.5 V        ; Default          ; Series 50 Ohm without Calibration ; --                        ; no                         ; no                          ; User                 ; -                    ; -                   ;
; sine_out[7]  ; M9    ; 4        ; 21           ; 0            ; 21           ; no              ; no                     ; no            ; 2         ; no              ; no         ; no            ; no       ; Off          ; 2.5 V        ; Default          ; Series 50 Ohm without Calibration ; --                        ; no                         ; no                          ; User                 ; -                    ; -                   ;
; sine_out[8]  ; N9    ; 4        ; 21           ; 0            ; 14           ; no              ; no                     ; no            ; 2         ; no              ; no         ; no            ; no       ; Off          ; 2.5 V        ; Default          ; Series 50 Ohm without Calibration ; --                        ; no                         ; no                          ; User                 ; -                    ; -                   ;
; sine_out[9]  ; P9    ; 4        ; 25           ; 0            ; 0            ; no              ; no                     ; no            ; 2         ; no              ; no         ; no            ; no       ; Off          ; 2.5 V        ; Default          ; Series 50 Ohm without Calibration ; --                        ; no                         ; no                          ; User                 ; -                    ; -                   ;
+--------------+-------+----------+--------------+--------------+--------------+-----------------+------------------------+---------------+-----------+-----------------+------------+---------------+----------+--------------+--------------+------------------+-----------------------------------+---------------------------+----------------------------+-----------------------------+----------------------+----------------------+---------------------+


+-------------------------------------------------------------------------------------------------------------------------+
; Dual Purpose and Dedicated Pins                                                                                         ;
+----------+-----------------------------+--------------------------+-------------------------+---------------------------+
; Location ; Pin Name                    ; Reserved As              ; User Signal Name        ; Pin Type                  ;
+----------+-----------------------------+--------------------------+-------------------------+---------------------------+
; C1       ; DIFFIO_L1n, DATA1, ASDO     ; As input tri-stated      ; ~ALTERA_ASDO_DATA1~     ; Dual Purpose Pin          ;
; D2       ; DIFFIO_L2p, FLASH_nCE, nCSO ; As input tri-stated      ; ~ALTERA_FLASH_nCE_nCSO~ ; Dual Purpose Pin          ;
; F4       ; nSTATUS                     ; -                        ; -                       ; Dedicated Programming Pin ;
; H1       ; DCLK                        ; As output driving ground ; ~ALTERA_DCLK~           ; Dual Purpose Pin          ;
; H2       ; DATA0                       ; As input tri-stated      ; ~ALTERA_DATA0~          ; Dual Purpose Pin          ;
; H5       ; nCONFIG                     ; -                        ; -                       ; Dedicated Programming Pin ;
; J3       ; nCE                         ; -                        ; -                       ; Dedicated Programming Pin ;
; H14      ; CONF_DONE                   ; -                        ; -                       ; Dedicated Programming Pin ;
; H13      ; MSEL0                       ; -                        ; -                       ; Dedicated Programming Pin ;
; H12      ; MSEL1                       ; -                        ; -                       ; Dedicated Programming Pin ;
; G12      ; MSEL2                       ; -                        ; -                       ; Dedicated Programming Pin ;
; G12      ; MSEL3                       ; -                        ; -                       ; Dedicated Programming Pin ;
; F16      ; DIFFIO_R3n, nCEO            ; Use as programming pin   ; ~ALTERA_nCEO~           ; Dual Purpose Pin          ;
; E8       ; DIFFIO_T10n, DATA2          ; Use as regular IO        ; seg[2]                  ; Dual Purpose Pin          ;
+----------+-----------------------------+--------------------------+-------------------------+---------------------------+


+------------------------------------------------------------+
; I/O Bank Usage                                             ;
+----------+------------------+---------------+--------------+
; I/O Bank ; Usage            ; VCCIO Voltage ; VREF Voltage ;
+----------+------------------+---------------+--------------+
; 1        ; 5 / 17 ( 29 % )  ; 2.5V          ; --           ;
; 2        ; 0 / 19 ( 0 % )   ; 2.5V          ; --           ;
; 3        ; 3 / 26 ( 12 % )  ; 2.5V          ; --           ;
; 4        ; 12 / 27 ( 44 % ) ; 2.5V          ; --           ;
; 5        ; 2 / 25 ( 8 % )   ; 2.5V          ; --           ;
; 6        ; 4 / 14 ( 29 % )  ; 2.5V          ; --           ;
; 7        ; 8 / 26 ( 31 % )  ; 2.5V          ; --           ;
; 8        ; 4 / 26 ( 15 % )  ; 2.5V          ; --           ;
+----------+------------------+---------------+--------------+


+-----------------------------------------------------------------------------------------------------------------------------------------------------------------------------------------+
; All Package Pins                                                                                                                                                                        ;
+----------+------------+----------+-----------------------------------------------------------+--------+--------------+---------+------------+-----------------+----------+--------------+
; Location ; Pad Number ; I/O Bank ; Pin Name/Usage                                            ; Dir.   ; I/O Standard ; Voltage ; I/O Type   ; User Assignment ; Bus Hold ; Weak Pull Up ;
+----------+------------+----------+-----------------------------------------------------------+--------+--------------+---------+------------+-----------------+----------+--------------+
; A1       ;            ; 8        ; VCCIO8                                                    ; power  ;              ; 2.5V    ; --         ;                 ; --       ; --           ;
; A2       ; 194        ; 8        ; RESERVED_INPUT_WITH_WEAK_PULLUP                           ;        ;              ;         ; Column I/O ;                 ; no       ; On           ;
; A3       ; 200        ; 8        ; RESERVED_INPUT_WITH_WEAK_PULLUP                           ;        ;              ;         ; Column I/O ;                 ; no       ; On           ;
; A4       ; 196        ; 8        ; RESERVED_INPUT_WITH_WEAK_PULLUP                           ;        ;              ;         ; Column I/O ;                 ; no       ; On           ;
; A5       ; 192        ; 8        ; RESERVED_INPUT_WITH_WEAK_PULLUP                           ;        ;              ;         ; Column I/O ;                 ; no       ; On           ;
; A6       ; 188        ; 8        ; RESERVED_INPUT_WITH_WEAK_PULLUP                           ;        ;              ;         ; Column I/O ;                 ; no       ; On           ;
; A7       ; 183        ; 8        ; RESERVED_INPUT_WITH_WEAK_PULLUP                           ;        ;              ;         ; Column I/O ;                 ; no       ; On           ;
; A8       ; 177        ; 8        ; RESERVED_INPUT_WITH_WEAK_PULLUP                           ;        ;              ;         ; Column I/O ;                 ; no       ; On           ;
; A9       ; 175        ; 7        ; RESERVED_INPUT_WITH_WEAK_PULLUP                           ;        ;              ;         ; Column I/O ;                 ; no       ; On           ;
; A10      ; 168        ; 7        ; RESERVED_INPUT_WITH_WEAK_PULLUP                           ;        ;              ;         ; Column I/O ;                 ; no       ; On           ;
; A11      ; 161        ; 7        ; RESERVED_INPUT_WITH_WEAK_PULLUP                           ;        ;              ;         ; Column I/O ;                 ; no       ; On           ;
; A12      ; 159        ; 7        ; RESERVED_INPUT_WITH_WEAK_PULLUP                           ;        ;              ;         ; Column I/O ;                 ; no       ; On           ;
; A13      ; 153        ; 7        ; RESERVED_INPUT_WITH_WEAK_PULLUP                           ;        ;              ;         ; Column I/O ;                 ; no       ; On           ;
; A14      ; 155        ; 7        ; RESERVED_INPUT_WITH_WEAK_PULLUP                           ;        ;              ;         ; Column I/O ;                 ; no       ; On           ;
; A15      ; 167        ; 7        ; RESERVED_INPUT_WITH_WEAK_PULLUP                           ;        ;              ;         ; Column I/O ;                 ; no       ; On           ;
; A16      ;            ; 7        ; VCCIO7                                                    ; power  ;              ; 2.5V    ; --         ;                 ; --       ; --           ;
; B1       ; 3          ; 1        ; RESERVED_INPUT_WITH_WEAK_PULLUP                           ;        ;              ;         ; Row I/O    ;                 ; no       ; On           ;
; B2       ;            ;          ; GND                                                       ; gnd    ;              ;         ; --         ;                 ; --       ; --           ;
; B3       ; 201        ; 8        ; RESERVED_INPUT_WITH_WEAK_PULLUP                           ;        ;              ;         ; Column I/O ;                 ; no       ; On           ;
; B4       ; 197        ; 8        ; RESERVED_INPUT_WITH_WEAK_PULLUP                           ;        ;              ;         ; Column I/O ;                 ; no       ; On           ;
; B5       ; 195        ; 8        ; RESERVED_INPUT_WITH_WEAK_PULLUP                           ;        ;              ;         ; Column I/O ;                 ; no       ; On           ;
; B6       ; 189        ; 8        ; RESERVED_INPUT_WITH_WEAK_PULLUP                           ;        ;              ;         ; Column I/O ;                 ; no       ; On           ;
; B7       ; 184        ; 8        ; RESERVED_INPUT_WITH_WEAK_PULLUP                           ;        ;              ;         ; Column I/O ;                 ; no       ; On           ;
; B8       ; 178        ; 8        ; RESERVED_INPUT_WITH_WEAK_PULLUP                           ;        ;              ;         ; Column I/O ;                 ; no       ; On           ;
; B9       ; 176        ; 7        ; RESERVED_INPUT_WITH_WEAK_PULLUP                           ;        ;              ;         ; Column I/O ;                 ; no       ; On           ;
; B10      ; 169        ; 7        ; RESERVED_INPUT_WITH_WEAK_PULLUP                           ;        ;              ;         ; Column I/O ;                 ; no       ; On           ;
; B11      ; 162        ; 7        ; RESERVED_INPUT_WITH_WEAK_PULLUP                           ;        ;              ;         ; Column I/O ;                 ; no       ; On           ;
; B12      ; 160        ; 7        ; RESERVED_INPUT_WITH_WEAK_PULLUP                           ;        ;              ;         ; Column I/O ;                 ; no       ; On           ;
; B13      ; 154        ; 7        ; RESERVED_INPUT_WITH_WEAK_PULLUP                           ;        ;              ;         ; Column I/O ;                 ; no       ; On           ;
; B14      ; 156        ; 7        ; RESERVED_INPUT_WITH_WEAK_PULLUP                           ;        ;              ;         ; Column I/O ;                 ; no       ; On           ;
; B15      ;            ;          ; GND                                                       ; gnd    ;              ;         ; --         ;                 ; --       ; --           ;
; B16      ; 141        ; 6        ; RESERVED_INPUT_WITH_WEAK_PULLUP                           ;        ;              ;         ; Row I/O    ;                 ; no       ; On           ;
; C1       ; 5          ; 1        ; ~ALTERA_ASDO_DATA1~ / RESERVED_INPUT_WITH_WEAK_PULLUP     ; input  ; 2.5 V        ;         ; Row I/O    ; N               ; no       ; On           ;
; C2       ; 4          ; 1        ; RESERVED_INPUT_WITH_WEAK_PULLUP                           ;        ;              ;         ; Row I/O    ;                 ; no       ; On           ;
; C3       ; 202        ; 8        ; led                                                       ; output ; 2.5 V        ;         ; Column I/O ; Y               ; no       ; Off          ;
; C4       ;            ; 8        ; VCCIO8                                                    ; power  ;              ; 2.5V    ; --         ;                 ; --       ; --           ;
; C5       ;            ;          ; GND                                                       ; gnd    ;              ;         ; --         ;                 ; --       ; --           ;
; C6       ; 187        ; 8        ; RESERVED_INPUT_WITH_WEAK_PULLUP                           ;        ;              ;         ; Column I/O ;                 ; --       ; --           ;
; C7       ;            ; 8        ; VCCIO8                                                    ; power  ;              ; 2.5V    ; --         ;                 ; --       ; --           ;
; C8       ; 179        ; 8        ; seg[4]                                                    ; output ; 2.5 V        ;         ; Column I/O ; Y               ; no       ; Off          ;
; C9       ; 172        ; 7        ; seg[7]                                                    ; output ; 2.5 V        ;         ; Column I/O ; Y               ; no       ; Off          ;
; C10      ;            ; 7        ; VCCIO7                                                    ; power  ;              ; 2.5V    ; --         ;                 ; --       ; --           ;
; C11      ; 163        ; 7        ; sel[1]                                                    ; output ; 2.5 V        ;         ; Column I/O ; Y               ; no       ; Off          ;
; C12      ;            ;          ; GND                                                       ; gnd    ;              ;         ; --         ;                 ; --       ; --           ;
; C13      ;            ; 7        ; VCCIO7                                                    ; power  ;              ; 2.5V    ; --         ;                 ; --       ; --           ;
; C14      ; 149        ; 7        ; RESERVED_INPUT_WITH_WEAK_PULLUP                           ;        ;              ;         ; Column I/O ;                 ; no       ; On           ;
; C15      ; 147        ; 6        ; locked                                                    ; output ; 2.5 V        ;         ; Row I/O    ; Y               ; no       ; Off          ;
; C16      ; 146        ; 6        ; uart_rx                                                   ; input  ; 2.5 V        ;         ; Row I/O    ; Y               ; no       ; Off          ;
; D1       ; 8          ; 1        ; RESERVED_INPUT_WITH_WEAK_PULLUP                           ;        ;              ;         ; Row I/O    ;                 ; no       ; On           ;
; D2       ; 7          ; 1        ; ~ALTERA_FLASH_nCE_nCSO~ / RESERVED_INPUT_WITH_WEAK_PULLUP ; input  ; 2.5 V        ;         ; Row I/O    ; N               ; no       ; On           ;
; D3       ; 203        ; 8        ; RESERVED_INPUT_WITH_WEAK_PULLUP                           ;        ;              ;         ; Column I/O ;                 ; no       ; On           ;
; D4       ; 0          ; 1        ; RESERVED_INPUT_WITH_WEAK_PULLUP                           ;        ;              ;         ; Row I/O    ;                 ; no       ; On           ;
; D5       ; 198        ; 8        ; RESERVED_INPUT_WITH_WEAK_PULLUP                           ;        ;              ;         ; Column I/O ;                 ; no       ; On           ;
; D6       ; 199        ; 8        ; RESERVED_INPUT_WITH_WEAK_PULLUP                           ;        ;              ;         ; Column I/O ;                 ; no       ; On           ;
; D7       ;            ;          ; GND                                                       ; gnd    ;              ;         ; --         ;                 ; --       ; --           ;
; D8       ; 180        ; 8        ; seg[5]                                                    ; output ; 2.5 V        ;         ; Column I/O ; Y               ; no       ; Off          ;
; D9       ; 173        ; 7        ; seg[0]                                                    ; output ; 2.5 V        ;         ; Column I/O ; Y               ; no       ; Off          ;
; D10      ;            ;          ; GND                                                       ; gnd    ;              ;         ; --         ;                 ; --       ; --           ;
; D11      ; 151        ; 7        ; seg[3]                                                    ; output ; 2.5 V        ;         ; Column I/O ; Y               ; no       ; Off          ;
; D12      ; 152        ; 7        ; sel[0]                                                    ; output ; 2.5 V        ;         ; Column I/O ; Y               ; no       ; Off          ;
; D13      ;            ;          ; VCCD_PLL2                                                 ; power  ;              ; 1.2V    ; --         ;                 ; --       ; --           ;
; D14      ; 150        ; 7        ; RESERVED_INPUT_WITH_WEAK_PULLUP                           ;        ;              ;         ; Column I/O ;                 ; no       ; On           ;
; D15      ; 144        ; 6        ; RESERVED_INPUT_WITH_WEAK_PULLUP                           ;        ;              ;         ; Row I/O    ;                 ; no       ; On           ;
; D16      ; 143        ; 6        ; RESERVED_INPUT_WITH_WEAK_PULLUP                           ;        ;              ;         ; Row I/O    ;                 ; no       ; On           ;
; E1       ; 24         ; 1        ; clk                                                       ; input  ; 2.5 V        ;         ; Row I/O    ; Y               ; no       ; Off          ;
; E2       ;            ;          ; GND                                                       ; gnd    ;              ;         ; --         ;                 ; --       ; --           ;
; E3       ;            ; 1        ; VCCIO1                                                    ; power  ;              ; 2.5V    ; --         ;                 ; --       ; --           ;
; E4       ;            ;          ; GND                                                       ; gnd    ;              ;         ; --         ;                 ; --       ; --           ;
; E5       ; 1          ; 1        ; RESERVED_INPUT_WITH_WEAK_PULLUP                           ;        ;              ;         ; Row I/O    ;                 ; no       ; On           ;
; E6       ; 191        ; 8        ; RESERVED_INPUT_WITH_WEAK_PULLUP                           ;        ;              ;         ; Column I/O ;                 ; no       ; On           ;
; E7       ; 190        ; 8        ; RESERVED_INPUT_WITH_WEAK_PULLUP                           ;        ;              ;         ; Column I/O ;                 ; no       ; On           ;
; E8       ; 181        ; 8        ; seg[2]                                                    ; output ; 2.5 V        ;         ; Column I/O ; Y               ; no       ; Off          ;
; E9       ; 174        ; 7        ; seg[6]                                                    ; output ; 2.5 V        ;         ; Column I/O ; Y               ; no       ; Off          ;
; E10      ; 158        ; 7        ; seg[1]                                                    ; output ; 2.5 V        ;         ; Column I/O ; Y               ; no       ; Off          ;
; E11      ; 157        ; 7        ; RESERVED_INPUT_WITH_WEAK_PULLUP                           ;        ;              ;         ; Column I/O ;                 ; no       ; On           ;
; E12      ;            ;          ; GNDA2                                                     ; gnd    ;              ;         ; --         ;                 ; --       ; --           ;
; E13      ;            ;          ; GND                                                       ; gnd    ;              ;         ; --         ;                 ; --       ; --           ;
; E14      ;            ; 6        ; VCCIO6                                                    ; power  ;              ; 2.5V    ; --         ;                 ; --       ; --           ;
; E15      ; 128        ; 6        ; GND+                                                      ;        ;              ;         ; Row I/O    ;                 ; --       ; --           ;
; E16      ; 127        ; 6        ; GND+                                                      ;        ;              ;         ; Row I/O    ;                 ; --       ; --           ;
; F1       ; 12         ; 1        ; RESERVED_INPUT_WITH_WEAK_PULLUP                           ;        ;              ;         ; Row I/O    ;                 ; no       ; On           ;
; F2       ; 11         ; 1        ; RESERVED_INPUT_WITH_WEAK_PULLUP                           ;        ;              ;         ; Row I/O    ;                 ; no       ; On           ;
; F3       ; 6          ; 1        ; RESERVED_INPUT_WITH_WEAK_PULLUP                           ;        ;              ;         ; Row I/O    ;                 ; --       ; --           ;
; F4       ; 9          ; 1        ; ^nSTATUS                                                  ;        ;              ;         ; --         ;                 ; --       ; --           ;
; F5       ; 2          ; 1        ; RESERVED_INPUT_WITH_WEAK_PULLUP                           ;        ;              ;         ; Row I/O    ;                 ; no       ; On           ;
; F6       ; 185        ; 8        ; RESERVED_INPUT_WITH_WEAK_PULLUP                           ;        ;              ;         ; Column I/O ;                 ; no       ; On           ;
; F7       ; 186        ; 8        ; RESERVED_INPUT_WITH_WEAK_PULLUP                           ;        ;              ;         ; Column I/O ;                 ; no       ; On           ;
; F8       ; 182        ; 8        ; RESERVED_INPUT_WITH_WEAK_PULLUP                           ;        ;              ;         ; Column I/O ;                 ; no       ; On           ;
; F9       ; 165        ; 7        ; RESERVED_INPUT_WITH_WEAK_PULLUP                           ;        ;              ;         ; Column I/O ;                 ; no       ; On           ;
; F10      ; 164        ; 7        ; RESERVED_INPUT_WITH_WEAK_PULLUP                           ;        ;              ;         ; Column I/O ;                 ; no       ; On           ;
; F11      ; 166        ; 7        ; sel[2]                                                    ; output ; 2.5 V        ;         ; Column I/O ; Y               ; no       ; Off          ;
; F12      ;            ; --       ; VCCA2                                                     ; power  ;              ; 2.5V    ; --         ;                 ; --       ; --           ;
; F13      ; 138        ; 6        ; RESERVED_INPUT_WITH_WEAK_PULLUP                           ;        ;              ;         ; Row I/O    ;                 ; no       ; On           ;
; F14      ; 142        ; 6        ; RESERVED_INPUT_WITH_WEAK_PULLUP                           ;        ;              ;         ; Row I/O    ;                 ; --       ; --           ;
; F15      ; 140        ; 6        ; RESERVED_INPUT_WITH_WEAK_PULLUP                           ;        ;              ;         ; Row I/O    ;                 ; no       ; On           ;
; F16      ; 139        ; 6        ; ~ALTERA_nCEO~ / RESERVED_OUTPUT_OPEN_DRAIN                ; output ; 2.5 V        ;         ; Row I/O    ; N               ; no       ; Off          ;
; G1       ; 14         ; 1        ; RESERVED_INPUT_WITH_WEAK_PULLUP                           ;        ;              ;         ; Row I/O    ;                 ; no       ; On           ;
; G2       ; 13         ; 1        ; RESERVED_INPUT_WITH_WEAK_PULLUP                           ;        ;              ;         ; Row I/O    ;                 ; no       ; On           ;
; G3       ;            ; 1        ; VCCIO1                                                    ; power  ;              ; 2.5V    ; --         ;                 ; --       ; --           ;
; G4       ;            ;          ; GND                                                       ; gnd    ;              ;         ; --         ;                 ; --       ; --           ;
; G5       ; 10         ; 1        ; RESERVED_INPUT_WITH_WEAK_PULLUP                           ;        ;              ;         ; Row I/O    ;                 ; no       ; On           ;
; G6       ;            ;          ; VCCINT                                                    ; power  ;              ; 1.2V    ; --         ;                 ; --       ; --           ;
; G7       ;            ;          ; VCCINT                                                    ; power  ;              ; 1.2V    ; --         ;                 ; --       ; --           ;
; G8       ;            ;          ; VCCINT                                                    ; power  ;              ; 1.2V    ; --         ;                 ; --       ; --           ;
; G9       ;            ;          ; VCCINT                                                    ; power  ;              ; 1.2V    ; --         ;                 ; --       ; --           ;
; G10      ;            ;          ; VCCINT                                                    ; power  ;              ; 1.2V    ; --         ;                 ; --       ; --           ;
; G11      ; 145        ; 6        ; sel[3]                                                    ; output ; 2.5 V        ;         ; Row I/O    ; Y               ; no       ; Off          ;
; G12      ; 132        ; 6        ; ^MSEL2                                                    ;        ;              ;         ; --         ;                 ; --       ; --           ;
; G12      ; 133        ; 6        ; ^MSEL3                                                    ;        ;              ;         ; --         ;                 ; --       ; --           ;
; G13      ;            ;          ; GND                                                       ; gnd    ;              ;         ; --         ;                 ; --       ; --           ;
; G14      ;            ; 6        ; VCCIO6                                                    ; power  ;              ; 2.5V    ; --         ;                 ; --       ; --           ;
; G15      ; 137        ; 6        ; RESERVED_INPUT_WITH_WEAK_PULLUP                           ;        ;              ;         ; Row I/O    ;                 ; no       ; On           ;
; G16      ; 136        ; 6        ; RESERVED_INPUT_WITH_WEAK_PULLUP                           ;        ;              ;         ; Row I/O    ;                 ; no       ; On           ;
; H1       ; 15         ; 1        ; ~ALTERA_DCLK~                                             ; output ; 2.5 V        ;         ; Row I/O    ; N               ; no       ; On           ;
; H2       ; 16         ; 1        ; ~ALTERA_DATA0~ / RESERVED_INPUT_WITH_WEAK_PULLUP          ; input  ; 2.5 V        ;         ; Row I/O    ; N               ; no       ; On           ;
; H3       ; 19         ; 1        ; #TCK                                                      ; input  ;              ;         ; --         ;                 ; --       ; --           ;
; H4       ; 18         ; 1        ; #TDI                                                      ; input  ;              ;         ; --         ;                 ; --       ; --           ;
; H5       ; 17         ; 1        ; ^nCONFIG                                                  ;        ;              ;         ; --         ;                 ; --       ; --           ;
; H6       ;            ;          ; VCCINT                                                    ; power  ;              ; 1.2V    ; --         ;                 ; --       ; --           ;
; H7       ;            ;          ; GND                                                       ; gnd    ;              ;         ; --         ;                 ; --       ; --           ;
; H8       ;            ;          ; GND                                                       ; gnd    ;              ;         ; --         ;                 ; --       ; --           ;
; H9       ;            ;          ; GND                                                       ; gnd    ;              ;         ; --         ;                 ; --       ; --           ;
; H10      ;            ;          ; GND                                                       ; gnd    ;              ;         ; --         ;                 ; --       ; --           ;
; H11      ;            ;          ; VCCINT                                                    ; power  ;              ; 1.2V    ; --         ;                 ; --       ; --           ;
; H12      ; 131        ; 6        ; ^MSEL1                                                    ;        ;              ;         ; --         ;                 ; --       ; --           ;
; H13      ; 130        ; 6        ; ^MSEL0                                                    ;        ;              ;         ; --         ;                 ; --       ; --           ;
; H14      ; 129        ; 6        ; ^CONF_DONE                                                ;        ;              ;         ; --         ;                 ; --       ; --           ;
; H15      ;            ;          ; GND                                                       ; gnd    ;              ;         ; --         ;                 ; --       ; --           ;
; H16      ;            ;          ; GND                                                       ; gnd    ;              ;         ; --         ;                 ; --       ; --           ;
; J1       ; 28         ; 2        ; RESERVED_INPUT_WITH_WEAK_PULLUP                           ;        ;              ;         ; Row I/O    ;                 ; no       ; On           ;
; J2       ; 27         ; 2        ; RESERVED_INPUT_WITH_WEAK_PULLUP                           ;        ;              ;         ; Row I/O    ;                 ; no       ; On           ;
; J3       ; 22         ; 1        ; ^nCE                                                      ;        ;              ;         ; --         ;                 ; --       ; --           ;
; J4       ; 21         ; 1        ; #TDO                                                      ; output ;              ;         ; --         ;                 ; --       ; --           ;
; J5       ; 20         ; 1        ; #TMS                                                      ; input  ;              ;         ; --         ;                 ; --       ; --           ;
; J6       ; 29         ; 2        ; RESERVED_INPUT_WITH_WEAK_PULLUP                           ;        ;              ;         ; Row I/O    ;                 ; no       ; On           ;
; J7       ;            ;          ; GND                                                       ; gnd    ;              ;         ; --         ;                 ; --       ; --           ;
; J8       ;            ;          ; GND                                                       ; gnd    ;              ;         ; --         ;                 ; --       ; --           ;
; J9       ;            ;          ; GND                                                       ; gnd    ;              ;         ; --         ;                 ; --       ; --           ;
; J10      ;            ;          ; GND                                                       ; gnd    ;              ;         ; --         ;                 ; --       ; --           ;
; J11      ; 117        ; 5        ; RESERVED_INPUT_WITH_WEAK_PULLUP                           ;        ;              ;         ; Row I/O    ;                 ; no       ; On           ;
; J12      ; 123        ; 5        ; RESERVED_INPUT_WITH_WEAK_PULLUP                           ;        ;              ;         ; Row I/O    ;                 ; no       ; On           ;
; J13      ; 124        ; 5        ; RESERVED_INPUT_WITH_WEAK_PULLUP                           ;        ;              ;         ; Row I/O    ;                 ; no       ; On           ;
; J14      ; 122        ; 5        ; rst_n                                                     ; input  ; 2.5 V        ;         ; Row I/O    ; Y               ; no       ; Off          ;
; J15      ; 121        ; 5        ; RESERVED_INPUT_WITH_WEAK_PULLUP                           ;        ;              ;         ; Row I/O    ;                 ; no       ; On           ;
; J16      ; 120        ; 5        ; RESERVED_INPUT_WITH_WEAK_PULLUP                           ;        ;              ;         ; Row I/O    ;                 ; no       ; On           ;
; K1       ; 33         ; 2        ; RESERVED_INPUT_WITH_WEAK_PULLUP                           ;        ;              ;         ; Row I/O    ;                 ; no       ; On           ;
; K2       ; 32         ; 2        ; RESERVED_INPUT_WITH_WEAK_PULLUP                           ;        ;              ;         ; Row I/O    ;                 ; no       ; On           ;
; K3       ;            ; 2        ; VCCIO2                                                    ; power  ;              ; 2.5V    ; --         ;                 ; --       ; --           ;
; K4       ;            ;          ; GND                                                       ; gnd    ;              ;         ; --         ;                 ; --       ; --           ;
; K5       ; 39         ; 2        ; RESERVED_INPUT_WITH_WEAK_PULLUP                           ;        ;              ;         ; Row I/O    ;                 ; no       ; On           ;
; K6       ; 30         ; 2        ; RESERVED_INPUT_WITH_WEAK_PULLUP                           ;        ;              ;         ; Row I/O    ;                 ; no       ; On           ;
; K7       ;            ;          ; VCCINT                                                    ; power  ;              ; 1.2V    ; --         ;                 ; --       ; --           ;
; K8       ; 60         ; 3        ; RESERVED_INPUT_WITH_WEAK_PULLUP                           ;        ;              ;         ; Column I/O ;                 ; no       ; On           ;
; K9       ; 76         ; 4        ; RESERVED_INPUT_WITH_WEAK_PULLUP                           ;        ;              ;         ; Column I/O ;                 ; no       ; On           ;
; K10      ; 87         ; 4        ; RESERVED_INPUT_WITH_WEAK_PULLUP                           ;        ;              ;         ; Column I/O ;                 ; no       ; On           ;
; K11      ; 110        ; 5        ; RESERVED_INPUT_WITH_WEAK_PULLUP                           ;        ;              ;         ; Row I/O    ;                 ; no       ; On           ;
; K12      ; 105        ; 5        ; RESERVED_INPUT_WITH_WEAK_PULLUP                           ;        ;              ;         ; Row I/O    ;                 ; no       ; On           ;
; K13      ;            ;          ; GND                                                       ; gnd    ;              ;         ; --         ;                 ; --       ; --           ;
; K14      ;            ; 5        ; VCCIO5                                                    ; power  ;              ; 2.5V    ; --         ;                 ; --       ; --           ;
; K15      ; 119        ; 5        ; RESERVED_INPUT_WITH_WEAK_PULLUP                           ;        ;              ;         ; Row I/O    ;                 ; no       ; On           ;
; K16      ; 118        ; 5        ; RESERVED_INPUT_WITH_WEAK_PULLUP                           ;        ;              ;         ; Row I/O    ;                 ; no       ; On           ;
; L1       ; 35         ; 2        ; RESERVED_INPUT_WITH_WEAK_PULLUP                           ;        ;              ;         ; Row I/O    ;                 ; no       ; On           ;
; L2       ; 34         ; 2        ; RESERVED_INPUT_WITH_WEAK_PULLUP                           ;        ;              ;         ; Row I/O    ;                 ; no       ; On           ;
; L3       ; 36         ; 2        ; RESERVED_INPUT_WITH_WEAK_PULLUP                           ;        ;              ;         ; Row I/O    ;                 ; --       ; --           ;
; L4       ; 40         ; 2        ; RESERVED_INPUT_WITH_WEAK_PULLUP                           ;        ;              ;         ; Row I/O    ;                 ; no       ; On           ;
; L5       ;            ; --       ; VCCA1                                                     ; power  ;              ; 2.5V    ; --         ;                 ; --       ; --           ;
; L6       ; 31         ; 2        ; RESERVED_INPUT_WITH_WEAK_PULLUP                           ;        ;              ;         ; Row I/O    ;                 ; no       ; On           ;
; L7       ; 65         ; 3        ; RESERVED_INPUT_WITH_WEAK_PULLUP                           ;        ;              ;         ; Column I/O ;                 ; no       ; On           ;
; L8       ; 68         ; 3        ; RESERVED_INPUT_WITH_WEAK_PULLUP                           ;        ;              ;         ; Column I/O ;                 ; no       ; On           ;
; L9       ; 77         ; 4        ; RESERVED_INPUT_WITH_WEAK_PULLUP                           ;        ;              ;         ; Column I/O ;                 ; no       ; On           ;
; L10      ; 88         ; 4        ; RESERVED_INPUT_WITH_WEAK_PULLUP                           ;        ;              ;         ; Column I/O ;                 ; no       ; On           ;
; L11      ; 99         ; 4        ; RESERVED_INPUT_WITH_WEAK_PULLUP                           ;        ;              ;         ; Column I/O ;                 ; no       ; On           ;
; L12      ; 104        ; 5        ; RESERVED_INPUT_WITH_WEAK_PULLUP                           ;        ;              ;         ; Row I/O    ;                 ; no       ; On           ;
; L13      ; 114        ; 5        ; RESERVED_INPUT_WITH_WEAK_PULLUP                           ;        ;              ;         ; Row I/O    ;                 ; no       ; On           ;
; L14      ; 113        ; 5        ; RESERVED_INPUT_WITH_WEAK_PULLUP                           ;        ;              ;         ; Row I/O    ;                 ; --       ; --           ;
; L15      ; 116        ; 5        ; RESERVED_INPUT_WITH_WEAK_PULLUP                           ;        ;              ;         ; Row I/O    ;                 ; no       ; On           ;
; L16      ; 115        ; 5        ; RESERVED_INPUT_WITH_WEAK_PULLUP                           ;        ;              ;         ; Row I/O    ;                 ; no       ; On           ;
; M1       ; 26         ; 2        ; GND+                                                      ;        ;              ;         ; Row I/O    ;                 ; --       ; --           ;
; M2       ; 25         ; 2        ; GND+                                                      ;        ;              ;         ; Row I/O    ;                 ; --       ; --           ;
; M3       ;            ; 2        ; VCCIO2                                                    ; power  ;              ; 2.5V    ; --         ;                 ; --       ; --           ;
; M4       ;            ;          ; GND                                                       ; gnd    ;              ;         ; --         ;                 ; --       ; --           ;
; M5       ;            ;          ; GNDA1                                                     ; gnd    ;              ;         ; --         ;                 ; --       ; --           ;
; M6       ; 57         ; 3        ; RESERVED_INPUT_WITH_WEAK_PULLUP                           ;        ;              ;         ; Column I/O ;                 ; no       ; On           ;
; M7       ; 59         ; 3        ; RESERVED_INPUT_WITH_WEAK_PULLUP                           ;        ;              ;         ; Column I/O ;                 ; no       ; On           ;
; M8       ; 69         ; 3        ; sine_out[6]                                               ; output ; 2.5 V        ;         ; Column I/O ; Y               ; no       ; Off          ;
; M9       ; 78         ; 4        ; sine_out[7]                                               ; output ; 2.5 V        ;         ; Column I/O ; Y               ; no       ; Off          ;
; M10      ; 93         ; 4        ; sine_out[10]                                              ; output ; 2.5 V        ;         ; Column I/O ; Y               ; no       ; Off          ;
; M11      ; 100        ; 4        ; sine_out[2]                                               ; output ; 2.5 V        ;         ; Column I/O ; Y               ; no       ; Off          ;
; M12      ; 103        ; 5        ; RESERVED_INPUT_WITH_WEAK_PULLUP                           ;        ;              ;         ; Row I/O    ;                 ; no       ; On           ;
; M13      ;            ;          ; GND                                                       ; gnd    ;              ;         ; --         ;                 ; --       ; --           ;
; M14      ;            ; 5        ; VCCIO5                                                    ; power  ;              ; 2.5V    ; --         ;                 ; --       ; --           ;
; M15      ; 126        ; 5        ; GND+                                                      ;        ;              ;         ; Row I/O    ;                 ; --       ; --           ;
; M16      ; 125        ; 5        ; GND+                                                      ;        ;              ;         ; Row I/O    ;                 ; --       ; --           ;
; N1       ; 38         ; 2        ; RESERVED_INPUT_WITH_WEAK_PULLUP                           ;        ;              ;         ; Row I/O    ;                 ; no       ; On           ;
; N2       ; 37         ; 2        ; RESERVED_INPUT_WITH_WEAK_PULLUP                           ;        ;              ;         ; Row I/O    ;                 ; no       ; On           ;
; N3       ; 45         ; 3        ; RESERVED_INPUT_WITH_WEAK_PULLUP                           ;        ;              ;         ; Column I/O ;                 ; no       ; On           ;
; N4       ;            ;          ; VCCD_PLL1                                                 ; power  ;              ; 1.2V    ; --         ;                 ; --       ; --           ;
; N5       ; 55         ; 3        ; RESERVED_INPUT_WITH_WEAK_PULLUP                           ;        ;              ;         ; Column I/O ;                 ; no       ; On           ;
; N6       ; 56         ; 3        ; RESERVED_INPUT_WITH_WEAK_PULLUP                           ;        ;              ;         ; Column I/O ;                 ; no       ; On           ;
; N7       ;            ;          ; GND                                                       ; gnd    ;              ;         ; --         ;                 ; --       ; --           ;
; N8       ; 70         ; 3        ; sine_out[5]                                               ; output ; 2.5 V        ;         ; Column I/O ; Y               ; no       ; Off          ;
; N9       ; 79         ; 4        ; sine_out[8]                                               ; output ; 2.5 V        ;         ; Column I/O ; Y               ; no       ; Off          ;
; N10      ;            ;          ; GND                                                       ; gnd    ;              ;         ; --         ;                 ; --       ; --           ;
; N11      ; 94         ; 4        ; RESERVED_INPUT_WITH_WEAK_PULLUP                           ;        ;              ;         ; Column I/O ;                 ; no       ; On           ;
; N12      ; 101        ; 4        ; sine_out[3]                                               ; output ; 2.5 V        ;         ; Column I/O ; Y               ; no       ; Off          ;
; N13      ; 102        ; 5        ; RESERVED_INPUT_WITH_WEAK_PULLUP                           ;        ;              ;         ; Row I/O    ;                 ; no       ; On           ;
; N14      ; 106        ; 5        ; RESERVED_INPUT_WITH_WEAK_PULLUP                           ;        ;              ;         ; Row I/O    ;                 ; no       ; On           ;
; N15      ; 112        ; 5        ; RESERVED_INPUT_WITH_WEAK_PULLUP                           ;        ;              ;         ; Row I/O    ;                 ; no       ; On           ;
; N16      ; 111        ; 5        ; RESERVED_INPUT_WITH_WEAK_PULLUP                           ;        ;              ;         ; Row I/O    ;                 ; no       ; On           ;
; P1       ; 44         ; 2        ; RESERVED_INPUT_WITH_WEAK_PULLUP                           ;        ;              ;         ; Row I/O    ;                 ; no       ; On           ;
; P2       ; 43         ; 2        ; RESERVED_INPUT_WITH_WEAK_PULLUP                           ;        ;              ;         ; Row I/O    ;                 ; no       ; On           ;
; P3       ; 46         ; 3        ; RESERVED_INPUT_WITH_WEAK_PULLUP                           ;        ;              ;         ; Column I/O ;                 ; no       ; On           ;
; P4       ;            ; 3        ; VCCIO3                                                    ; power  ;              ; 2.5V    ; --         ;                 ; --       ; --           ;
; P5       ;            ;          ; GND                                                       ; gnd    ;              ;         ; --         ;                 ; --       ; --           ;
; P6       ; 58         ; 3        ; RESERVED_INPUT_WITH_WEAK_PULLUP                           ;        ;              ;         ; Column I/O ;                 ; --       ; --           ;
; P7       ;            ; 3        ; VCCIO3                                                    ; power  ;              ; 2.5V    ; --         ;                 ; --       ; --           ;
; P8       ; 71         ; 3        ; sine_out[4]                                               ; output ; 2.5 V        ;         ; Column I/O ; Y               ; no       ; Off          ;
; P9       ; 89         ; 4        ; sine_out[9]                                               ; output ; 2.5 V        ;         ; Column I/O ; Y               ; no       ; Off          ;
; P10      ;            ; 4        ; VCCIO4                                                    ; power  ;              ; 2.5V    ; --         ;                 ; --       ; --           ;
; P11      ; 90         ; 4        ; RESERVED_INPUT_WITH_WEAK_PULLUP                           ;        ;              ;         ; Column I/O ;                 ; --       ; --           ;
; P12      ;            ;          ; GND                                                       ; gnd    ;              ;         ; --         ;                 ; --       ; --           ;
; P13      ;            ; 4        ; VCCIO4                                                    ; power  ;              ; 2.5V    ; --         ;                 ; --       ; --           ;
; P14      ; 98         ; 4        ; RESERVED_INPUT_WITH_WEAK_PULLUP                           ;        ;              ;         ; Column I/O ;                 ; no       ; On           ;
; P15      ; 107        ; 5        ; RESERVED_INPUT_WITH_WEAK_PULLUP                           ;        ;              ;         ; Row I/O    ;                 ; no       ; On           ;
; P16      ; 108        ; 5        ; RESERVED_INPUT_WITH_WEAK_PULLUP                           ;        ;              ;         ; Row I/O    ;                 ; no       ; On           ;
; R1       ; 42         ; 2        ; RESERVED_INPUT_WITH_WEAK_PULLUP                           ;        ;              ;         ; Row I/O    ;                 ; no       ; On           ;
; R2       ;            ;          ; GND                                                       ; gnd    ;              ;         ; --         ;                 ; --       ; --           ;
; R3       ; 47         ; 3        ; RESERVED_INPUT_WITH_WEAK_PULLUP                           ;        ;              ;         ; Column I/O ;                 ; no       ; On           ;
; R4       ; 53         ; 3        ; RESERVED_INPUT_WITH_WEAK_PULLUP                           ;        ;              ;         ; Column I/O ;                 ; no       ; On           ;
; R5       ; 61         ; 3        ; RESERVED_INPUT_WITH_WEAK_PULLUP                           ;        ;              ;         ; Column I/O ;                 ; no       ; On           ;
; R6       ; 63         ; 3        ; RESERVED_INPUT_WITH_WEAK_PULLUP                           ;        ;              ;         ; Column I/O ;                 ; no       ; On           ;
; R7       ; 66         ; 3        ; RESERVED_INPUT_WITH_WEAK_PULLUP                           ;        ;              ;         ; Column I/O ;                 ; no       ; On           ;
; R8       ; 72         ; 3        ; RESERVED_INPUT_WITH_WEAK_PULLUP                           ;        ;              ;         ; Column I/O ;                 ; no       ; On           ;
; R9       ; 74         ; 4        ; RESERVED_INPUT_WITH_WEAK_PULLUP                           ;        ;              ;         ; Column I/O ;                 ; no       ; On           ;
; R10      ; 80         ; 4        ; sine_out[0]                                               ; output ; 2.5 V        ;         ; Column I/O ; Y               ; no       ; Off          ;
; R11      ; 83         ; 4        ; sine_out[11]                                              ; output ; 2.5 V        ;         ; Column I/O ; Y               ; no       ; Off          ;
; R12      ; 85         ; 4        ; RESERVED_INPUT_WITH_WEAK_PULLUP                           ;        ;              ;         ; Column I/O ;                 ; no       ; On           ;
; R13      ; 91         ; 4        ; sine_out[13]                                              ; output ; 2.5 V        ;         ; Column I/O ; Y               ; no       ; Off          ;
; R14      ; 97         ; 4        ; RESERVED_INPUT_WITH_WEAK_PULLUP                           ;        ;              ;         ; Column I/O ;                 ; no       ; On           ;
; R15      ;            ;          ; GND                                                       ; gnd    ;              ;         ; --         ;                 ; --       ; --           ;
; R16      ; 109        ; 5        ; switch                                                    ; input  ; 2.5 V        ;         ; Row I/O    ; Y               ; no       ; Off          ;
; T1       ;            ; 3        ; VCCIO3                                                    ; power  ;              ; 2.5V    ; --         ;                 ; --       ; --           ;
; T2       ; 52         ; 3        ; RESERVED_INPUT_WITH_WEAK_PULLUP                           ;        ;              ;         ; Column I/O ;                 ; no       ; On           ;
; T3       ; 48         ; 3        ; RESERVED_INPUT_WITH_WEAK_PULLUP                           ;        ;              ;         ; Column I/O ;                 ; no       ; On           ;
; T4       ; 54         ; 3        ; RESERVED_INPUT_WITH_WEAK_PULLUP                           ;        ;              ;         ; Column I/O ;                 ; no       ; On           ;
; T5       ; 62         ; 3        ; RESERVED_INPUT_WITH_WEAK_PULLUP                           ;        ;              ;         ; Column I/O ;                 ; no       ; On           ;
; T6       ; 64         ; 3        ; RESERVED_INPUT_WITH_WEAK_PULLUP                           ;        ;              ;         ; Column I/O ;                 ; no       ; On           ;
; T7       ; 67         ; 3        ; RESERVED_INPUT_WITH_WEAK_PULLUP                           ;        ;              ;         ; Column I/O ;                 ; no       ; On           ;
; T8       ; 73         ; 3        ; RESERVED_INPUT_WITH_WEAK_PULLUP                           ;        ;              ;         ; Column I/O ;                 ; no       ; On           ;
; T9       ; 75         ; 4        ; RESERVED_INPUT_WITH_WEAK_PULLUP                           ;        ;              ;         ; Column I/O ;                 ; no       ; On           ;
; T10      ; 81         ; 4        ; RESERVED_INPUT_WITH_WEAK_PULLUP                           ;        ;              ;         ; Column I/O ;                 ; no       ; On           ;
; T11      ; 84         ; 4        ; sine_out[1]                                               ; output ; 2.5 V        ;         ; Column I/O ; Y               ; no       ; Off          ;
; T12      ; 86         ; 4        ; RESERVED_INPUT_WITH_WEAK_PULLUP                           ;        ;              ;         ; Column I/O ;                 ; no       ; On           ;
; T13      ; 92         ; 4        ; sine_out[12]                                              ; output ; 2.5 V        ;         ; Column I/O ; Y               ; no       ; Off          ;
; T14      ; 95         ; 4        ; out_dacclk                                                ; output ; 2.5 V        ;         ; Column I/O ; Y               ; no       ; Off          ;
; T15      ; 96         ; 4        ; RESERVED_INPUT_WITH_WEAK_PULLUP                           ;        ;              ;         ; Column I/O ;                 ; no       ; On           ;
; T16      ;            ; 4        ; VCCIO4                                                    ; power  ;              ; 2.5V    ; --         ;                 ; --       ; --           ;
+----------+------------+----------+-----------------------------------------------------------+--------+--------------+---------+------------+-----------------+----------+--------------+
Note: Pin directions (input, output or bidir) are based on device operating in user mode.


+----------------------------------------------------------------------------------------------------------------+
; PLL Summary                                                                                                    ;
+-------------------------------+--------------------------------------------------------------------------------+
; Name                          ; dac904_pll:u_pll|altpll:altpll_component|dac904_pll_altpll:auto_generated|pll1 ;
+-------------------------------+--------------------------------------------------------------------------------+
; SDC pin name                  ; u_pll|altpll_component|auto_generated|pll1                                     ;
; PLL mode                      ; Normal                                                                         ;
; Compensate clock              ; clock0                                                                         ;
; Compensated input/output pins ; --                                                                             ;
; Switchover type               ; --                                                                             ;
; Input frequency 0             ; 50.0 MHz                                                                       ;
; Input frequency 1             ; --                                                                             ;
; Nominal PFD frequency         ; 50.0 MHz                                                                       ;
; Nominal VCO frequency         ; 600.0 MHz                                                                      ;
; VCO post scale K counter      ; 2                                                                              ;
; VCO frequency control         ; Auto                                                                           ;
; VCO phase shift step          ; 208 ps                                                                         ;
; VCO multiply                  ; --                                                                             ;
; VCO divide                    ; --                                                                             ;
; Freq min lock                 ; 25.0 MHz                                                                       ;
; Freq max lock                 ; 54.18 MHz                                                                      ;
; M VCO Tap                     ; 0                                                                              ;
; M Initial                     ; 1                                                                              ;
; M value                       ; 12                                                                             ;
; N value                       ; 1                                                                              ;
; Charge pump current           ; setting 1                                                                      ;
; Loop filter resistance        ; setting 27                                                                     ;
; Loop filter capacitance       ; setting 0                                                                      ;
; Bandwidth                     ; 680 kHz to 980 kHz                                                             ;
; Bandwidth type                ; Medium                                                                         ;
; Real time reconfigurable      ; Off                                                                            ;
; Scan chain MIF file           ; --                                                                             ;
; Preserve PLL counter order    ; Off                                                                            ;
; PLL location                  ; PLL_1                                                                          ;
; Inclk0 signal                 ; clk                                                                            ;
; Inclk1 signal                 ; --                                                                             ;
; Inclk0 signal type            ; Dedicated Pin                                                                  ;
; Inclk1 signal type            ; --                                                                             ;
+-------------------------------+--------------------------------------------------------------------------------+


+------------------------------------------------------------------------------------------------------------------------------------------------------------------------------------------------------------------------------------------------------------------------------------------------------------------------+
; PLL Usage                                                                                                                                                                                                                                                                                                              ;
+--------------------------------------------------------------------------------------------+--------------+------+-----+------------------+-------------+------------------+------------+---------+---------------+------------+---------------+---------+---------+---------------------------------------------------+
; Name                                                                                       ; Output Clock ; Mult ; Div ; Output Frequency ; Phase Shift ; Phase Shift Step ; Duty Cycle ; Counter ; Counter Value ; High / Low ; Cascade Input ; Initial ; VCO Tap ; SDC Pin Name                                      ;
+--------------------------------------------------------------------------------------------+--------------+------+-----+------------------+-------------+------------------+------------+---------+---------------+------------+---------------+---------+---------+---------------------------------------------------+
; dac904_pll:u_pll|altpll:altpll_component|dac904_pll_altpll:auto_generated|wire_pll1_clk[0] ; clock0       ; 4    ; 1   ; 200.0 MHz        ; 0 (0 ps)    ; 15.00 (208 ps)   ; 50/50      ; C0      ; 3             ; 2/1 Odd    ; --            ; 1       ; 0       ; u_pll|altpll_component|auto_generated|pll1|clk[0] ;
+--------------------------------------------------------------------------------------------+--------------+------+-----+------------------+-------------+------------------+------------+---------+---------------+------------+---------------+---------+---------+---------------------------------------------------+


+----------------------------------------------+
; I/O Assignment Warnings                      ;
+--------------+-------------------------------+
; Pin Name     ; Reason                        ;
+--------------+-------------------------------+
; led          ; Incomplete set of assignments ;
; sine_out[0]  ; Incomplete set of assignments ;
; sine_out[1]  ; Incomplete set of assignments ;
; sine_out[2]  ; Incomplete set of assignments ;
; sine_out[3]  ; Incomplete set of assignments ;
; sine_out[4]  ; Incomplete set of assignments ;
; sine_out[5]  ; Incomplete set of assignments ;
; sine_out[6]  ; Incomplete set of assignments ;
; sine_out[7]  ; Incomplete set of assignments ;
; sine_out[8]  ; Incomplete set of assignments ;
; sine_out[9]  ; Incomplete set of assignments ;
; sine_out[10] ; Incomplete set of assignments ;
; sine_out[11] ; Incomplete set of assignments ;
; sine_out[12] ; Incomplete set of assignments ;
; sine_out[13] ; Incomplete set of assignments ;
; seg[0]       ; Incomplete set of assignments ;
; seg[1]       ; Incomplete set of assignments ;
; seg[2]       ; Incomplete set of assignments ;
; seg[3]       ; Incomplete set of assignments ;
; seg[4]       ; Incomplete set of assignments ;
; seg[5]       ; Incomplete set of assignments ;
; seg[6]       ; Incomplete set of assignments ;
; seg[7]       ; Incomplete set of assignments ;
; sel[0]       ; Incomplete set of assignments ;
; sel[1]       ; Incomplete set of assignments ;
; sel[2]       ; Incomplete set of assignments ;
; sel[3]       ; Incomplete set of assignments ;
; out_dacclk   ; Incomplete set of assignments ;
; locked       ; Incomplete set of assignments ;
; switch       ; Incomplete set of assignments ;
; clk          ; Incomplete set of assignments ;
; rst_n        ; Incomplete set of assignments ;
; uart_rx      ; Incomplete set of assignments ;
+--------------+-------------------------------+


+--------------------------------------------------------------------------------------------------------------------------------------------------------------------------------------------------------------------------------------------------------------------------------------------------------------------------------------------------------------------------------------------------------------------------+
; Fitter Resource Utilization by Entity                                                                                                                                                                                                                                                                                                                                                                                    ;
+---------------------------------------------+-------------+---------------------------+---------------+-------------+------+--------------+---------+-----------+------+--------------+--------------+-------------------+------------------+---------------------------------------------------------------------------------------------------------------------------------------+---------------------+--------------+
; Compilation Hierarchy Node                  ; Logic Cells ; Dedicated Logic Registers ; I/O Registers ; Memory Bits ; M9Ks ; DSP Elements ; DSP 9x9 ; DSP 18x18 ; Pins ; Virtual Pins ; LUT-Only LCs ; Register-Only LCs ; LUT/Register LCs ; Full Hierarchy Name                                                                                                                   ; Entity Name         ; Library Name ;
+---------------------------------------------+-------------+---------------------------+---------------+-------------+------+--------------+---------+-----------+------+--------------+--------------+-------------------+------------------+---------------------------------------------------------------------------------------------------------------------------------------+---------------------+--------------+
; |DDS_simple                                 ; 780 (46)    ; 247 (31)                  ; 0 (0)         ; 3072        ; 1    ; 4            ; 0       ; 2         ; 33   ; 0            ; 533 (15)     ; 27 (0)            ; 220 (47)         ; |DDS_simple                                                                                                                           ; DDS_simple          ; work         ;
;    |MCU_uart:u_mcu_uart|                    ; 172 (172)   ; 98 (98)                   ; 0 (0)         ; 0           ; 0    ; 0            ; 0       ; 0         ; 0    ; 0            ; 74 (74)      ; 8 (8)             ; 90 (90)          ; |DDS_simple|MCU_uart:u_mcu_uart                                                                                                       ; MCU_uart            ; work         ;
;    |dac904_pll:u_pll|                       ; 0 (0)       ; 0 (0)                     ; 0 (0)         ; 0           ; 0    ; 0            ; 0       ; 0         ; 0    ; 0            ; 0 (0)        ; 0 (0)             ; 0 (0)            ; |DDS_simple|dac904_pll:u_pll                                                                                                          ; dac904_pll          ; work         ;
;       |altpll:altpll_component|             ; 0 (0)       ; 0 (0)                     ; 0 (0)         ; 0           ; 0    ; 0            ; 0       ; 0         ; 0    ; 0            ; 0 (0)        ; 0 (0)             ; 0 (0)            ; |DDS_simple|dac904_pll:u_pll|altpll:altpll_component                                                                                  ; altpll              ; work         ;
;          |dac904_pll_altpll:auto_generated| ; 0 (0)       ; 0 (0)                     ; 0 (0)         ; 0           ; 0    ; 0            ; 0       ; 0         ; 0    ; 0            ; 0 (0)        ; 0 (0)             ; 0 (0)            ; |DDS_simple|dac904_pll:u_pll|altpll:altpll_component|dac904_pll_altpll:auto_generated                                                 ; dac904_pll_altpll   ; work         ;
;    |dds_freq_ctrlword:u_freq_ctrlword|      ; 31 (31)     ; 31 (31)                   ; 0 (0)         ; 0           ; 0    ; 4            ; 0       ; 2         ; 0    ; 0            ; 0 (0)        ; 16 (16)           ; 15 (15)          ; |DDS_simple|dds_freq_ctrlword:u_freq_ctrlword                                                                                         ; dds_freq_ctrlword   ; work         ;
;       |lpm_mult:Mult0|                      ; 0 (0)       ; 0 (0)                     ; 0 (0)         ; 0           ; 0    ; 4            ; 0       ; 2         ; 0    ; 0            ; 0 (0)        ; 0 (0)             ; 0 (0)            ; |DDS_simple|dds_freq_ctrlword:u_freq_ctrlword|lpm_mult:Mult0                                                                          ; lpm_mult            ; work         ;
;          |mult_fft:auto_generated|          ; 0 (0)       ; 0 (0)                     ; 0 (0)         ; 0           ; 0    ; 4            ; 0       ; 2         ; 0    ; 0            ; 0 (0)        ; 0 (0)             ; 0 (0)            ; |DDS_simple|dds_freq_ctrlword:u_freq_ctrlword|lpm_mult:Mult0|mult_fft:auto_generated                                                  ; mult_fft            ; work         ;
;    |seg_display:u_seg_display|              ; 533 (299)   ; 87 (87)                   ; 0 (0)         ; 0           ; 0    ; 0            ; 0       ; 0         ; 0    ; 0            ; 444 (211)    ; 3 (3)             ; 86 (83)          ; |DDS_simple|seg_display:u_seg_display                                                                                                 ; seg_display         ; work         ;
;       |lpm_divide:Div0|                     ; 236 (0)     ; 0 (0)                     ; 0 (0)         ; 0           ; 0    ; 0            ; 0       ; 0         ; 0    ; 0            ; 233 (0)      ; 0 (0)             ; 3 (0)            ; |DDS_simple|seg_display:u_seg_display|lpm_divide:Div0                                                                                 ; lpm_divide          ; work         ;
;          |lpm_divide_0jm:auto_generated|    ; 236 (0)     ; 0 (0)                     ; 0 (0)         ; 0           ; 0    ; 0            ; 0       ; 0         ; 0    ; 0            ; 233 (0)      ; 0 (0)             ; 3 (0)            ; |DDS_simple|seg_display:u_seg_display|lpm_divide:Div0|lpm_divide_0jm:auto_generated                                                   ; lpm_divide_0jm      ; work         ;
;             |sign_div_unsign_olh:divider|   ; 236 (0)     ; 0 (0)                     ; 0 (0)         ; 0           ; 0    ; 0            ; 0       ; 0         ; 0    ; 0            ; 233 (0)      ; 0 (0)             ; 3 (0)            ; |DDS_simple|seg_display:u_seg_display|lpm_divide:Div0|lpm_divide_0jm:auto_generated|sign_div_unsign_olh:divider                       ; sign_div_unsign_olh ; work         ;
;                |alt_u_div_47f:divider|      ; 236 (236)   ; 0 (0)                     ; 0 (0)         ; 0           ; 0    ; 0            ; 0       ; 0         ; 0    ; 0            ; 233 (233)    ; 0 (0)             ; 3 (3)            ; |DDS_simple|seg_display:u_seg_display|lpm_divide:Div0|lpm_divide_0jm:auto_generated|sign_div_unsign_olh:divider|alt_u_div_47f:divider ; alt_u_div_47f       ; work         ;
;    |sine_12bit_256:u_rom_sine|              ; 0 (0)       ; 0 (0)                     ; 0 (0)         ; 3072        ; 1    ; 0            ; 0       ; 0         ; 0    ; 0            ; 0 (0)        ; 0 (0)             ; 0 (0)            ; |DDS_simple|sine_12bit_256:u_rom_sine                                                                                                 ; sine_12bit_256      ; work         ;
;       |altsyncram:altsyncram_component|     ; 0 (0)       ; 0 (0)                     ; 0 (0)         ; 3072        ; 1    ; 0            ; 0       ; 0         ; 0    ; 0            ; 0 (0)        ; 0 (0)             ; 0 (0)            ; |DDS_simple|sine_12bit_256:u_rom_sine|altsyncram:altsyncram_component                                                                 ; altsyncram          ; work         ;
;          |altsyncram_nq91:auto_generated|   ; 0 (0)       ; 0 (0)                     ; 0 (0)         ; 3072        ; 1    ; 0            ; 0       ; 0         ; 0    ; 0            ; 0 (0)        ; 0 (0)             ; 0 (0)            ; |DDS_simple|sine_12bit_256:u_rom_sine|altsyncram:altsyncram_component|altsyncram_nq91:auto_generated                                  ; altsyncram_nq91     ; work         ;
+---------------------------------------------+-------------+---------------------------+---------------+-------------+------+--------------+---------+-----------+------+--------------+--------------+-------------------+------------------+---------------------------------------------------------------------------------------------------------------------------------------+---------------------+--------------+
Note: For table entries with two numbers listed, the numbers in parentheses indicate the number of resources of the given type used by the specific entity alone. The numbers listed outside of parentheses indicate the total resources of the given type used by the specific entity and all of its sub-entities in the hierarchy.


+----------------------------------------------------------------------------------------------+
; Delay Chain Summary                                                                          ;
+--------------+----------+---------------+---------------+-----------------------+-----+------+
; Name         ; Pin Type ; Pad to Core 0 ; Pad to Core 1 ; Pad to Input Register ; TCO ; TCOE ;
+--------------+----------+---------------+---------------+-----------------------+-----+------+
; led          ; Output   ; --            ; --            ; --                    ; --  ; --   ;
; sine_out[0]  ; Output   ; --            ; --            ; --                    ; --  ; --   ;
; sine_out[1]  ; Output   ; --            ; --            ; --                    ; --  ; --   ;
; sine_out[2]  ; Output   ; --            ; --            ; --                    ; --  ; --   ;
; sine_out[3]  ; Output   ; --            ; --            ; --                    ; --  ; --   ;
; sine_out[4]  ; Output   ; --            ; --            ; --                    ; --  ; --   ;
; sine_out[5]  ; Output   ; --            ; --            ; --                    ; --  ; --   ;
; sine_out[6]  ; Output   ; --            ; --            ; --                    ; --  ; --   ;
; sine_out[7]  ; Output   ; --            ; --            ; --                    ; --  ; --   ;
; sine_out[8]  ; Output   ; --            ; --            ; --                    ; --  ; --   ;
; sine_out[9]  ; Output   ; --            ; --            ; --                    ; --  ; --   ;
; sine_out[10] ; Output   ; --            ; --            ; --                    ; --  ; --   ;
; sine_out[11] ; Output   ; --            ; --            ; --                    ; --  ; --   ;
; sine_out[12] ; Output   ; --            ; --            ; --                    ; --  ; --   ;
; sine_out[13] ; Output   ; --            ; --            ; --                    ; --  ; --   ;
; seg[0]       ; Output   ; --            ; --            ; --                    ; --  ; --   ;
; seg[1]       ; Output   ; --            ; --            ; --                    ; --  ; --   ;
; seg[2]       ; Output   ; --            ; --            ; --                    ; --  ; --   ;
; seg[3]       ; Output   ; --            ; --            ; --                    ; --  ; --   ;
; seg[4]       ; Output   ; --            ; --            ; --                    ; --  ; --   ;
; seg[5]       ; Output   ; --            ; --            ; --                    ; --  ; --   ;
; seg[6]       ; Output   ; --            ; --            ; --                    ; --  ; --   ;
; seg[7]       ; Output   ; --            ; --            ; --                    ; --  ; --   ;
; sel[0]       ; Output   ; --            ; --            ; --                    ; --  ; --   ;
; sel[1]       ; Output   ; --            ; --            ; --                    ; --  ; --   ;
; sel[2]       ; Output   ; --            ; --            ; --                    ; --  ; --   ;
; sel[3]       ; Output   ; --            ; --            ; --                    ; --  ; --   ;
; out_dacclk   ; Output   ; --            ; --            ; --                    ; --  ; --   ;
; locked       ; Output   ; --            ; --            ; --                    ; --  ; --   ;
; switch       ; Input    ; (6) 1314 ps   ; --            ; --                    ; --  ; --   ;
; clk          ; Input    ; (0) 0 ps      ; --            ; --                    ; --  ; --   ;
; rst_n        ; Input    ; --            ; (6) 1314 ps   ; --                    ; --  ; --   ;
; uart_rx      ; Input    ; (6) 1314 ps   ; --            ; --                    ; --  ; --   ;
+--------------+----------+---------------+---------------+-----------------------+-----+------+


+-------------------------------------------------------------------------------------+
; Pad To Core Delay Chain Fanout                                                      ;
+-------------------------------------------------------+-------------------+---------+
; Source Pin / Fanout                                   ; Pad To Core Index ; Setting ;
+-------------------------------------------------------+-------------------+---------+
; switch                                                ;                   ;         ;
;      - seg_display:u_seg_display|z_reg[2]             ; 0                 ; 6       ;
;      - seg_display:u_seg_display|base[15]             ; 0                 ; 6       ;
;      - seg_display:u_seg_display|sel[3]~0             ; 0                 ; 6       ;
;      - display_en                                     ; 0                 ; 6       ;
;      - seg_display:u_seg_display|seg[7]~18            ; 0                 ; 6       ;
;      - seg_display:u_seg_display|sel[1]~1             ; 0                 ; 6       ;
;      - seg_display:u_seg_display|sel[2]~2             ; 0                 ; 6       ;
;      - seg_display:u_seg_display|LessThan3~1          ; 0                 ; 6       ;
;      - seg_display:u_seg_display|LessThan2~0          ; 0                 ; 6       ;
;      - freq_final[4]~0                                ; 0                 ; 6       ;
;      - freq_final[8]~1                                ; 0                 ; 6       ;
;      - freq_final[9]~2                                ; 0                 ; 6       ;
;      - seg_display:u_seg_display|z_reg~0              ; 0                 ; 6       ;
;      - seg_display:u_seg_display|LessThan0~2          ; 0                 ; 6       ;
;      - seg_display:u_seg_display|z_reg~1              ; 0                 ; 6       ;
;      - freq_final[31]~3                               ; 0                 ; 6       ;
;      - freq_final[30]~4                               ; 0                 ; 6       ;
;      - freq_final[29]~5                               ; 0                 ; 6       ;
;      - freq_final[28]~6                               ; 0                 ; 6       ;
;      - freq_final[27]~7                               ; 0                 ; 6       ;
;      - freq_final[26]~8                               ; 0                 ; 6       ;
;      - freq_final[25]~9                               ; 0                 ; 6       ;
;      - freq_final[24]~10                              ; 0                 ; 6       ;
;      - freq_final[23]~11                              ; 0                 ; 6       ;
;      - freq_final[22]~12                              ; 0                 ; 6       ;
;      - freq_final[21]~13                              ; 0                 ; 6       ;
;      - freq_final[20]~14                              ; 0                 ; 6       ;
;      - freq_final[19]~15                              ; 0                 ; 6       ;
;      - seg_display:u_seg_display|LessThan0~8          ; 0                 ; 6       ;
;      - freq_final[18]~16                              ; 0                 ; 6       ;
;      - seg_display:u_seg_display|base[15]~3           ; 0                 ; 6       ;
;      - freq_final[17]~17                              ; 0                 ; 6       ;
;      - seg_display:u_seg_display|base~4               ; 0                 ; 6       ;
;      - seg_display:u_seg_display|base~5               ; 0                 ; 6       ;
;      - freq_final[16]~18                              ; 0                 ; 6       ;
;      - freq_final[15]~19                              ; 0                 ; 6       ;
;      - seg_display:u_seg_display|base~6               ; 0                 ; 6       ;
;      - freq_final[14]~20                              ; 0                 ; 6       ;
;      - freq_final[13]~21                              ; 0                 ; 6       ;
;      - freq_final[12]~22                              ; 0                 ; 6       ;
;      - seg_display:u_seg_display|base[8]~8            ; 0                 ; 6       ;
;      - seg_display:u_seg_display|LessThan1~5          ; 0                 ; 6       ;
;      - seg_display:u_seg_display|base[8]~9            ; 0                 ; 6       ;
;      - seg_display:u_seg_display|base[8]~10           ; 0                 ; 6       ;
;      - seg_display:u_seg_display|base[8]~11           ; 0                 ; 6       ;
;      - seg_display:u_seg_display|base~12              ; 0                 ; 6       ;
;      - freq_final[11]~23                              ; 0                 ; 6       ;
;      - freq_final[10]~24                              ; 0                 ; 6       ;
;      - seg_display:u_seg_display|base~13              ; 0                 ; 6       ;
;      - seg_display:u_seg_display|base~15              ; 0                 ; 6       ;
;      - seg_display:u_seg_display|LessThan4~2          ; 0                 ; 6       ;
;      - seg_display:u_seg_display|base~17              ; 0                 ; 6       ;
;      - seg_display:u_seg_display|z_reg~2              ; 0                 ; 6       ;
;      - seg_display:u_seg_display|z_reg~3              ; 0                 ; 6       ;
;      - freq_final[5]~25                               ; 0                 ; 6       ;
;      - seg_display:u_seg_display|base~19              ; 0                 ; 6       ;
;      - freq_final[3]~26                               ; 0                 ; 6       ;
;      - freq_final[2]~27                               ; 0                 ; 6       ;
;      - seg_display:u_seg_display|Add2~64              ; 0                 ; 6       ;
;      - seg_display:u_seg_display|base~22              ; 0                 ; 6       ;
;      - seg_display:u_seg_display|Add2~65              ; 0                 ; 6       ;
;      - freq_final[0]~28                               ; 0                 ; 6       ;
;      - freq_final[1]~29                               ; 0                 ; 6       ;
;      - led~output                                     ; 0                 ; 6       ;
; clk                                                   ;                   ;         ;
; rst_n                                                 ;                   ;         ;
;      - MCU_uart:u_mcu_uart|mcu_active                 ; 1                 ; 6       ;
;      - seg_display:u_seg_display|z_show[0]            ; 1                 ; 6       ;
;      - seg_display:u_seg_display|z_show[1]            ; 1                 ; 6       ;
;      - seg_display:u_seg_display|z_show[2]            ; 1                 ; 6       ;
;      - seg_display:u_seg_display|y_show[0]            ; 1                 ; 6       ;
;      - seg_display:u_seg_display|y_show[1]            ; 1                 ; 6       ;
;      - seg_display:u_seg_display|y_show[2]            ; 1                 ; 6       ;
;      - seg_display:u_seg_display|y_show[3]            ; 1                 ; 6       ;
;      - seg_display:u_seg_display|x_show[0]            ; 1                 ; 6       ;
;      - seg_display:u_seg_display|x_show[1]            ; 1                 ; 6       ;
;      - seg_display:u_seg_display|x_show[2]            ; 1                 ; 6       ;
;      - seg_display:u_seg_display|x_show[3]            ; 1                 ; 6       ;
;      - phase[24]                                      ; 1                 ; 6       ;
;      - phase[25]                                      ; 1                 ; 6       ;
;      - phase[26]                                      ; 1                 ; 6       ;
;      - phase[27]                                      ; 1                 ; 6       ;
;      - phase[28]                                      ; 1                 ; 6       ;
;      - phase[29]                                      ; 1                 ; 6       ;
;      - phase[30]                                      ; 1                 ; 6       ;
;      - phase[31]                                      ; 1                 ; 6       ;
;      - MCU_uart:u_mcu_uart|freq_temp[2]               ; 1                 ; 6       ;
;      - MCU_uart:u_mcu_uart|freq_temp[3]               ; 1                 ; 6       ;
;      - MCU_uart:u_mcu_uart|freq_temp[4]               ; 1                 ; 6       ;
;      - MCU_uart:u_mcu_uart|freq_temp[5]               ; 1                 ; 6       ;
;      - MCU_uart:u_mcu_uart|freq_temp[6]               ; 1                 ; 6       ;
;      - MCU_uart:u_mcu_uart|freq_temp[7]               ; 1                 ; 6       ;
;      - MCU_uart:u_mcu_uart|freq_temp[8]               ; 1                 ; 6       ;
;      - MCU_uart:u_mcu_uart|freq_temp[9]               ; 1                 ; 6       ;
;      - MCU_uart:u_mcu_uart|freq_temp[10]              ; 1                 ; 6       ;
;      - MCU_uart:u_mcu_uart|freq_temp[11]              ; 1                 ; 6       ;
;      - MCU_uart:u_mcu_uart|freq_temp[12]              ; 1                 ; 6       ;
;      - MCU_uart:u_mcu_uart|freq_temp[13]              ; 1                 ; 6       ;
;      - MCU_uart:u_mcu_uart|freq_temp[14]              ; 1                 ; 6       ;
;      - MCU_uart:u_mcu_uart|freq_temp[15]              ; 1                 ; 6       ;
;      - MCU_uart:u_mcu_uart|freq_temp[16]              ; 1                 ; 6       ;
;      - MCU_uart:u_mcu_uart|freq_temp[17]              ; 1                 ; 6       ;
;      - MCU_uart:u_mcu_uart|freq_temp[18]              ; 1                 ; 6       ;
;      - MCU_uart:u_mcu_uart|freq_temp[19]              ; 1                 ; 6       ;
;      - MCU_uart:u_mcu_uart|freq_temp[20]              ; 1                 ; 6       ;
;      - MCU_uart:u_mcu_uart|freq_temp[21]              ; 1                 ; 6       ;
;      - MCU_uart:u_mcu_uart|freq_temp[22]              ; 1                 ; 6       ;
;      - MCU_uart:u_mcu_uart|freq_temp[23]              ; 1                 ; 6       ;
;      - MCU_uart:u_mcu_uart|freq_temp[24]              ; 1                 ; 6       ;
;      - MCU_uart:u_mcu_uart|freq_temp[25]              ; 1                 ; 6       ;
;      - MCU_uart:u_mcu_uart|freq_temp[26]              ; 1                 ; 6       ;
;      - MCU_uart:u_mcu_uart|freq_temp[27]              ; 1                 ; 6       ;
;      - MCU_uart:u_mcu_uart|freq_temp[28]              ; 1                 ; 6       ;
;      - MCU_uart:u_mcu_uart|freq_temp[29]              ; 1                 ; 6       ;
;      - MCU_uart:u_mcu_uart|freq_temp[30]              ; 1                 ; 6       ;
;      - MCU_uart:u_mcu_uart|freq_temp[31]              ; 1                 ; 6       ;
;      - phase[23]                                      ; 1                 ; 6       ;
;      - MCU_uart:u_mcu_uart|baud_cnt[0]                ; 1                 ; 6       ;
;      - MCU_uart:u_mcu_uart|baud_cnt[1]                ; 1                 ; 6       ;
;      - MCU_uart:u_mcu_uart|baud_cnt[2]                ; 1                 ; 6       ;
;      - MCU_uart:u_mcu_uart|baud_cnt[3]                ; 1                 ; 6       ;
;      - MCU_uart:u_mcu_uart|baud_cnt[4]                ; 1                 ; 6       ;
;      - MCU_uart:u_mcu_uart|baud_cnt[5]                ; 1                 ; 6       ;
;      - MCU_uart:u_mcu_uart|baud_cnt[6]                ; 1                 ; 6       ;
;      - MCU_uart:u_mcu_uart|baud_cnt[7]                ; 1                 ; 6       ;
;      - MCU_uart:u_mcu_uart|baud_cnt[8]                ; 1                 ; 6       ;
;      - MCU_uart:u_mcu_uart|baud_cnt[9]                ; 1                 ; 6       ;
;      - MCU_uart:u_mcu_uart|baud_cnt[10]               ; 1                 ; 6       ;
;      - MCU_uart:u_mcu_uart|baud_cnt[11]               ; 1                 ; 6       ;
;      - MCU_uart:u_mcu_uart|baud_cnt[12]               ; 1                 ; 6       ;
;      - MCU_uart:u_mcu_uart|baud_cnt[13]               ; 1                 ; 6       ;
;      - MCU_uart:u_mcu_uart|baud_cnt[14]               ; 1                 ; 6       ;
;      - MCU_uart:u_mcu_uart|baud_cnt[15]               ; 1                 ; 6       ;
;      - MCU_uart:u_mcu_uart|freq_temp[1]               ; 1                 ; 6       ;
;      - phase[22]                                      ; 1                 ; 6       ;
;      - phase[21]                                      ; 1                 ; 6       ;
;      - phase[20]                                      ; 1                 ; 6       ;
;      - phase[19]                                      ; 1                 ; 6       ;
;      - phase[18]                                      ; 1                 ; 6       ;
;      - phase[17]                                      ; 1                 ; 6       ;
;      - phase[16]                                      ; 1                 ; 6       ;
;      - phase[15]                                      ; 1                 ; 6       ;
;      - phase[14]                                      ; 1                 ; 6       ;
;      - phase[13]                                      ; 1                 ; 6       ;
;      - phase[12]                                      ; 1                 ; 6       ;
;      - phase[11]                                      ; 1                 ; 6       ;
;      - phase[10]                                      ; 1                 ; 6       ;
;      - phase[9]                                       ; 1                 ; 6       ;
;      - phase[8]                                       ; 1                 ; 6       ;
;      - phase[7]                                       ; 1                 ; 6       ;
;      - phase[6]                                       ; 1                 ; 6       ;
;      - phase[5]                                       ; 1                 ; 6       ;
;      - phase[4]                                       ; 1                 ; 6       ;
;      - phase[3]                                       ; 1                 ; 6       ;
;      - phase[2]                                       ; 1                 ; 6       ;
;      - phase[1]                                       ; 1                 ; 6       ;
;      - dds_freq_ctrlword:u_freq_ctrlword|ctrl_reg[24] ; 1                 ; 6       ;
;      - dds_freq_ctrlword:u_freq_ctrlword|ctrl_reg[23] ; 1                 ; 6       ;
;      - dds_freq_ctrlword:u_freq_ctrlword|ctrl_reg[22] ; 1                 ; 6       ;
;      - dds_freq_ctrlword:u_freq_ctrlword|ctrl_reg[21] ; 1                 ; 6       ;
;      - dds_freq_ctrlword:u_freq_ctrlword|ctrl_reg[20] ; 1                 ; 6       ;
;      - dds_freq_ctrlword:u_freq_ctrlword|ctrl_reg[19] ; 1                 ; 6       ;
;      - dds_freq_ctrlword:u_freq_ctrlword|ctrl_reg[18] ; 1                 ; 6       ;
;      - dds_freq_ctrlword:u_freq_ctrlword|ctrl_reg[25] ; 1                 ; 6       ;
;      - dds_freq_ctrlword:u_freq_ctrlword|ctrl_reg[26] ; 1                 ; 6       ;
;      - dds_freq_ctrlword:u_freq_ctrlword|ctrl_reg[27] ; 1                 ; 6       ;
;      - dds_freq_ctrlword:u_freq_ctrlword|ctrl_reg[28] ; 1                 ; 6       ;
;      - dds_freq_ctrlword:u_freq_ctrlword|ctrl_reg[29] ; 1                 ; 6       ;
;      - dds_freq_ctrlword:u_freq_ctrlword|ctrl_reg[30] ; 1                 ; 6       ;
;      - dds_freq_ctrlword:u_freq_ctrlword|ctrl_reg[31] ; 1                 ; 6       ;
;      - seg_display:u_seg_display|state.010            ; 1                 ; 6       ;
;      - MCU_uart:u_mcu_uart|rx_done_sig                ; 1                 ; 6       ;
;      - MCU_uart:u_mcu_uart|rx_data_reg[3]             ; 1                 ; 6       ;
;      - MCU_uart:u_mcu_uart|rx_data_reg[2]             ; 1                 ; 6       ;
;      - MCU_uart:u_mcu_uart|rx_data_reg[1]             ; 1                 ; 6       ;
;      - MCU_uart:u_mcu_uart|rx_data_reg[5]             ; 1                 ; 6       ;
;      - MCU_uart:u_mcu_uart|rx_data_reg[4]             ; 1                 ; 6       ;
;      - MCU_uart:u_mcu_uart|rx_data_reg[7]             ; 1                 ; 6       ;
;      - MCU_uart:u_mcu_uart|rx_data_reg[6]             ; 1                 ; 6       ;
;      - MCU_uart:u_mcu_uart|rx_data_reg[0]             ; 1                 ; 6       ;
;      - seg_display:u_seg_display|y_cnt[0]             ; 1                 ; 6       ;
;      - seg_display:u_seg_display|y_cnt[1]             ; 1                 ; 6       ;
;      - seg_display:u_seg_display|y_cnt[2]             ; 1                 ; 6       ;
;      - seg_display:u_seg_display|y_cnt[3]             ; 1                 ; 6       ;
;      - seg_display:u_seg_display|x_cnt[0]             ; 1                 ; 6       ;
;      - seg_display:u_seg_display|x_cnt[1]             ; 1                 ; 6       ;
;      - seg_display:u_seg_display|x_cnt[2]             ; 1                 ; 6       ;
;      - seg_display:u_seg_display|x_cnt[3]             ; 1                 ; 6       ;
;      - dds_freq_ctrlword:u_freq_ctrlword|ctrl_reg[17] ; 1                 ; 6       ;
;      - dds_freq_ctrlword:u_freq_ctrlword|ctrl_reg[16] ; 1                 ; 6       ;
;      - dds_freq_ctrlword:u_freq_ctrlword|ctrl_reg[15] ; 1                 ; 6       ;
;      - dds_freq_ctrlword:u_freq_ctrlword|ctrl_reg[14] ; 1                 ; 6       ;
;      - dds_freq_ctrlword:u_freq_ctrlword|ctrl_reg[13] ; 1                 ; 6       ;
;      - dds_freq_ctrlword:u_freq_ctrlword|ctrl_reg[12] ; 1                 ; 6       ;
;      - dds_freq_ctrlword:u_freq_ctrlword|ctrl_reg[11] ; 1                 ; 6       ;
;      - dds_freq_ctrlword:u_freq_ctrlword|ctrl_reg[10] ; 1                 ; 6       ;
;      - dds_freq_ctrlword:u_freq_ctrlword|ctrl_reg[9]  ; 1                 ; 6       ;
;      - dds_freq_ctrlword:u_freq_ctrlword|ctrl_reg[8]  ; 1                 ; 6       ;
;      - dds_freq_ctrlword:u_freq_ctrlword|ctrl_reg[7]  ; 1                 ; 6       ;
;      - dds_freq_ctrlword:u_freq_ctrlword|ctrl_reg[6]  ; 1                 ; 6       ;
;      - dds_freq_ctrlword:u_freq_ctrlword|ctrl_reg[5]  ; 1                 ; 6       ;
;      - dds_freq_ctrlword:u_freq_ctrlword|ctrl_reg[4]  ; 1                 ; 6       ;
;      - dds_freq_ctrlword:u_freq_ctrlword|ctrl_reg[3]  ; 1                 ; 6       ;
;      - dds_freq_ctrlword:u_freq_ctrlword|ctrl_reg[2]  ; 1                 ; 6       ;
;      - dds_freq_ctrlword:u_freq_ctrlword|ctrl_reg[1]  ; 1                 ; 6       ;
;      - MCU_uart:u_mcu_uart|freq_out[31]               ; 1                 ; 6       ;
;      - MCU_uart:u_mcu_uart|freq_out[29]               ; 1                 ; 6       ;
;      - MCU_uart:u_mcu_uart|freq_out[28]               ; 1                 ; 6       ;
;      - MCU_uart:u_mcu_uart|freq_out[27]               ; 1                 ; 6       ;
;      - MCU_uart:u_mcu_uart|freq_out[26]               ; 1                 ; 6       ;
;      - MCU_uart:u_mcu_uart|freq_out[30]               ; 1                 ; 6       ;
;      - MCU_uart:u_mcu_uart|freq_out[13]               ; 1                 ; 6       ;
;      - MCU_uart:u_mcu_uart|freq_out[12]               ; 1                 ; 6       ;
;      - MCU_uart:u_mcu_uart|freq_out[11]               ; 1                 ; 6       ;
;      - MCU_uart:u_mcu_uart|freq_out[9]                ; 1                 ; 6       ;
;      - MCU_uart:u_mcu_uart|freq_out[8]                ; 1                 ; 6       ;
;      - MCU_uart:u_mcu_uart|freq_out[7]                ; 1                 ; 6       ;
;      - MCU_uart:u_mcu_uart|freq_out[5]                ; 1                 ; 6       ;
;      - MCU_uart:u_mcu_uart|freq_out[6]                ; 1                 ; 6       ;
;      - MCU_uart:u_mcu_uart|freq_out[4]                ; 1                 ; 6       ;
;      - MCU_uart:u_mcu_uart|freq_out[10]               ; 1                 ; 6       ;
;      - MCU_uart:u_mcu_uart|freq_out[20]               ; 1                 ; 6       ;
;      - MCU_uart:u_mcu_uart|freq_out[21]               ; 1                 ; 6       ;
;      - MCU_uart:u_mcu_uart|freq_out[23]               ; 1                 ; 6       ;
;      - MCU_uart:u_mcu_uart|freq_out[22]               ; 1                 ; 6       ;
;      - MCU_uart:u_mcu_uart|freq_out[25]               ; 1                 ; 6       ;
;      - MCU_uart:u_mcu_uart|freq_out[24]               ; 1                 ; 6       ;
;      - MCU_uart:u_mcu_uart|freq_out[18]               ; 1                 ; 6       ;
;      - MCU_uart:u_mcu_uart|freq_out[19]               ; 1                 ; 6       ;
;      - MCU_uart:u_mcu_uart|freq_out[15]               ; 1                 ; 6       ;
;      - MCU_uart:u_mcu_uart|freq_out[14]               ; 1                 ; 6       ;
;      - MCU_uart:u_mcu_uart|freq_out[17]               ; 1                 ; 6       ;
;      - MCU_uart:u_mcu_uart|freq_out[16]               ; 1                 ; 6       ;
;      - seg_display:u_seg_display|state.000            ; 1                 ; 6       ;
;      - seg_display:u_seg_display|base[12]~2           ; 1                 ; 6       ;
;      - seg_display:u_seg_display|state.001            ; 1                 ; 6       ;
;      - seg_display:u_seg_display|temp_f[31]~30        ; 1                 ; 6       ;
;      - MCU_uart:u_mcu_uart|freq_out[3]                ; 1                 ; 6       ;
;      - MCU_uart:u_mcu_uart|freq_out[2]                ; 1                 ; 6       ;
;      - MCU_uart:u_mcu_uart|freq_out[1]                ; 1                 ; 6       ;
;      - seg_display:u_seg_display|temp_f[1]~31         ; 1                 ; 6       ;
;      - MCU_uart:u_mcu_uart|freq_out[0]                ; 1                 ; 6       ;
;      - MCU_uart:u_mcu_uart|state.S_STOP               ; 1                 ; 6       ;
;      - MCU_uart:u_mcu_uart|state.S_DATA               ; 1                 ; 6       ;
;      - MCU_uart:u_mcu_uart|bit_cnt[3]                 ; 1                 ; 6       ;
;      - MCU_uart:u_mcu_uart|bit_cnt[1]                 ; 1                 ; 6       ;
;      - MCU_uart:u_mcu_uart|bit_cnt[0]                 ; 1                 ; 6       ;
;      - MCU_uart:u_mcu_uart|bit_cnt[2]                 ; 1                 ; 6       ;
;      - MCU_uart:u_mcu_uart|freq_temp[0]               ; 1                 ; 6       ;
;      - MCU_uart:u_mcu_uart|state.S_START              ; 1                 ; 6       ;
;      - MCU_uart:u_mcu_uart|state.S_IDLE               ; 1                 ; 6       ;
; uart_rx                                               ;                   ;         ;
;      - MCU_uart:u_mcu_uart|rx_data_reg[3]~0           ; 0                 ; 6       ;
;      - MCU_uart:u_mcu_uart|rx_data_reg[2]~1           ; 0                 ; 6       ;
;      - MCU_uart:u_mcu_uart|rx_data_reg[1]~2           ; 0                 ; 6       ;
;      - MCU_uart:u_mcu_uart|rx_data_reg[5]~3           ; 0                 ; 6       ;
;      - MCU_uart:u_mcu_uart|rx_data_reg[4]~4           ; 0                 ; 6       ;
;      - MCU_uart:u_mcu_uart|rx_data_reg[7]~5           ; 0                 ; 6       ;
;      - MCU_uart:u_mcu_uart|rx_data_reg[6]~6           ; 0                 ; 6       ;
;      - MCU_uart:u_mcu_uart|rx_data_reg[0]~7           ; 0                 ; 6       ;
;      - MCU_uart:u_mcu_uart|baud_cnt[15]~23            ; 0                 ; 6       ;
;      - MCU_uart:u_mcu_uart|Selector0~0                ; 0                 ; 6       ;
;      - MCU_uart:u_mcu_uart|bit_cnt[0]~0               ; 0                 ; 6       ;
;      - MCU_uart:u_mcu_uart|Selector1~1                ; 0                 ; 6       ;
;      - MCU_uart:u_mcu_uart|Selector0~2                ; 0                 ; 6       ;
;      - MCU_uart:u_mcu_uart|Selector2~6                ; 0                 ; 6       ;
+-------------------------------------------------------+-------------------+---------+


+------------------------------------------------------------------------------------------------------------------------------------------------------------------------------------+
; Control Signals                                                                                                                                                                    ;
+-----------------------------------------+--------------------+---------+----------------------------+--------+----------------------+------------------+---------------------------+
; Name                                    ; Location           ; Fan-Out ; Usage                      ; Global ; Global Resource Used ; Global Line Name ; Enable Signal Source Name ;
+-----------------------------------------+--------------------+---------+----------------------------+--------+----------------------+------------------+---------------------------+
; MCU_uart:u_mcu_uart|always1~2           ; LCCOMB_X25_Y10_N0  ; 34      ; Sync. clear                ; no     ; --                   ; --               ; --                        ;
; MCU_uart:u_mcu_uart|baud_cnt[15]~23     ; LCCOMB_X25_Y13_N8  ; 16      ; Clock enable               ; no     ; --                   ; --               ; --                        ;
; MCU_uart:u_mcu_uart|baud_cnt[15]~54     ; LCCOMB_X25_Y13_N16 ; 16      ; Sync. clear                ; no     ; --                   ; --               ; --                        ;
; MCU_uart:u_mcu_uart|freq_temp[31]~45    ; LCCOMB_X25_Y10_N24 ; 32      ; Clock enable               ; no     ; --                   ; --               ; --                        ;
; MCU_uart:u_mcu_uart|mcu_active~0        ; LCCOMB_X24_Y11_N4  ; 33      ; Clock enable               ; no     ; --                   ; --               ; --                        ;
; clk                                     ; PIN_E1             ; 2       ; Clock                      ; no     ; --                   ; --               ; --                        ;
; clk                                     ; PIN_E1             ; 248     ; Clock                      ; yes    ; Global Clock         ; GCLK2            ; --                        ;
; rst_n                                   ; PIN_J14            ; 185     ; Async. clear, Clock enable ; no     ; --                   ; --               ; --                        ;
; seg_display:u_seg_display|Selector40~0  ; LCCOMB_X13_Y6_N14  ; 12      ; Clock enable               ; no     ; --                   ; --               ; --                        ;
; seg_display:u_seg_display|base[12]~2    ; LCCOMB_X14_Y9_N30  ; 16      ; Clock enable               ; no     ; --                   ; --               ; --                        ;
; seg_display:u_seg_display|state.010     ; FF_X11_Y6_N13      ; 43      ; Sync. load                 ; no     ; --                   ; --               ; --                        ;
; seg_display:u_seg_display|temp_f[1]~31  ; LCCOMB_X12_Y9_N26  ; 2       ; Clock enable               ; no     ; --                   ; --               ; --                        ;
; seg_display:u_seg_display|temp_f[31]~30 ; LCCOMB_X11_Y6_N24  ; 30      ; Clock enable               ; no     ; --                   ; --               ; --                        ;
; switch                                  ; PIN_R16            ; 64      ; Sync. clear                ; no     ; --                   ; --               ; --                        ;
+-----------------------------------------+--------------------+---------+----------------------------+--------+----------------------+------------------+---------------------------+


+------------------------------------------------------------------------------------------------------------------------------------------------------------------------------------------------------------------------------+
; Global & Other Fast Signals                                                                                                                                                                                                  ;
+--------------------------------------------------------------------------------------------+----------+---------+--------------------------------------+----------------------+------------------+---------------------------+
; Name                                                                                       ; Location ; Fan-Out ; Fan-Out Using Intentional Clock Skew ; Global Resource Used ; Global Line Name ; Enable Signal Source Name ;
+--------------------------------------------------------------------------------------------+----------+---------+--------------------------------------+----------------------+------------------+---------------------------+
; clk                                                                                        ; PIN_E1   ; 248     ; 34                                   ; Global Clock         ; GCLK2            ; --                        ;
; dac904_pll:u_pll|altpll:altpll_component|dac904_pll_altpll:auto_generated|wire_pll1_clk[0] ; PLL_1    ; 1       ; 0                                    ; Global Clock         ; GCLK3            ; --                        ;
+--------------------------------------------------------------------------------------------+----------+---------+--------------------------------------+----------------------+------------------+---------------------------+


+----------------------------------------------------------------------------------------------------------------------------------------------------------------------------------------------------------------------------------------------------------------------------------------------------------------------------------------------------------------------------------------------------------------------------------------------------------------------------------------------------------------------------------------------------------------------------------------------------------------------------------+
; Fitter RAM Summary                                                                                                                                                                                                                                                                                                                                                                                                                                                                                                                                                                                                               ;
+-----------------------------------------------------------------------------------------------------+------+------+--------------+--------------+--------------+--------------+--------------+------------------------+-------------------------+------------------------+-------------------------+------+-----------------------------+-----------------------------+-----------------------------+-----------------------------+---------------------+------+--------------------+---------------+----------------------+------------------------+------------------------+----------+------------------------+---------------+
; Name                                                                                                ; Type ; Mode ; Clock Mode   ; Port A Depth ; Port A Width ; Port B Depth ; Port B Width ; Port A Input Registers ; Port A Output Registers ; Port B Input Registers ; Port B Output Registers ; Size ; Implementation Port A Depth ; Implementation Port A Width ; Implementation Port B Depth ; Implementation Port B Width ; Implementation Bits ; M9Ks ; MIF                ; Location      ; Mixed Width RDW Mode ; Port A RDW Mode        ; Port B RDW Mode        ; ECC Mode ; ECC Pipeline Registers ; Fits in MLABs ;
+-----------------------------------------------------------------------------------------------------+------+------+--------------+--------------+--------------+--------------+--------------+------------------------+-------------------------+------------------------+-------------------------+------+-----------------------------+-----------------------------+-----------------------------+-----------------------------+---------------------+------+--------------------+---------------+----------------------+------------------------+------------------------+----------+------------------------+---------------+
; sine_12bit_256:u_rom_sine|altsyncram:altsyncram_component|altsyncram_nq91:auto_generated|ALTSYNCRAM ; AUTO ; ROM  ; Single Clock ; 256          ; 12           ; --           ; --           ; yes                    ; yes                     ; --                     ; --                      ; 3072 ; 256                         ; 12                          ; --                          ; --                          ; 3072                ; 1    ; sine_12bit_256.mif ; M9K_X27_Y1_N0 ; Don't care           ; New data with NBE Read ; New data with NBE Read ; Off      ; No                     ; No - Unknown  ;
+-----------------------------------------------------------------------------------------------------+------+------+--------------+--------------+--------------+--------------+--------------+------------------------+-------------------------+------------------------+-------------------------+------+-----------------------------+-----------------------------+-----------------------------+-----------------------------+---------------------+------+--------------------+---------------+----------------------+------------------------+------------------------+----------+------------------------+---------------+
Note: Fitter may spread logical memories into multiple blocks to improve timing. The actual required RAM blocks can be found in the Fitter Resource Usage section.


RAM content values are presented in the following format: (Binary) (Octal) (Decimal) (Hexadecimal) 
+------------------------------------------------------------------------------------------------------------------------------------------------------------------------------------------------------------------------------------------------------------------+
; |DDS_simple|sine_12bit_256:u_rom_sine|altsyncram:altsyncram_component|altsyncram_nq91:auto_generated|ALTSYNCRAM                                                                                                                                                  ;
+------------------------------------------------------------------------------------------------------------------------------------------------------------------------------------------------------------------------------------------------------------------+
;   Addr   ;              +0              ;              +1              ;              +2              ;              +3              ;              +4              ;              +5              ;              +6              ;              +7              ;
+----------+------------------------------+------------------------------+------------------------------+------------------------------+------------------------------+------------------------------+------------------------------+------------------------------+
;0;(100000000000) (4000) (2048) (800)    ;(100000110010) (4062) (2098) (832)   ;(100001100100) (4144) (2148) (864)   ;(100010010111) (4227) (2199) (897)   ;(100011001001) (4311) (2249) (8C9)   ;(100011111011) (4373) (2299) (8FB)   ;(100100101101) (4455) (2349) (92D)   ;(100101011110) (4536) (2398) (95E)   ;
;8;(100110010000) (4620) (2448) (990)    ;(100111000001) (4701) (2497) (9C1)   ;(100111110010) (4762) (2546) (9F2)   ;(101000100010) (5042) (2594) (A22)   ;(101001010011) (5123) (2643) (A53)   ;(101010000010) (5202) (2690) (A82)   ;(101010110010) (5262) (2738) (AB2)   ;(101011100001) (5341) (2785) (AE1)   ;
;16;(101100010000) (5420) (2832) (B10)    ;(101100111110) (5476) (2878) (B3E)   ;(101101101100) (5554) (2924) (B6C)   ;(101110011001) (5631) (2969) (B99)   ;(101111000101) (5705) (3013) (BC5)   ;(101111110001) (5761) (3057) (BF1)   ;(110000011101) (6035) (3101) (C1D)   ;(110001001000) (6110) (3144) (C48)   ;
;24;(110001110010) (6162) (3186) (C72)    ;(110010011011) (6233) (3227) (C9B)   ;(110011000100) (6304) (3268) (CC4)   ;(110011101100) (6354) (3308) (CEC)   ;(110100010011) (6423) (3347) (D13)   ;(110100111010) (6472) (3386) (D3A)   ;(110101011111) (6537) (3423) (D5F)   ;(110110000100) (6604) (3460) (D84)   ;
;32;(110110101000) (6650) (3496) (DA8)    ;(110111001011) (6713) (3531) (DCB)   ;(110111101101) (6755) (3565) (DED)   ;(111000001111) (7017) (3599) (E0F)   ;(111000101111) (7057) (3631) (E2F)   ;(111001001111) (7117) (3663) (E4F)   ;(111001101101) (7155) (3693) (E6D)   ;(111010001010) (7212) (3722) (E8A)   ;
;40;(111010100111) (7247) (3751) (EA7)    ;(111011000010) (7302) (3778) (EC2)   ;(111011011101) (7335) (3805) (EDD)   ;(111011110110) (7366) (3830) (EF6)   ;(111100001110) (7416) (3854) (F0E)   ;(111100100101) (7445) (3877) (F25)   ;(111100111011) (7473) (3899) (F3B)   ;(111101010000) (7520) (3920) (F50)   ;
;48;(111101100100) (7544) (3940) (F64)    ;(111101110111) (7567) (3959) (F77)   ;(111110001000) (7610) (3976) (F88)   ;(111110011001) (7631) (3993) (F99)   ;(111110101000) (7650) (4008) (FA8)   ;(111110110110) (7666) (4022) (FB6)   ;(111111000011) (7703) (4035) (FC3)   ;(111111001110) (7716) (4046) (FCE)   ;
;56;(111111011001) (7731) (4057) (FD9)    ;(111111100010) (7742) (4066) (FE2)   ;(111111101010) (7752) (4074) (FEA)   ;(111111110001) (7761) (4081) (FF1)   ;(111111110110) (7766) (4086) (FF6)   ;(111111111010) (7772) (4090) (FFA)   ;(111111111110) (7776) (4094) (FFE)   ;(111111111111) (7777) (4095) (FFF)   ;
;64;(111111111111) (7777) (4095) (FFF)    ;(111111111111) (7777) (4095) (FFF)   ;(111111111110) (7776) (4094) (FFE)   ;(111111111010) (7772) (4090) (FFA)   ;(111111110110) (7766) (4086) (FF6)   ;(111111110001) (7761) (4081) (FF1)   ;(111111101010) (7752) (4074) (FEA)   ;(111111100010) (7742) (4066) (FE2)   ;
;72;(111111011001) (7731) (4057) (FD9)    ;(111111001110) (7716) (4046) (FCE)   ;(111111000011) (7703) (4035) (FC3)   ;(111110110110) (7666) (4022) (FB6)   ;(111110101000) (7650) (4008) (FA8)   ;(111110011001) (7631) (3993) (F99)   ;(111110001000) (7610) (3976) (F88)   ;(111101110111) (7567) (3959) (F77)   ;
;80;(111101100100) (7544) (3940) (F64)    ;(111101010000) (7520) (3920) (F50)   ;(111100111011) (7473) (3899) (F3B)   ;(111100100101) (7445) (3877) (F25)   ;(111100001110) (7416) (3854) (F0E)   ;(111011110110) (7366) (3830) (EF6)   ;(111011011101) (7335) (3805) (EDD)   ;(111011000010) (7302) (3778) (EC2)   ;
;88;(111010100111) (7247) (3751) (EA7)    ;(111010001010) (7212) (3722) (E8A)   ;(111001101101) (7155) (3693) (E6D)   ;(111001001111) (7117) (3663) (E4F)   ;(111000101111) (7057) (3631) (E2F)   ;(111000001111) (7017) (3599) (E0F)   ;(110111101101) (6755) (3565) (DED)   ;(110111001011) (6713) (3531) (DCB)   ;
;96;(110110101000) (6650) (3496) (DA8)    ;(110110000100) (6604) (3460) (D84)   ;(110101011111) (6537) (3423) (D5F)   ;(110100111010) (6472) (3386) (D3A)   ;(110100010011) (6423) (3347) (D13)   ;(110011101100) (6354) (3308) (CEC)   ;(110011000100) (6304) (3268) (CC4)   ;(110010011011) (6233) (3227) (C9B)   ;
;104;(110001110010) (6162) (3186) (C72)    ;(110001001000) (6110) (3144) (C48)   ;(110000011101) (6035) (3101) (C1D)   ;(101111110001) (5761) (3057) (BF1)   ;(101111000101) (5705) (3013) (BC5)   ;(101110011001) (5631) (2969) (B99)   ;(101101101100) (5554) (2924) (B6C)   ;(101100111110) (5476) (2878) (B3E)   ;
;112;(101100010000) (5420) (2832) (B10)    ;(101011100001) (5341) (2785) (AE1)   ;(101010110010) (5262) (2738) (AB2)   ;(101010000010) (5202) (2690) (A82)   ;(101001010011) (5123) (2643) (A53)   ;(101000100010) (5042) (2594) (A22)   ;(100111110010) (4762) (2546) (9F2)   ;(100111000001) (4701) (2497) (9C1)   ;
;120;(100110010000) (4620) (2448) (990)    ;(100101011110) (4536) (2398) (95E)   ;(100100101101) (4455) (2349) (92D)   ;(100011111011) (4373) (2299) (8FB)   ;(100011001001) (4311) (2249) (8C9)   ;(100010010111) (4227) (2199) (897)   ;(100001100100) (4144) (2148) (864)   ;(100000110010) (4062) (2098) (832)   ;
;128;(100000000000) (4000) (2048) (800)    ;(011111001110) (3716) (1998) (7CE)   ;(011110011100) (3634) (1948) (79C)   ;(011101101001) (3551) (1897) (769)   ;(011100110111) (3467) (1847) (737)   ;(011100000101) (3405) (1797) (705)   ;(011011010011) (3323) (1747) (6D3)   ;(011010100010) (3242) (1698) (6A2)   ;
;136;(011001110000) (3160) (1648) (670)    ;(011000111111) (3077) (1599) (63F)   ;(011000001110) (3016) (1550) (60E)   ;(010111011110) (2736) (1502) (5DE)   ;(010110101101) (2655) (1453) (5AD)   ;(010101111110) (2576) (1406) (57E)   ;(010101001110) (2516) (1358) (54E)   ;(010100011111) (2437) (1311) (51F)   ;
;144;(010011110000) (2360) (1264) (4F0)    ;(010011000010) (2302) (1218) (4C2)   ;(010010010100) (2224) (1172) (494)   ;(010001100111) (2147) (1127) (467)   ;(010000111011) (2073) (1083) (43B)   ;(010000001111) (2017) (1039) (40F)   ;(001111100011) (1743) (995) (3E3)   ;(001110111000) (1670) (952) (3B8)   ;
;152;(001110001110) (1616) (910) (38E)    ;(001101100101) (1545) (869) (365)   ;(001100111100) (1474) (828) (33C)   ;(001100010100) (1424) (788) (314)   ;(001011101101) (1355) (749) (2ED)   ;(001011000110) (1306) (710) (2C6)   ;(001010100001) (1241) (673) (2A1)   ;(001001111100) (1174) (636) (27C)   ;
;160;(001001011000) (1130) (600) (258)    ;(001000110101) (1065) (565) (235)   ;(001000010011) (1023) (531) (213)   ;(000111110001) (761) (497) (1F1)   ;(000111010001) (721) (465) (1D1)   ;(000110110001) (661) (433) (1B1)   ;(000110010011) (623) (403) (193)   ;(000101110110) (566) (374) (176)   ;
;168;(000101011001) (531) (345) (159)    ;(000100111110) (476) (318) (13E)   ;(000100100011) (443) (291) (123)   ;(000100001010) (412) (266) (10A)   ;(000011110010) (362) (242) (F2)   ;(000011011011) (333) (219) (DB)   ;(000011000101) (305) (197) (C5)   ;(000010110000) (260) (176) (B0)   ;
;176;(000010011100) (234) (156) (9C)    ;(000010001001) (211) (137) (89)   ;(000001111000) (170) (120) (78)   ;(000001100111) (147) (103) (67)   ;(000001011000) (130) (88) (58)   ;(000001001010) (112) (74) (4A)   ;(000000111101) (75) (61) (3D)   ;(000000110010) (62) (50) (32)   ;
;184;(000000100111) (47) (39) (27)    ;(000000011110) (36) (30) (1E)   ;(000000010110) (26) (22) (16)   ;(000000001111) (17) (15) (0F)   ;(000000001010) (12) (10) (0A)   ;(000000000110) (6) (6) (06)   ;(000000000010) (2) (2) (02)   ;(000000000001) (1) (1) (01)   ;
;192;(000000000000) (0) (0) (00)    ;(000000000001) (1) (1) (01)   ;(000000000010) (2) (2) (02)   ;(000000000110) (6) (6) (06)   ;(000000001010) (12) (10) (0A)   ;(000000001111) (17) (15) (0F)   ;(000000010110) (26) (22) (16)   ;(000000011110) (36) (30) (1E)   ;
;200;(000000100111) (47) (39) (27)    ;(000000110010) (62) (50) (32)   ;(000000111101) (75) (61) (3D)   ;(000001001010) (112) (74) (4A)   ;(000001011000) (130) (88) (58)   ;(000001100111) (147) (103) (67)   ;(000001111000) (170) (120) (78)   ;(000010001001) (211) (137) (89)   ;
;208;(000010011100) (234) (156) (9C)    ;(000010110000) (260) (176) (B0)   ;(000011000101) (305) (197) (C5)   ;(000011011011) (333) (219) (DB)   ;(000011110010) (362) (242) (F2)   ;(000100001010) (412) (266) (10A)   ;(000100100011) (443) (291) (123)   ;(000100111110) (476) (318) (13E)   ;
;216;(000101011001) (531) (345) (159)    ;(000101110110) (566) (374) (176)   ;(000110010011) (623) (403) (193)   ;(000110110001) (661) (433) (1B1)   ;(000111010001) (721) (465) (1D1)   ;(000111110001) (761) (497) (1F1)   ;(001000010011) (1023) (531) (213)   ;(001000110101) (1065) (565) (235)   ;
;224;(001001011000) (1130) (600) (258)    ;(001001111100) (1174) (636) (27C)   ;(001010100001) (1241) (673) (2A1)   ;(001011000110) (1306) (710) (2C6)   ;(001011101101) (1355) (749) (2ED)   ;(001100010100) (1424) (788) (314)   ;(001100111100) (1474) (828) (33C)   ;(001101100101) (1545) (869) (365)   ;
;232;(001110001110) (1616) (910) (38E)    ;(001110111000) (1670) (952) (3B8)   ;(001111100011) (1743) (995) (3E3)   ;(010000001111) (2017) (1039) (40F)   ;(010000111011) (2073) (1083) (43B)   ;(010001100111) (2147) (1127) (467)   ;(010010010100) (2224) (1172) (494)   ;(010011000010) (2302) (1218) (4C2)   ;
;240;(010011110000) (2360) (1264) (4F0)    ;(010100011111) (2437) (1311) (51F)   ;(010101001110) (2516) (1358) (54E)   ;(010101111110) (2576) (1406) (57E)   ;(010110101101) (2655) (1453) (5AD)   ;(010111011110) (2736) (1502) (5DE)   ;(011000001110) (3016) (1550) (60E)   ;(011000111111) (3077) (1599) (63F)   ;
;248;(011001110000) (3160) (1648) (670)    ;(011010100010) (3242) (1698) (6A2)   ;(011011010011) (3323) (1747) (6D3)   ;(011100000101) (3405) (1797) (705)   ;(011100110111) (3467) (1847) (737)   ;(011101101001) (3551) (1897) (769)   ;(011110011100) (3634) (1948) (79C)   ;(011111001110) (3716) (1998) (7CE)   ;


+-----------------------------------------------------------------------------------------------+
; Fitter DSP Block Usage Summary                                                                ;
+---------------------------------------+-------------+---------------------+-------------------+
; Statistic                             ; Number Used ; Available per Block ; Maximum Available ;
+---------------------------------------+-------------+---------------------+-------------------+
; Simple Multipliers (9-bit)            ; 0           ; 2                   ; 30                ;
; Simple Multipliers (18-bit)           ; 2           ; 1                   ; 15                ;
; Embedded Multiplier Blocks            ; 2           ; --                  ; 15                ;
; Embedded Multiplier 9-bit elements    ; 4           ; 2                   ; 30                ;
; Signed Embedded Multipliers           ; 0           ; --                  ; --                ;
; Unsigned Embedded Multipliers         ; 2           ; --                  ; --                ;
; Mixed Sign Embedded Multipliers       ; 0           ; --                  ; --                ;
; Variable Sign Embedded Multipliers    ; 0           ; --                  ; --                ;
; Dedicated Input Shift Register Chains ; 0           ; --                  ; --                ;
+---------------------------------------+-------------+---------------------+-------------------+


+-------------------------------------------------------------------------------------------------------------------------------------------------------------------------------------------------------------------------------------------------------------------------------------+
; DSP Block Details                                                                                                                                                                                                                                                                   ;
+---------------------------------------------------------------------------------------+----------------------------+-------------------+---------------------+--------------------------------+-----------------------+-----------------------+-------------------+-----------------+
; Name                                                                                  ; Mode                       ; Location          ; Sign Representation ; Has Input Shift Register Chain ; Data A Input Register ; Data B Input Register ; Pipeline Register ; Output Register ;
+---------------------------------------------------------------------------------------+----------------------------+-------------------+---------------------+--------------------------------+-----------------------+-----------------------+-------------------+-----------------+
; dds_freq_ctrlword:u_freq_ctrlword|lpm_mult:Mult0|mult_fft:auto_generated|mac_out4     ; Simple Multiplier (18-bit) ; DSPOUT_X20_Y5_N2  ;                     ; No                             ;                       ;                       ;                   ; no              ;
;    dds_freq_ctrlword:u_freq_ctrlword|lpm_mult:Mult0|mult_fft:auto_generated|mac_mult3 ;                            ; DSPMULT_X20_Y5_N0 ; Unsigned            ;                                ; no                    ; no                    ; no                ;                 ;
; dds_freq_ctrlword:u_freq_ctrlword|lpm_mult:Mult0|mult_fft:auto_generated|w187w[0]     ; Simple Multiplier (18-bit) ; DSPOUT_X20_Y6_N2  ;                     ; No                             ;                       ;                       ;                   ; no              ;
;    dds_freq_ctrlword:u_freq_ctrlword|lpm_mult:Mult0|mult_fft:auto_generated|mac_mult1 ;                            ; DSPMULT_X20_Y6_N0 ; Unsigned            ;                                ; no                    ; no                    ; no                ;                 ;
+---------------------------------------------------------------------------------------+----------------------------+-------------------+---------------------+--------------------------------+-----------------------+-----------------------+-------------------+-----------------+


+------------------------------------------------+
; Routing Usage Summary                          ;
+-----------------------+------------------------+
; Routing Resource Type ; Usage                  ;
+-----------------------+------------------------+
; Block interconnects   ; 1,075 / 32,401 ( 3 % ) ;
; C16 interconnects     ; 10 / 1,326 ( < 1 % )   ;
; C4 interconnects      ; 473 / 21,816 ( 2 % )   ;
; Direct links          ; 245 / 32,401 ( < 1 % ) ;
; Global clocks         ; 2 / 10 ( 20 % )        ;
; Local interconnects   ; 313 / 10,320 ( 3 % )   ;
; R24 interconnects     ; 17 / 1,289 ( 1 % )     ;
; R4 interconnects      ; 698 / 28,186 ( 2 % )   ;
+-----------------------+------------------------+


+----------------------------------------------------------------------------+
; LAB Logic Elements                                                         ;
+---------------------------------------------+------------------------------+
; Number of Logic Elements  (Average = 12.00) ; Number of LABs  (Total = 65) ;
+---------------------------------------------+------------------------------+
; 1                                           ; 8                            ;
; 2                                           ; 3                            ;
; 3                                           ; 2                            ;
; 4                                           ; 1                            ;
; 5                                           ; 1                            ;
; 6                                           ; 0                            ;
; 7                                           ; 0                            ;
; 8                                           ; 0                            ;
; 9                                           ; 1                            ;
; 10                                          ; 1                            ;
; 11                                          ; 3                            ;
; 12                                          ; 2                            ;
; 13                                          ; 3                            ;
; 14                                          ; 1                            ;
; 15                                          ; 2                            ;
; 16                                          ; 37                           ;
+---------------------------------------------+------------------------------+


+-------------------------------------------------------------------+
; LAB-wide Signals                                                  ;
+------------------------------------+------------------------------+
; LAB-wide Signals  (Average = 1.34) ; Number of LABs  (Total = 65) ;
+------------------------------------+------------------------------+
; 1 Async. clear                     ; 20                           ;
; 1 Clock                            ; 36                           ;
; 1 Clock enable                     ; 22                           ;
; 1 Sync. clear                      ; 5                            ;
; 1 Sync. load                       ; 4                            ;
+------------------------------------+------------------------------+


+-----------------------------------------------------------------------------+
; LAB Signals Sourced                                                         ;
+----------------------------------------------+------------------------------+
; Number of Signals Sourced  (Average = 14.78) ; Number of LABs  (Total = 65) ;
+----------------------------------------------+------------------------------+
; 0                                            ; 1                            ;
; 1                                            ; 6                            ;
; 2                                            ; 5                            ;
; 3                                            ; 1                            ;
; 4                                            ; 2                            ;
; 5                                            ; 1                            ;
; 6                                            ; 2                            ;
; 7                                            ; 0                            ;
; 8                                            ; 0                            ;
; 9                                            ; 1                            ;
; 10                                           ; 0                            ;
; 11                                           ; 1                            ;
; 12                                           ; 1                            ;
; 13                                           ; 2                            ;
; 14                                           ; 6                            ;
; 15                                           ; 5                            ;
; 16                                           ; 6                            ;
; 17                                           ; 2                            ;
; 18                                           ; 1                            ;
; 19                                           ; 3                            ;
; 20                                           ; 1                            ;
; 21                                           ; 4                            ;
; 22                                           ; 1                            ;
; 23                                           ; 2                            ;
; 24                                           ; 1                            ;
; 25                                           ; 0                            ;
; 26                                           ; 1                            ;
; 27                                           ; 0                            ;
; 28                                           ; 3                            ;
; 29                                           ; 0                            ;
; 30                                           ; 1                            ;
; 31                                           ; 1                            ;
; 32                                           ; 4                            ;
+----------------------------------------------+------------------------------+


+--------------------------------------------------------------------------------+
; LAB Signals Sourced Out                                                        ;
+-------------------------------------------------+------------------------------+
; Number of Signals Sourced Out  (Average = 8.45) ; Number of LABs  (Total = 65) ;
+-------------------------------------------------+------------------------------+
; 0                                               ; 2                            ;
; 1                                               ; 9                            ;
; 2                                               ; 5                            ;
; 3                                               ; 4                            ;
; 4                                               ; 1                            ;
; 5                                               ; 1                            ;
; 6                                               ; 2                            ;
; 7                                               ; 3                            ;
; 8                                               ; 6                            ;
; 9                                               ; 6                            ;
; 10                                              ; 2                            ;
; 11                                              ; 3                            ;
; 12                                              ; 3                            ;
; 13                                              ; 1                            ;
; 14                                              ; 3                            ;
; 15                                              ; 2                            ;
; 16                                              ; 9                            ;
; 17                                              ; 2                            ;
; 18                                              ; 0                            ;
; 19                                              ; 0                            ;
; 20                                              ; 0                            ;
; 21                                              ; 0                            ;
; 22                                              ; 1                            ;
+-------------------------------------------------+------------------------------+


+-----------------------------------------------------------------------------+
; LAB Distinct Inputs                                                         ;
+----------------------------------------------+------------------------------+
; Number of Distinct Inputs  (Average = 15.20) ; Number of LABs  (Total = 65) ;
+----------------------------------------------+------------------------------+
; 0                                            ; 0                            ;
; 1                                            ; 0                            ;
; 2                                            ; 1                            ;
; 3                                            ; 1                            ;
; 4                                            ; 10                           ;
; 5                                            ; 3                            ;
; 6                                            ; 1                            ;
; 7                                            ; 0                            ;
; 8                                            ; 2                            ;
; 9                                            ; 1                            ;
; 10                                           ; 2                            ;
; 11                                           ; 0                            ;
; 12                                           ; 3                            ;
; 13                                           ; 2                            ;
; 14                                           ; 2                            ;
; 15                                           ; 4                            ;
; 16                                           ; 5                            ;
; 17                                           ; 3                            ;
; 18                                           ; 5                            ;
; 19                                           ; 1                            ;
; 20                                           ; 2                            ;
; 21                                           ; 5                            ;
; 22                                           ; 2                            ;
; 23                                           ; 2                            ;
; 24                                           ; 0                            ;
; 25                                           ; 0                            ;
; 26                                           ; 1                            ;
; 27                                           ; 0                            ;
; 28                                           ; 1                            ;
; 29                                           ; 1                            ;
; 30                                           ; 0                            ;
; 31                                           ; 0                            ;
; 32                                           ; 2                            ;
; 33                                           ; 0                            ;
; 34                                           ; 1                            ;
; 35                                           ; 1                            ;
; 36                                           ; 1                            ;
+----------------------------------------------+------------------------------+


+------------------------------------------+
; I/O Rules Summary                        ;
+----------------------------------+-------+
; I/O Rules Statistic              ; Total ;
+----------------------------------+-------+
; Total I/O Rules                  ; 30    ;
; Number of I/O Rules Passed       ; 12    ;
; Number of I/O Rules Failed       ; 0     ;
; Number of I/O Rules Unchecked    ; 0     ;
; Number of I/O Rules Inapplicable ; 18    ;
+----------------------------------+-------+


+-----------------------------------------------------------------------------------------------------------------------------------------------------------------------------------------------------------------------------------------------------------------------------------------------------+
; I/O Rules Details                                                                                                                                                                                                                                                                                   ;
+--------------+-----------+-----------------------------------+------------------------------------------------------------------------------------------------------+----------+--------------------------------------------------------------------------+---------------------+-------------------+
; Status       ; ID        ; Category                          ; Rule Description                                                                                     ; Severity ; Information                                                              ; Area                ; Extra Information ;
+--------------+-----------+-----------------------------------+------------------------------------------------------------------------------------------------------+----------+--------------------------------------------------------------------------+---------------------+-------------------+
; Pass         ; IO_000001 ; Capacity Checks                   ; Number of pins in an I/O bank should not exceed the number of locations available.                   ; Critical ; 0 such failures found.                                                   ; I/O                 ;                   ;
; Inapplicable ; IO_000002 ; Capacity Checks                   ; Number of clocks in an I/O bank should not exceed the number of clocks available.                    ; Critical ; No Global Signal assignments found.                                      ; I/O                 ;                   ;
; Pass         ; IO_000003 ; Capacity Checks                   ; Number of pins in a Vrefgroup should not exceed the number of locations available.                   ; Critical ; 0 such failures found.                                                   ; I/O                 ;                   ;
; Inapplicable ; IO_000004 ; Voltage Compatibility Checks      ; The I/O bank should support the requested VCCIO.                                                     ; Critical ; No IOBANK_VCCIO assignments found.                                       ; I/O                 ;                   ;
; Inapplicable ; IO_000005 ; Voltage Compatibility Checks      ; The I/O bank should not have competing VREF values.                                                  ; Critical ; No VREF I/O Standard assignments found.                                  ; I/O                 ;                   ;
; Pass         ; IO_000006 ; Voltage Compatibility Checks      ; The I/O bank should not have competing VCCIO values.                                                 ; Critical ; 0 such failures found.                                                   ; I/O                 ;                   ;
; Pass         ; IO_000007 ; Valid Location Checks             ; Checks for unavailable locations.                                                                    ; Critical ; 0 such failures found.                                                   ; I/O                 ;                   ;
; Inapplicable ; IO_000008 ; Valid Location Checks             ; Checks for reserved locations.                                                                       ; Critical ; No reserved LogicLock region found.                                      ; I/O                 ;                   ;
; Pass         ; IO_000009 ; I/O Properties Checks for One I/O ; The location should support the requested I/O standard.                                              ; Critical ; 0 such failures found.                                                   ; I/O                 ;                   ;
; Pass         ; IO_000010 ; I/O Properties Checks for One I/O ; The location should support the requested I/O direction.                                             ; Critical ; 0 such failures found.                                                   ; I/O                 ;                   ;
; Inapplicable ; IO_000011 ; I/O Properties Checks for One I/O ; The location should support the requested Current Strength.                                          ; Critical ; No Current Strength assignments found.                                   ; I/O                 ;                   ;
; Pass         ; IO_000012 ; I/O Properties Checks for One I/O ; The location should support the requested On Chip Termination value.                                 ; Critical ; 0 such failures found.                                                   ; I/O                 ;                   ;
; Inapplicable ; IO_000013 ; I/O Properties Checks for One I/O ; The location should support the requested Bus Hold value.                                            ; Critical ; No Enable Bus-Hold Circuitry assignments found.                          ; I/O                 ;                   ;
; Inapplicable ; IO_000014 ; I/O Properties Checks for One I/O ; The location should support the requested Weak Pull Up value.                                        ; Critical ; No Weak Pull-Up Resistor assignments found.                              ; I/O                 ;                   ;
; Pass         ; IO_000015 ; I/O Properties Checks for One I/O ; The location should support the requested PCI Clamp Diode.                                           ; Critical ; 0 such failures found.                                                   ; I/O                 ;                   ;
; Inapplicable ; IO_000018 ; I/O Properties Checks for One I/O ; The I/O standard should support the requested Current Strength.                                      ; Critical ; No Current Strength assignments found.                                   ; I/O                 ;                   ;
; Pass         ; IO_000019 ; I/O Properties Checks for One I/O ; The I/O standard should support the requested On Chip Termination value.                             ; Critical ; 0 such failures found.                                                   ; I/O                 ;                   ;
; Pass         ; IO_000020 ; I/O Properties Checks for One I/O ; The I/O standard should support the requested PCI Clamp Diode.                                       ; Critical ; 0 such failures found.                                                   ; I/O                 ;                   ;
; Inapplicable ; IO_000021 ; I/O Properties Checks for One I/O ; The I/O standard should support the requested Weak Pull Up value.                                    ; Critical ; No Weak Pull-Up Resistor assignments found.                              ; I/O                 ;                   ;
; Inapplicable ; IO_000022 ; I/O Properties Checks for One I/O ; The I/O standard should support the requested Bus Hold value.                                        ; Critical ; No Enable Bus-Hold Circuitry assignments found.                          ; I/O                 ;                   ;
; Inapplicable ; IO_000023 ; I/O Properties Checks for One I/O ; The I/O standard should support the Open Drain value.                                                ; Critical ; No open drain assignments found.                                         ; I/O                 ;                   ;
; Pass         ; IO_000024 ; I/O Properties Checks for One I/O ; The I/O direction should support the On Chip Termination value.                                      ; Critical ; 0 such failures found.                                                   ; I/O                 ;                   ;
; Inapplicable ; IO_000026 ; I/O Properties Checks for One I/O ; On Chip Termination and Current Strength should not be used at the same time.                        ; Critical ; No Current Strength assignments found.                                   ; I/O                 ;                   ;
; Inapplicable ; IO_000027 ; I/O Properties Checks for One I/O ; Weak Pull Up and Bus Hold should not be used at the same time.                                       ; Critical ; No Enable Bus-Hold Circuitry or Weak Pull-Up Resistor assignments found. ; I/O                 ;                   ;
; Inapplicable ; IO_000045 ; I/O Properties Checks for One I/O ; The I/O standard should support the requested Slew Rate value.                                       ; Critical ; No Slew Rate assignments found.                                          ; I/O                 ;                   ;
; Inapplicable ; IO_000046 ; I/O Properties Checks for One I/O ; The location should support the requested Slew Rate value.                                           ; Critical ; No Slew Rate assignments found.                                          ; I/O                 ;                   ;
; Inapplicable ; IO_000047 ; I/O Properties Checks for One I/O ; On Chip Termination and Slew Rate should not be used at the same time.                               ; Critical ; No Slew Rate assignments found.                                          ; I/O                 ;                   ;
; Pass         ; IO_000033 ; Electromigration Checks           ; Current density for consecutive I/Os should not exceed 240mA for row I/Os and 240mA for column I/Os. ; Critical ; 0 such failures found.                                                   ; I/O                 ;                   ;
; Inapplicable ; IO_000034 ; SI Related Distance Checks        ; Single-ended outputs should be 5 LAB row(s) away from a differential I/O.                            ; High     ; No Differential I/O Standard assignments found.                          ; I/O                 ;                   ;
; Inapplicable ; IO_000042 ; SI Related SSO Limit Checks       ; No more than 20 outputs are allowed in a VREF group when VREF is being read from.                    ; High     ; No VREF I/O Standard assignments found.                                  ; I/O                 ;                   ;
; ----         ; ----      ; Disclaimer                        ; OCT rules are checked but not reported.                                                              ; None     ; ----                                                                     ; On Chip Termination ;                   ;
+--------------+-----------+-----------------------------------+------------------------------------------------------------------------------------------------------+----------+--------------------------------------------------------------------------+---------------------+-------------------+


+-----------------------------------------------------------------------------------------------------------------------------------------------------------------------------------------------------------------------------------------------------------------------------------------------------------------------------------------------------------------------------------------------------------------------------------------------------------------+
; I/O Rules Matrix                                                                                                                                                                                                                                                                                                                                                                                                                                                ;
+--------------------+-----------+--------------+-----------+--------------+--------------+-----------+-----------+--------------+-----------+-----------+--------------+--------------+--------------+--------------+--------------+--------------+--------------+--------------+--------------+--------------+--------------+--------------+--------------+--------------+--------------+--------------+--------------+-----------+--------------+--------------+
; Pin/Rules          ; IO_000001 ; IO_000002    ; IO_000003 ; IO_000004    ; IO_000005    ; IO_000006 ; IO_000007 ; IO_000008    ; IO_000009 ; IO_000010 ; IO_000011    ; IO_000012    ; IO_000013    ; IO_000014    ; IO_000015    ; IO_000018    ; IO_000019    ; IO_000020    ; IO_000021    ; IO_000022    ; IO_000023    ; IO_000024    ; IO_000026    ; IO_000027    ; IO_000045    ; IO_000046    ; IO_000047    ; IO_000033 ; IO_000034    ; IO_000042    ;
+--------------------+-----------+--------------+-----------+--------------+--------------+-----------+-----------+--------------+-----------+-----------+--------------+--------------+--------------+--------------+--------------+--------------+--------------+--------------+--------------+--------------+--------------+--------------+--------------+--------------+--------------+--------------+--------------+-----------+--------------+--------------+
; Total Pass         ; 33        ; 0            ; 33        ; 0            ; 0            ; 33        ; 33        ; 0            ; 33        ; 33        ; 0            ; 29           ; 0            ; 0            ; 4            ; 0            ; 29           ; 4            ; 0            ; 0            ; 0            ; 29           ; 0            ; 0            ; 0            ; 0            ; 0            ; 33        ; 0            ; 0            ;
; Total Unchecked    ; 0         ; 0            ; 0         ; 0            ; 0            ; 0         ; 0         ; 0            ; 0         ; 0         ; 0            ; 0            ; 0            ; 0            ; 0            ; 0            ; 0            ; 0            ; 0            ; 0            ; 0            ; 0            ; 0            ; 0            ; 0            ; 0            ; 0            ; 0         ; 0            ; 0            ;
; Total Inapplicable ; 0         ; 33           ; 0         ; 33           ; 33           ; 0         ; 0         ; 33           ; 0         ; 0         ; 33           ; 4            ; 33           ; 33           ; 29           ; 33           ; 4            ; 29           ; 33           ; 33           ; 33           ; 4            ; 33           ; 33           ; 33           ; 33           ; 33           ; 0         ; 33           ; 33           ;
; Total Fail         ; 0         ; 0            ; 0         ; 0            ; 0            ; 0         ; 0         ; 0            ; 0         ; 0         ; 0            ; 0            ; 0            ; 0            ; 0            ; 0            ; 0            ; 0            ; 0            ; 0            ; 0            ; 0            ; 0            ; 0            ; 0            ; 0            ; 0            ; 0         ; 0            ; 0            ;
; led                ; Pass      ; Inapplicable ; Pass      ; Inapplicable ; Inapplicable ; Pass      ; Pass      ; Inapplicable ; Pass      ; Pass      ; Inapplicable ; Pass         ; Inapplicable ; Inapplicable ; Inapplicable ; Inapplicable ; Pass         ; Inapplicable ; Inapplicable ; Inapplicable ; Inapplicable ; Pass         ; Inapplicable ; Inapplicable ; Inapplicable ; Inapplicable ; Inapplicable ; Pass      ; Inapplicable ; Inapplicable ;
; sine_out[0]        ; Pass      ; Inapplicable ; Pass      ; Inapplicable ; Inapplicable ; Pass      ; Pass      ; Inapplicable ; Pass      ; Pass      ; Inapplicable ; Pass         ; Inapplicable ; Inapplicable ; Inapplicable ; Inapplicable ; Pass         ; Inapplicable ; Inapplicable ; Inapplicable ; Inapplicable ; Pass         ; Inapplicable ; Inapplicable ; Inapplicable ; Inapplicable ; Inapplicable ; Pass      ; Inapplicable ; Inapplicable ;
; sine_out[1]        ; Pass      ; Inapplicable ; Pass      ; Inapplicable ; Inapplicable ; Pass      ; Pass      ; Inapplicable ; Pass      ; Pass      ; Inapplicable ; Pass         ; Inapplicable ; Inapplicable ; Inapplicable ; Inapplicable ; Pass         ; Inapplicable ; Inapplicable ; Inapplicable ; Inapplicable ; Pass         ; Inapplicable ; Inapplicable ; Inapplicable ; Inapplicable ; Inapplicable ; Pass      ; Inapplicable ; Inapplicable ;
; sine_out[2]        ; Pass      ; Inapplicable ; Pass      ; Inapplicable ; Inapplicable ; Pass      ; Pass      ; Inapplicable ; Pass      ; Pass      ; Inapplicable ; Pass         ; Inapplicable ; Inapplicable ; Inapplicable ; Inapplicable ; Pass         ; Inapplicable ; Inapplicable ; Inapplicable ; Inapplicable ; Pass         ; Inapplicable ; Inapplicable ; Inapplicable ; Inapplicable ; Inapplicable ; Pass      ; Inapplicable ; Inapplicable ;
; sine_out[3]        ; Pass      ; Inapplicable ; Pass      ; Inapplicable ; Inapplicable ; Pass      ; Pass      ; Inapplicable ; Pass      ; Pass      ; Inapplicable ; Pass         ; Inapplicable ; Inapplicable ; Inapplicable ; Inapplicable ; Pass         ; Inapplicable ; Inapplicable ; Inapplicable ; Inapplicable ; Pass         ; Inapplicable ; Inapplicable ; Inapplicable ; Inapplicable ; Inapplicable ; Pass      ; Inapplicable ; Inapplicable ;
; sine_out[4]        ; Pass      ; Inapplicable ; Pass      ; Inapplicable ; Inapplicable ; Pass      ; Pass      ; Inapplicable ; Pass      ; Pass      ; Inapplicable ; Pass         ; Inapplicable ; Inapplicable ; Inapplicable ; Inapplicable ; Pass         ; Inapplicable ; Inapplicable ; Inapplicable ; Inapplicable ; Pass         ; Inapplicable ; Inapplicable ; Inapplicable ; Inapplicable ; Inapplicable ; Pass      ; Inapplicable ; Inapplicable ;
; sine_out[5]        ; Pass      ; Inapplicable ; Pass      ; Inapplicable ; Inapplicable ; Pass      ; Pass      ; Inapplicable ; Pass      ; Pass      ; Inapplicable ; Pass         ; Inapplicable ; Inapplicable ; Inapplicable ; Inapplicable ; Pass         ; Inapplicable ; Inapplicable ; Inapplicable ; Inapplicable ; Pass         ; Inapplicable ; Inapplicable ; Inapplicable ; Inapplicable ; Inapplicable ; Pass      ; Inapplicable ; Inapplicable ;
; sine_out[6]        ; Pass      ; Inapplicable ; Pass      ; Inapplicable ; Inapplicable ; Pass      ; Pass      ; Inapplicable ; Pass      ; Pass      ; Inapplicable ; Pass         ; Inapplicable ; Inapplicable ; Inapplicable ; Inapplicable ; Pass         ; Inapplicable ; Inapplicable ; Inapplicable ; Inapplicable ; Pass         ; Inapplicable ; Inapplicable ; Inapplicable ; Inapplicable ; Inapplicable ; Pass      ; Inapplicable ; Inapplicable ;
; sine_out[7]        ; Pass      ; Inapplicable ; Pass      ; Inapplicable ; Inapplicable ; Pass      ; Pass      ; Inapplicable ; Pass      ; Pass      ; Inapplicable ; Pass         ; Inapplicable ; Inapplicable ; Inapplicable ; Inapplicable ; Pass         ; Inapplicable ; Inapplicable ; Inapplicable ; Inapplicable ; Pass         ; Inapplicable ; Inapplicable ; Inapplicable ; Inapplicable ; Inapplicable ; Pass      ; Inapplicable ; Inapplicable ;
; sine_out[8]        ; Pass      ; Inapplicable ; Pass      ; Inapplicable ; Inapplicable ; Pass      ; Pass      ; Inapplicable ; Pass      ; Pass      ; Inapplicable ; Pass         ; Inapplicable ; Inapplicable ; Inapplicable ; Inapplicable ; Pass         ; Inapplicable ; Inapplicable ; Inapplicable ; Inapplicable ; Pass         ; Inapplicable ; Inapplicable ; Inapplicable ; Inapplicable ; Inapplicable ; Pass      ; Inapplicable ; Inapplicable ;
; sine_out[9]        ; Pass      ; Inapplicable ; Pass      ; Inapplicable ; Inapplicable ; Pass      ; Pass      ; Inapplicable ; Pass      ; Pass      ; Inapplicable ; Pass         ; Inapplicable ; Inapplicable ; Inapplicable ; Inapplicable ; Pass         ; Inapplicable ; Inapplicable ; Inapplicable ; Inapplicable ; Pass         ; Inapplicable ; Inapplicable ; Inapplicable ; Inapplicable ; Inapplicable ; Pass      ; Inapplicable ; Inapplicable ;
; sine_out[10]       ; Pass      ; Inapplicable ; Pass      ; Inapplicable ; Inapplicable ; Pass      ; Pass      ; Inapplicable ; Pass      ; Pass      ; Inapplicable ; Pass         ; Inapplicable ; Inapplicable ; Inapplicable ; Inapplicable ; Pass         ; Inapplicable ; Inapplicable ; Inapplicable ; Inapplicable ; Pass         ; Inapplicable ; Inapplicable ; Inapplicable ; Inapplicable ; Inapplicable ; Pass      ; Inapplicable ; Inapplicable ;
; sine_out[11]       ; Pass      ; Inapplicable ; Pass      ; Inapplicable ; Inapplicable ; Pass      ; Pass      ; Inapplicable ; Pass      ; Pass      ; Inapplicable ; Pass         ; Inapplicable ; Inapplicable ; Inapplicable ; Inapplicable ; Pass         ; Inapplicable ; Inapplicable ; Inapplicable ; Inapplicable ; Pass         ; Inapplicable ; Inapplicable ; Inapplicable ; Inapplicable ; Inapplicable ; Pass      ; Inapplicable ; Inapplicable ;
; sine_out[12]       ; Pass      ; Inapplicable ; Pass      ; Inapplicable ; Inapplicable ; Pass      ; Pass      ; Inapplicable ; Pass      ; Pass      ; Inapplicable ; Pass         ; Inapplicable ; Inapplicable ; Inapplicable ; Inapplicable ; Pass         ; Inapplicable ; Inapplicable ; Inapplicable ; Inapplicable ; Pass         ; Inapplicable ; Inapplicable ; Inapplicable ; Inapplicable ; Inapplicable ; Pass      ; Inapplicable ; Inapplicable ;
; sine_out[13]       ; Pass      ; Inapplicable ; Pass      ; Inapplicable ; Inapplicable ; Pass      ; Pass      ; Inapplicable ; Pass      ; Pass      ; Inapplicable ; Pass         ; Inapplicable ; Inapplicable ; Inapplicable ; Inapplicable ; Pass         ; Inapplicable ; Inapplicable ; Inapplicable ; Inapplicable ; Pass         ; Inapplicable ; Inapplicable ; Inapplicable ; Inapplicable ; Inapplicable ; Pass      ; Inapplicable ; Inapplicable ;
; seg[0]             ; Pass      ; Inapplicable ; Pass      ; Inapplicable ; Inapplicable ; Pass      ; Pass      ; Inapplicable ; Pass      ; Pass      ; Inapplicable ; Pass         ; Inapplicable ; Inapplicable ; Inapplicable ; Inapplicable ; Pass         ; Inapplicable ; Inapplicable ; Inapplicable ; Inapplicable ; Pass         ; Inapplicable ; Inapplicable ; Inapplicable ; Inapplicable ; Inapplicable ; Pass      ; Inapplicable ; Inapplicable ;
; seg[1]             ; Pass      ; Inapplicable ; Pass      ; Inapplicable ; Inapplicable ; Pass      ; Pass      ; Inapplicable ; Pass      ; Pass      ; Inapplicable ; Pass         ; Inapplicable ; Inapplicable ; Inapplicable ; Inapplicable ; Pass         ; Inapplicable ; Inapplicable ; Inapplicable ; Inapplicable ; Pass         ; Inapplicable ; Inapplicable ; Inapplicable ; Inapplicable ; Inapplicable ; Pass      ; Inapplicable ; Inapplicable ;
; seg[2]             ; Pass      ; Inapplicable ; Pass      ; Inapplicable ; Inapplicable ; Pass      ; Pass      ; Inapplicable ; Pass      ; Pass      ; Inapplicable ; Pass         ; Inapplicable ; Inapplicable ; Inapplicable ; Inapplicable ; Pass         ; Inapplicable ; Inapplicable ; Inapplicable ; Inapplicable ; Pass         ; Inapplicable ; Inapplicable ; Inapplicable ; Inapplicable ; Inapplicable ; Pass      ; Inapplicable ; Inapplicable ;
; seg[3]             ; Pass      ; Inapplicable ; Pass      ; Inapplicable ; Inapplicable ; Pass      ; Pass      ; Inapplicable ; Pass      ; Pass      ; Inapplicable ; Pass         ; Inapplicable ; Inapplicable ; Inapplicable ; Inapplicable ; Pass         ; Inapplicable ; Inapplicable ; Inapplicable ; Inapplicable ; Pass         ; Inapplicable ; Inapplicable ; Inapplicable ; Inapplicable ; Inapplicable ; Pass      ; Inapplicable ; Inapplicable ;
; seg[4]             ; Pass      ; Inapplicable ; Pass      ; Inapplicable ; Inapplicable ; Pass      ; Pass      ; Inapplicable ; Pass      ; Pass      ; Inapplicable ; Pass         ; Inapplicable ; Inapplicable ; Inapplicable ; Inapplicable ; Pass         ; Inapplicable ; Inapplicable ; Inapplicable ; Inapplicable ; Pass         ; Inapplicable ; Inapplicable ; Inapplicable ; Inapplicable ; Inapplicable ; Pass      ; Inapplicable ; Inapplicable ;
; seg[5]             ; Pass      ; Inapplicable ; Pass      ; Inapplicable ; Inapplicable ; Pass      ; Pass      ; Inapplicable ; Pass      ; Pass      ; Inapplicable ; Pass         ; Inapplicable ; Inapplicable ; Inapplicable ; Inapplicable ; Pass         ; Inapplicable ; Inapplicable ; Inapplicable ; Inapplicable ; Pass         ; Inapplicable ; Inapplicable ; Inapplicable ; Inapplicable ; Inapplicable ; Pass      ; Inapplicable ; Inapplicable ;
; seg[6]             ; Pass      ; Inapplicable ; Pass      ; Inapplicable ; Inapplicable ; Pass      ; Pass      ; Inapplicable ; Pass      ; Pass      ; Inapplicable ; Pass         ; Inapplicable ; Inapplicable ; Inapplicable ; Inapplicable ; Pass         ; Inapplicable ; Inapplicable ; Inapplicable ; Inapplicable ; Pass         ; Inapplicable ; Inapplicable ; Inapplicable ; Inapplicable ; Inapplicable ; Pass      ; Inapplicable ; Inapplicable ;
; seg[7]             ; Pass      ; Inapplicable ; Pass      ; Inapplicable ; Inapplicable ; Pass      ; Pass      ; Inapplicable ; Pass      ; Pass      ; Inapplicable ; Pass         ; Inapplicable ; Inapplicable ; Inapplicable ; Inapplicable ; Pass         ; Inapplicable ; Inapplicable ; Inapplicable ; Inapplicable ; Pass         ; Inapplicable ; Inapplicable ; Inapplicable ; Inapplicable ; Inapplicable ; Pass      ; Inapplicable ; Inapplicable ;
; sel[0]             ; Pass      ; Inapplicable ; Pass      ; Inapplicable ; Inapplicable ; Pass      ; Pass      ; Inapplicable ; Pass      ; Pass      ; Inapplicable ; Pass         ; Inapplicable ; Inapplicable ; Inapplicable ; Inapplicable ; Pass         ; Inapplicable ; Inapplicable ; Inapplicable ; Inapplicable ; Pass         ; Inapplicable ; Inapplicable ; Inapplicable ; Inapplicable ; Inapplicable ; Pass      ; Inapplicable ; Inapplicable ;
; sel[1]             ; Pass      ; Inapplicable ; Pass      ; Inapplicable ; Inapplicable ; Pass      ; Pass      ; Inapplicable ; Pass      ; Pass      ; Inapplicable ; Pass         ; Inapplicable ; Inapplicable ; Inapplicable ; Inapplicable ; Pass         ; Inapplicable ; Inapplicable ; Inapplicable ; Inapplicable ; Pass         ; Inapplicable ; Inapplicable ; Inapplicable ; Inapplicable ; Inapplicable ; Pass      ; Inapplicable ; Inapplicable ;
; sel[2]             ; Pass      ; Inapplicable ; Pass      ; Inapplicable ; Inapplicable ; Pass      ; Pass      ; Inapplicable ; Pass      ; Pass      ; Inapplicable ; Pass         ; Inapplicable ; Inapplicable ; Inapplicable ; Inapplicable ; Pass         ; Inapplicable ; Inapplicable ; Inapplicable ; Inapplicable ; Pass         ; Inapplicable ; Inapplicable ; Inapplicable ; Inapplicable ; Inapplicable ; Pass      ; Inapplicable ; Inapplicable ;
; sel[3]             ; Pass      ; Inapplicable ; Pass      ; Inapplicable ; Inapplicable ; Pass      ; Pass      ; Inapplicable ; Pass      ; Pass      ; Inapplicable ; Pass         ; Inapplicable ; Inapplicable ; Inapplicable ; Inapplicable ; Pass         ; Inapplicable ; Inapplicable ; Inapplicable ; Inapplicable ; Pass         ; Inapplicable ; Inapplicable ; Inapplicable ; Inapplicable ; Inapplicable ; Pass      ; Inapplicable ; Inapplicable ;
; out_dacclk         ; Pass      ; Inapplicable ; Pass      ; Inapplicable ; Inapplicable ; Pass      ; Pass      ; Inapplicable ; Pass      ; Pass      ; Inapplicable ; Pass         ; Inapplicable ; Inapplicable ; Inapplicable ; Inapplicable ; Pass         ; Inapplicable ; Inapplicable ; Inapplicable ; Inapplicable ; Pass         ; Inapplicable ; Inapplicable ; Inapplicable ; Inapplicable ; Inapplicable ; Pass      ; Inapplicable ; Inapplicable ;
; locked             ; Pass      ; Inapplicable ; Pass      ; Inapplicable ; Inapplicable ; Pass      ; Pass      ; Inapplicable ; Pass      ; Pass      ; Inapplicable ; Pass         ; Inapplicable ; Inapplicable ; Inapplicable ; Inapplicable ; Pass         ; Inapplicable ; Inapplicable ; Inapplicable ; Inapplicable ; Pass         ; Inapplicable ; Inapplicable ; Inapplicable ; Inapplicable ; Inapplicable ; Pass      ; Inapplicable ; Inapplicable ;
; switch             ; Pass      ; Inapplicable ; Pass      ; Inapplicable ; Inapplicable ; Pass      ; Pass      ; Inapplicable ; Pass      ; Pass      ; Inapplicable ; Inapplicable ; Inapplicable ; Inapplicable ; Pass         ; Inapplicable ; Inapplicable ; Pass         ; Inapplicable ; Inapplicable ; Inapplicable ; Inapplicable ; Inapplicable ; Inapplicable ; Inapplicable ; Inapplicable ; Inapplicable ; Pass      ; Inapplicable ; Inapplicable ;
; clk                ; Pass      ; Inapplicable ; Pass      ; Inapplicable ; Inapplicable ; Pass      ; Pass      ; Inapplicable ; Pass      ; Pass      ; Inapplicable ; Inapplicable ; Inapplicable ; Inapplicable ; Pass         ; Inapplicable ; Inapplicable ; Pass         ; Inapplicable ; Inapplicable ; Inapplicable ; Inapplicable ; Inapplicable ; Inapplicable ; Inapplicable ; Inapplicable ; Inapplicable ; Pass      ; Inapplicable ; Inapplicable ;
; rst_n              ; Pass      ; Inapplicable ; Pass      ; Inapplicable ; Inapplicable ; Pass      ; Pass      ; Inapplicable ; Pass      ; Pass      ; Inapplicable ; Inapplicable ; Inapplicable ; Inapplicable ; Pass         ; Inapplicable ; Inapplicable ; Pass         ; Inapplicable ; Inapplicable ; Inapplicable ; Inapplicable ; Inapplicable ; Inapplicable ; Inapplicable ; Inapplicable ; Inapplicable ; Pass      ; Inapplicable ; Inapplicable ;
; uart_rx            ; Pass      ; Inapplicable ; Pass      ; Inapplicable ; Inapplicable ; Pass      ; Pass      ; Inapplicable ; Pass      ; Pass      ; Inapplicable ; Inapplicable ; Inapplicable ; Inapplicable ; Pass         ; Inapplicable ; Inapplicable ; Pass         ; Inapplicable ; Inapplicable ; Inapplicable ; Inapplicable ; Inapplicable ; Inapplicable ; Inapplicable ; Inapplicable ; Inapplicable ; Pass      ; Inapplicable ; Inapplicable ;
+--------------------+-----------+--------------+-----------+--------------+--------------+-----------+-----------+--------------+-----------+-----------+--------------+--------------+--------------+--------------+--------------+--------------+--------------+--------------+--------------+--------------+--------------+--------------+--------------+--------------+--------------+--------------+--------------+-----------+--------------+--------------+


+---------------------------------------------------------------------------------------------+
; Fitter Device Options                                                                       ;
+------------------------------------------------------------------+--------------------------+
; Option                                                           ; Setting                  ;
+------------------------------------------------------------------+--------------------------+
; Enable user-supplied start-up clock (CLKUSR)                     ; Off                      ;
; Enable device-wide reset (DEV_CLRn)                              ; Off                      ;
; Enable device-wide output enable (DEV_OE)                        ; Off                      ;
; Enable INIT_DONE output                                          ; Off                      ;
; Configuration scheme                                             ; Active Serial            ;
; Error detection CRC                                              ; Off                      ;
; Enable open drain on CRC_ERROR pin                               ; Off                      ;
; Enable input tri-state on active configuration pins in user mode ; Off                      ;
; Configuration Voltage Level                                      ; Auto                     ;
; Force Configuration Voltage Level                                ; Off                      ;
; nCEO                                                             ; As output driving ground ;
; Data[0]                                                          ; As input tri-stated      ;
; Data[1]/ASDO                                                     ; As input tri-stated      ;
; Data[7..2]                                                       ; Unreserved               ;
; FLASH_nCE/nCSO                                                   ; As input tri-stated      ;
; Other Active Parallel pins                                       ; Unreserved               ;
; DCLK                                                             ; As output driving ground ;
+------------------------------------------------------------------+--------------------------+


+------------------------------------+
; Operating Settings and Conditions  ;
+---------------------------+--------+
; Setting                   ; Value  ;
+---------------------------+--------+
; Nominal Core Voltage      ; 1.20 V ;
; Low Junction Temperature  ; 0 °C   ;
; High Junction Temperature ; 85 °C  ;
+---------------------------+--------+


+-----------------+
; Fitter Messages ;
+-----------------+
Warning (18236): Number of processors has not been specified which may cause overloading on shared machines.  Set the global assignment NUM_PARALLEL_PROCESSORS in your QSF to an appropriate value for best performance.
Info (20030): Parallel compilation is enabled and will use 10 of the 10 processors detected
Info (119006): Selected device EP4CE6F17C8 for design "DDS_simple"
Info (21077): Low junction temperature is 0 degrees C
Info (21077): High junction temperature is 85 degrees C
Info (15535): Implemented PLL "dac904_pll:u_pll|altpll:altpll_component|dac904_pll_altpll:auto_generated|pll1" as Cyclone IV E PLL type File: D:/NUEDC_Lordy/FPGA/Projects/mDDS/db/dac904_pll_altpll.v Line: 50
    Info (15099): Implementing clock multiplication of 4, clock division of 1, and phase shift of 0 degrees (0 ps) for dac904_pll:u_pll|altpll:altpll_component|dac904_pll_altpll:auto_generated|wire_pll1_clk[0] port File: D:/NUEDC_Lordy/FPGA/Projects/mDDS/db/dac904_pll_altpll.v Line: 50
Info (171003): Fitter is performing an Auto Fit compilation, which may decrease Fitter effort to reduce compilation time
Info (176444): Device migration not selected. If you intend to use device migration later, you may need to change the pin assignments as they may be incompatible with other devices
    Info (176445): Device EP4CE10F17C8 is compatible
    Info (176445): Device EP4CE15F17C8 is compatible
    Info (176445): Device EP4CE22F17C8 is compatible
Info (169124): Fitter converted 5 user pins into dedicated programming pins
    Info (169125): Pin ~ALTERA_ASDO_DATA1~ is reserved at location C1
    Info (169125): Pin ~ALTERA_FLASH_nCE_nCSO~ is reserved at location D2
    Info (169125): Pin ~ALTERA_DCLK~ is reserved at location H1
    Info (169125): Pin ~ALTERA_DATA0~ is reserved at location H2
    Info (169125): Pin ~ALTERA_nCEO~ is reserved at location F16
Warning (15714): Some pins have incomplete I/O assignments. Refer to the I/O Assignment Warnings report for details
Info (176045): Design uses memory blocks. Violating setup or hold times of memory block address registers for either read or write operations could cause memory contents to be corrupted. Make sure that all memory block address registers meet the setup and hold time requirements.
Critical Warning (176584): Output pin "out_dacclk" (external output clock of PLL "dac904_pll:u_pll|altpll:altpll_component|dac904_pll_altpll:auto_generated|pll1") uses I/O standard 2.5 V, has current strength 8mA, output load 0pF, and output clock frequency of 200 MHz, but target device can support only maximum output clock frequency of 181 MHz for this combination of I/O standard, current strength and load File: D:/NUEDC_Lordy/FPGA/Projects/mDDS/DDS_simple.v Line: 59
Critical Warning (332012): Synopsys Design Constraints File file not found: 'DDS_simple.sdc'. A Synopsys Design Constraints File is required by the Timing Analyzer to get proper timing constraints. Without it, the Compiler will not properly optimize the design.
Info (332144): No user constrained generated clocks found in the design
Info (332144): No user constrained base clocks found in the design
Info (332096): The command derive_clocks did not find any clocks to derive.  No clocks were created or changed.
Info (332143): No user constrained clock uncertainty found in the design. Calling "derive_clock_uncertainty"
Info (332154): The derive_clock_uncertainty command did not apply clock uncertainty to any clock-to-clock transfers.
Info (332130): Timing requirements not specified -- quality metrics such as performance may be sacrificed to reduce compilation time.
Info (176353): Automatically promoted node clk~input (placed in PIN E1 (CLK1, DIFFCLK_0n)) File: D:/NUEDC_Lordy/FPGA/Projects/mDDS/DDS_simple.v Line: 2
    Info (176355): Automatically promoted destinations to use location or clock signal Global Clock CLKCTRL_G2
Info (176353): Automatically promoted node dac904_pll:u_pll|altpll:altpll_component|dac904_pll_altpll:auto_generated|wire_pll1_clk[0] (placed in counter C0 of PLL_1) File: D:/NUEDC_Lordy/FPGA/Projects/mDDS/db/dac904_pll_altpll.v Line: 92
    Info (176355): Automatically promoted destinations to use location or clock signal Global Clock CLKCTRL_G3
Info (176233): Starting register packing
Info (176235): Finished register packing
    Extra Info (176219): No registers were packed into other blocks
Warning (15058): PLL "dac904_pll:u_pll|altpll:altpll_component|dac904_pll_altpll:auto_generated|pll1" is in normal or source synchronous mode with output clock "compensate_clock" set to clk[0] that is not fully compensated because it feeds an output pin -- only PLLs in zero delay buffer mode can fully compensate output pins File: D:/NUEDC_Lordy/FPGA/Projects/mDDS/db/dac904_pll_altpll.v Line: 50
Warning (15064): PLL "dac904_pll:u_pll|altpll:altpll_component|dac904_pll_altpll:auto_generated|pll1" output port clk[0] feeds output pin "out_dacclk~output" via non-dedicated routing -- jitter performance depends on switching rate of other design elements. Use PLL dedicated clock outputs to ensure jitter performance File: D:/NUEDC_Lordy/FPGA/Projects/mDDS/db/dac904_pll_altpll.v Line: 50
Info (171121): Fitter preparation operations ending: elapsed time is 00:00:00
Info (14896): Fitter has disabled Advanced Physical Optimization because it is not supported for the current family.
Info (170189): Fitter placement preparation operations beginning
Info (170190): Fitter placement preparation operations ending: elapsed time is 00:00:00
Info (170191): Fitter placement operations beginning
Info (170137): Fitter placement was successful
Info (170192): Fitter placement operations ending: elapsed time is 00:00:02
Info (170193): Fitter routing operations beginning
Info (170195): Router estimated average interconnect usage is 2% of the available device resources
    Info (170196): Router estimated peak interconnect usage is 7% of the available device resources in the region that extends from location X11_Y0 to location X22_Y11
Info (170199): The Fitter performed an Auto Fit compilation.  Optimizations were skipped to reduce compilation time.
    Info (170201): Optimizations that may affect the design's routability were skipped
Info (170194): Fitter routing operations ending: elapsed time is 00:00:01
Info (11888): Total time spent on timing analysis during the Fitter is 0.52 seconds.
Info (334003): Started post-fitting delay annotation
Info (334004): Delay annotation completed successfully
Info (334003): Started post-fitting delay annotation
Info (334004): Delay annotation completed successfully
Info (11218): Fitter post-fit operations ending: elapsed time is 00:00:00
Info (144001): Generated suppressed messages file D:/NUEDC_Lordy/FPGA/Projects/mDDS/output_files/DDS_simple.fit.smsg
Info: Quartus Prime Fitter was successful. 0 errors, 6 warnings
    Info: Peak virtual memory: 5990 megabytes
    Info: Processing ended: Thu May 21 19:45:12 2026
    Info: Elapsed time: 00:00:07
    Info: Total CPU time (on all processors): 00:00:13


+----------------------------+
; Fitter Suppressed Messages ;
+----------------------------+
The suppressed messages can be found in D:/NUEDC_Lordy/FPGA/Projects/mDDS/output_files/DDS_simple.fit.smsg.


