Timing Analyzer report for DDS_simple
Wed May 27 22:47:24 2026
Quartus Prime Version 18.0.0 Build 614 04/24/2018 SJ Standard Edition


---------------------
; Table of Contents ;
---------------------
  1. Legal Notice
  2. Timing Analyzer Summary
  3. Parallel Compilation
  4. Clocks
  5. Slow 1200mV 85C Model Fmax Summary
  6. Timing Closure Recommendations
  7. Slow 1200mV 85C Model Setup Summary
  8. Slow 1200mV 85C Model Hold Summary
  9. Slow 1200mV 85C Model Recovery Summary
 10. Slow 1200mV 85C Model Removal Summary
 11. Slow 1200mV 85C Model Minimum Pulse Width Summary
 12. Slow 1200mV 85C Model Setup: 'clk'
 13. Slow 1200mV 85C Model Hold: 'clk'
 14. Slow 1200mV 85C Model Metastability Summary
 15. Slow 1200mV 0C Model Fmax Summary
 16. Slow 1200mV 0C Model Setup Summary
 17. Slow 1200mV 0C Model Hold Summary
 18. Slow 1200mV 0C Model Recovery Summary
 19. Slow 1200mV 0C Model Removal Summary
 20. Slow 1200mV 0C Model Minimum Pulse Width Summary
 21. Slow 1200mV 0C Model Setup: 'clk'
 22. Slow 1200mV 0C Model Hold: 'clk'
 23. Slow 1200mV 0C Model Metastability Summary
 24. Fast 1200mV 0C Model Setup Summary
 25. Fast 1200mV 0C Model Hold Summary
 26. Fast 1200mV 0C Model Recovery Summary
 27. Fast 1200mV 0C Model Removal Summary
 28. Fast 1200mV 0C Model Minimum Pulse Width Summary
 29. Fast 1200mV 0C Model Setup: 'clk'
 30. Fast 1200mV 0C Model Hold: 'clk'
 31. Fast 1200mV 0C Model Metastability Summary
 32. Multicorner Timing Analysis Summary
 33. Board Trace Model Assignments
 34. Input Transition Times
 35. Signal Integrity Metrics (Slow 1200mv 0c Model)
 36. Signal Integrity Metrics (Slow 1200mv 85c Model)
 37. Signal Integrity Metrics (Fast 1200mv 0c Model)
 38. Setup Transfers
 39. Hold Transfers
 40. Report TCCS
 41. Report RSKM
 42. Unconstrained Paths Summary
 43. Clock Status Summary
 44. Unconstrained Input Ports
 45. Unconstrained Output Ports
 46. Unconstrained Input Ports
 47. Unconstrained Output Ports
 48. Timing Analyzer Messages



----------------
; Legal Notice ;
----------------
Copyright (C) 2018  Intel Corporation. All rights reserved.
Your use of Intel Corporation's design tools, logic functions 
and other software and tools, and its AMPP partner logic 
functions, and any output files from any of the foregoing 
(including device programming or simulation files), and any 
associated documentation or information are expressly subject 
to the terms and conditions of the Intel Program License 
Subscription Agreement, the Intel Quartus Prime License Agreement,
the Intel FPGA IP License Agreement, or other applicable license
agreement, including, without limitation, that your use is for
the sole purpose of programming logic devices manufactured by
Intel and sold by Intel or its authorized distributors.  Please
refer to the applicable agreement for further details.



+---------------------------------------------------------------------------------+
; Timing Analyzer Summary                                                         ;
+-----------------------+---------------------------------------------------------+
; Quartus Prime Version ; Version 18.0.0 Build 614 04/24/2018 SJ Standard Edition ;
; Timing Analyzer       ; Legacy Timing Analyzer                                  ;
; Revision Name         ; DDS_simple                                              ;
; Device Family         ; Cyclone IV E                                            ;
; Device Name           ; EP4CE6F17C8                                             ;
; Timing Models         ; Final                                                   ;
; Delay Model           ; Combined                                                ;
; Rise/Fall Delays      ; Enabled                                                 ;
+-----------------------+---------------------------------------------------------+


+------------------------------------------+
; Parallel Compilation                     ;
+----------------------------+-------------+
; Processors                 ; Number      ;
+----------------------------+-------------+
; Number detected on machine ; 12          ;
; Maximum allowed            ; 10          ;
;                            ;             ;
; Average used               ; 1.59        ;
; Maximum used               ; 10          ;
;                            ;             ;
; Usage by Processor         ; % Time Used ;
;     Processor 1            ; 100.0%      ;
;     Processor 2            ;  40.7%      ;
;     Processor 3            ;   4.0%      ;
;     Processor 4            ;   3.4%      ;
;     Processors 5-10        ;   1.8%      ;
+----------------------------+-------------+


+------------------------------------------------------------------------------------------------------------------------------------------------------------------------------------------------------------------------------------------------------------------------------------------------------------------------+
; Clocks                                                                                                                                                                                                                                                                                                                 ;
+---------------------------------------------------+-----------+--------+-----------+-------+--------+------------+-----------+-------------+-------+--------+-----------+------------+----------+--------+-----------------------------------------------------+-------------------------------------------------------+
; Clock Name                                        ; Type      ; Period ; Frequency ; Rise  ; Fall   ; Duty Cycle ; Divide by ; Multiply by ; Phase ; Offset ; Edge List ; Edge Shift ; Inverted ; Master ; Source                                              ; Targets                                               ;
+---------------------------------------------------+-----------+--------+-----------+-------+--------+------------+-----------+-------------+-------+--------+-----------+------------+----------+--------+-----------------------------------------------------+-------------------------------------------------------+
; clk                                               ; Base      ; 20.000 ; 50.0 MHz  ; 0.000 ; 10.000 ;            ;           ;             ;       ;        ;           ;            ;          ;        ;                                                     ; { clk }                                               ;
; u_pll|altpll_component|auto_generated|pll1|clk[0] ; Generated ; 5.000  ; 200.0 MHz ; 0.000 ; 2.500  ; 50.00      ; 1         ; 4           ;       ;        ;           ;            ; false    ; clk    ; u_pll|altpll_component|auto_generated|pll1|inclk[0] ; { u_pll|altpll_component|auto_generated|pll1|clk[0] } ;
+---------------------------------------------------+-----------+--------+-----------+-------+--------+------------+-----------+-------------+-------+--------+-----------+------------+----------+--------+-----------------------------------------------------+-------------------------------------------------------+


+-------------------------------------------------+
; Slow 1200mV 85C Model Fmax Summary              ;
+-----------+-----------------+------------+------+
; Fmax      ; Restricted Fmax ; Clock Name ; Note ;
+-----------+-----------------+------------+------+
; 18.05 MHz ; 18.05 MHz       ; clk        ;      ;
+-----------+-----------------+------------+------+
This panel reports FMAX for every clock in the design, regardless of the user-specified clock periods.  FMAX is only computed for paths where the source and destination registers or ports are driven by the same clock.  Paths of different clocks, including generated clocks, are ignored.  For paths between a clock and its inversion, FMAX is computed as if the rising and falling edges are scaled along with FMAX, such that the duty cycle (in terms of a percentage) is maintained. Altera recommends that you always use clock constraints and other slack reports for sign-off analysis.


----------------------------------
; Timing Closure Recommendations ;
----------------------------------
HTML report is unavailable in plain text report export.


+-------------------------------------+
; Slow 1200mV 85C Model Setup Summary ;
+-------+---------+-------------------+
; Clock ; Slack   ; End Point TNS     ;
+-------+---------+-------------------+
; clk   ; -35.391 ; -1780.174         ;
+-------+---------+-------------------+


+------------------------------------+
; Slow 1200mV 85C Model Hold Summary ;
+-------+-------+--------------------+
; Clock ; Slack ; End Point TNS      ;
+-------+-------+--------------------+
; clk   ; 0.453 ; 0.000              ;
+-------+-------+--------------------+


------------------------------------------
; Slow 1200mV 85C Model Recovery Summary ;
------------------------------------------
No paths to report.


-----------------------------------------
; Slow 1200mV 85C Model Removal Summary ;
-----------------------------------------
No paths to report.


+---------------------------------------------------+
; Slow 1200mV 85C Model Minimum Pulse Width Summary ;
+-------+-------+-----------------------------------+
; Clock ; Slack ; End Point TNS                     ;
+-------+-------+-----------------------------------+
; clk   ; 9.472 ; 0.000                             ;
+-------+-------+-----------------------------------+


+-----------------------------------------------------------------------------------------------------------------------------------------------------------+
; Slow 1200mV 85C Model Setup: 'clk'                                                                                                                        ;
+---------+------------------------------------+--------------------------------------+--------------+-------------+--------------+------------+------------+
; Slack   ; From Node                          ; To Node                              ; Launch Clock ; Latch Clock ; Relationship ; Clock Skew ; Data Delay ;
+---------+------------------------------------+--------------------------------------+--------------+-------------+--------------+------------+------------+
; -35.391 ; seg_display:u_seg_display|base[12] ; seg_display:u_seg_display|temp_f[15] ; clk          ; clk         ; 20.000       ; 0.351      ; 55.743     ;
; -35.391 ; seg_display:u_seg_display|base[12] ; seg_display:u_seg_display|temp_f[14] ; clk          ; clk         ; 20.000       ; 0.351      ; 55.743     ;
; -35.391 ; seg_display:u_seg_display|base[12] ; seg_display:u_seg_display|temp_f[12] ; clk          ; clk         ; 20.000       ; 0.351      ; 55.743     ;
; -35.391 ; seg_display:u_seg_display|base[12] ; seg_display:u_seg_display|temp_f[11] ; clk          ; clk         ; 20.000       ; 0.351      ; 55.743     ;
; -35.391 ; seg_display:u_seg_display|base[12] ; seg_display:u_seg_display|temp_f[8]  ; clk          ; clk         ; 20.000       ; 0.351      ; 55.743     ;
; -35.391 ; seg_display:u_seg_display|base[12] ; seg_display:u_seg_display|temp_f[7]  ; clk          ; clk         ; 20.000       ; 0.351      ; 55.743     ;
; -35.386 ; seg_display:u_seg_display|base[12] ; seg_display:u_seg_display|temp_f[29] ; clk          ; clk         ; 20.000       ; 0.350      ; 55.737     ;
; -35.386 ; seg_display:u_seg_display|base[12] ; seg_display:u_seg_display|temp_f[30] ; clk          ; clk         ; 20.000       ; 0.350      ; 55.737     ;
; -35.386 ; seg_display:u_seg_display|base[12] ; seg_display:u_seg_display|temp_f[31] ; clk          ; clk         ; 20.000       ; 0.350      ; 55.737     ;
; -35.386 ; seg_display:u_seg_display|base[12] ; seg_display:u_seg_display|temp_f[28] ; clk          ; clk         ; 20.000       ; 0.350      ; 55.737     ;
; -35.386 ; seg_display:u_seg_display|base[12] ; seg_display:u_seg_display|temp_f[27] ; clk          ; clk         ; 20.000       ; 0.350      ; 55.737     ;
; -35.386 ; seg_display:u_seg_display|base[12] ; seg_display:u_seg_display|temp_f[24] ; clk          ; clk         ; 20.000       ; 0.350      ; 55.737     ;
; -35.386 ; seg_display:u_seg_display|base[12] ; seg_display:u_seg_display|temp_f[23] ; clk          ; clk         ; 20.000       ; 0.350      ; 55.737     ;
; -35.386 ; seg_display:u_seg_display|base[12] ; seg_display:u_seg_display|temp_f[20] ; clk          ; clk         ; 20.000       ; 0.350      ; 55.737     ;
; -35.027 ; seg_display:u_seg_display|base[12] ; seg_display:u_seg_display|temp_f[1]  ; clk          ; clk         ; 20.000       ; -0.114     ; 54.914     ;
; -35.027 ; seg_display:u_seg_display|base[12] ; seg_display:u_seg_display|temp_f[0]  ; clk          ; clk         ; 20.000       ; -0.114     ; 54.914     ;
; -34.936 ; seg_display:u_seg_display|base[12] ; seg_display:u_seg_display|y_cnt[2]   ; clk          ; clk         ; 20.000       ; -0.114     ; 54.823     ;
; -34.935 ; seg_display:u_seg_display|base[12] ; seg_display:u_seg_display|y_cnt[3]   ; clk          ; clk         ; 20.000       ; -0.114     ; 54.822     ;
; -34.925 ; seg_display:u_seg_display|base[12] ; seg_display:u_seg_display|temp_f[26] ; clk          ; clk         ; 20.000       ; 0.357      ; 55.283     ;
; -34.925 ; seg_display:u_seg_display|base[12] ; seg_display:u_seg_display|temp_f[25] ; clk          ; clk         ; 20.000       ; 0.357      ; 55.283     ;
; -34.925 ; seg_display:u_seg_display|base[12] ; seg_display:u_seg_display|temp_f[22] ; clk          ; clk         ; 20.000       ; 0.357      ; 55.283     ;
; -34.925 ; seg_display:u_seg_display|base[12] ; seg_display:u_seg_display|temp_f[17] ; clk          ; clk         ; 20.000       ; 0.357      ; 55.283     ;
; -34.925 ; seg_display:u_seg_display|base[12] ; seg_display:u_seg_display|temp_f[16] ; clk          ; clk         ; 20.000       ; 0.357      ; 55.283     ;
; -34.882 ; seg_display:u_seg_display|base[12] ; seg_display:u_seg_display|y_cnt[1]   ; clk          ; clk         ; 20.000       ; -0.114     ; 54.769     ;
; -34.873 ; seg_display:u_seg_display|base[12] ; seg_display:u_seg_display|x_show[3]  ; clk          ; clk         ; 20.000       ; -0.112     ; 54.762     ;
; -34.873 ; seg_display:u_seg_display|base[12] ; seg_display:u_seg_display|x_show[2]  ; clk          ; clk         ; 20.000       ; -0.112     ; 54.762     ;
; -34.873 ; seg_display:u_seg_display|base[12] ; seg_display:u_seg_display|x_show[1]  ; clk          ; clk         ; 20.000       ; -0.112     ; 54.762     ;
; -34.873 ; seg_display:u_seg_display|base[12] ; seg_display:u_seg_display|x_show[0]  ; clk          ; clk         ; 20.000       ; -0.112     ; 54.762     ;
; -34.873 ; seg_display:u_seg_display|base[12] ; seg_display:u_seg_display|y_show[3]  ; clk          ; clk         ; 20.000       ; -0.112     ; 54.762     ;
; -34.873 ; seg_display:u_seg_display|base[12] ; seg_display:u_seg_display|y_show[2]  ; clk          ; clk         ; 20.000       ; -0.112     ; 54.762     ;
; -34.873 ; seg_display:u_seg_display|base[12] ; seg_display:u_seg_display|y_show[1]  ; clk          ; clk         ; 20.000       ; -0.112     ; 54.762     ;
; -34.873 ; seg_display:u_seg_display|base[12] ; seg_display:u_seg_display|y_show[0]  ; clk          ; clk         ; 20.000       ; -0.112     ; 54.762     ;
; -34.873 ; seg_display:u_seg_display|base[12] ; seg_display:u_seg_display|z_show[2]  ; clk          ; clk         ; 20.000       ; -0.112     ; 54.762     ;
; -34.873 ; seg_display:u_seg_display|base[12] ; seg_display:u_seg_display|z_show[1]  ; clk          ; clk         ; 20.000       ; -0.112     ; 54.762     ;
; -34.873 ; seg_display:u_seg_display|base[12] ; seg_display:u_seg_display|z_show[0]  ; clk          ; clk         ; 20.000       ; -0.112     ; 54.762     ;
; -34.823 ; seg_display:u_seg_display|base[12] ; seg_display:u_seg_display|temp_f[21] ; clk          ; clk         ; 20.000       ; -0.118     ; 54.706     ;
; -34.823 ; seg_display:u_seg_display|base[12] ; seg_display:u_seg_display|temp_f[19] ; clk          ; clk         ; 20.000       ; -0.118     ; 54.706     ;
; -34.823 ; seg_display:u_seg_display|base[12] ; seg_display:u_seg_display|temp_f[18] ; clk          ; clk         ; 20.000       ; -0.118     ; 54.706     ;
; -34.823 ; seg_display:u_seg_display|base[12] ; seg_display:u_seg_display|temp_f[13] ; clk          ; clk         ; 20.000       ; -0.118     ; 54.706     ;
; -34.823 ; seg_display:u_seg_display|base[12] ; seg_display:u_seg_display|temp_f[10] ; clk          ; clk         ; 20.000       ; -0.118     ; 54.706     ;
; -34.823 ; seg_display:u_seg_display|base[12] ; seg_display:u_seg_display|temp_f[6]  ; clk          ; clk         ; 20.000       ; -0.118     ; 54.706     ;
; -34.823 ; seg_display:u_seg_display|base[12] ; seg_display:u_seg_display|temp_f[5]  ; clk          ; clk         ; 20.000       ; -0.118     ; 54.706     ;
; -34.823 ; seg_display:u_seg_display|base[12] ; seg_display:u_seg_display|temp_f[4]  ; clk          ; clk         ; 20.000       ; -0.118     ; 54.706     ;
; -34.823 ; seg_display:u_seg_display|base[12] ; seg_display:u_seg_display|temp_f[3]  ; clk          ; clk         ; 20.000       ; -0.118     ; 54.706     ;
; -34.823 ; seg_display:u_seg_display|base[12] ; seg_display:u_seg_display|temp_f[2]  ; clk          ; clk         ; 20.000       ; -0.118     ; 54.706     ;
; -34.698 ; seg_display:u_seg_display|base[12] ; seg_display:u_seg_display|temp_f[9]  ; clk          ; clk         ; 20.000       ; 0.348      ; 55.047     ;
; -34.342 ; seg_display:u_seg_display|base[12] ; seg_display:u_seg_display|state.000  ; clk          ; clk         ; 20.000       ; -0.112     ; 54.231     ;
; -34.306 ; seg_display:u_seg_display|base[12] ; seg_display:u_seg_display|y_cnt[0]   ; clk          ; clk         ; 20.000       ; -0.111     ; 54.196     ;
; -34.110 ; seg_display:u_seg_display|base[12] ; seg_display:u_seg_display|state.010  ; clk          ; clk         ; 20.000       ; -0.118     ; 53.993     ;
; -33.793 ; seg_display:u_seg_display|base[19] ; seg_display:u_seg_display|temp_f[15] ; clk          ; clk         ; 20.000       ; 0.353      ; 54.147     ;
; -33.793 ; seg_display:u_seg_display|base[19] ; seg_display:u_seg_display|temp_f[14] ; clk          ; clk         ; 20.000       ; 0.353      ; 54.147     ;
; -33.793 ; seg_display:u_seg_display|base[19] ; seg_display:u_seg_display|temp_f[12] ; clk          ; clk         ; 20.000       ; 0.353      ; 54.147     ;
; -33.793 ; seg_display:u_seg_display|base[19] ; seg_display:u_seg_display|temp_f[11] ; clk          ; clk         ; 20.000       ; 0.353      ; 54.147     ;
; -33.793 ; seg_display:u_seg_display|base[19] ; seg_display:u_seg_display|temp_f[8]  ; clk          ; clk         ; 20.000       ; 0.353      ; 54.147     ;
; -33.793 ; seg_display:u_seg_display|base[19] ; seg_display:u_seg_display|temp_f[7]  ; clk          ; clk         ; 20.000       ; 0.353      ; 54.147     ;
; -33.788 ; seg_display:u_seg_display|base[19] ; seg_display:u_seg_display|temp_f[29] ; clk          ; clk         ; 20.000       ; 0.352      ; 54.141     ;
; -33.788 ; seg_display:u_seg_display|base[19] ; seg_display:u_seg_display|temp_f[30] ; clk          ; clk         ; 20.000       ; 0.352      ; 54.141     ;
; -33.788 ; seg_display:u_seg_display|base[19] ; seg_display:u_seg_display|temp_f[31] ; clk          ; clk         ; 20.000       ; 0.352      ; 54.141     ;
; -33.788 ; seg_display:u_seg_display|base[19] ; seg_display:u_seg_display|temp_f[28] ; clk          ; clk         ; 20.000       ; 0.352      ; 54.141     ;
; -33.788 ; seg_display:u_seg_display|base[19] ; seg_display:u_seg_display|temp_f[27] ; clk          ; clk         ; 20.000       ; 0.352      ; 54.141     ;
; -33.788 ; seg_display:u_seg_display|base[19] ; seg_display:u_seg_display|temp_f[24] ; clk          ; clk         ; 20.000       ; 0.352      ; 54.141     ;
; -33.788 ; seg_display:u_seg_display|base[19] ; seg_display:u_seg_display|temp_f[23] ; clk          ; clk         ; 20.000       ; 0.352      ; 54.141     ;
; -33.788 ; seg_display:u_seg_display|base[19] ; seg_display:u_seg_display|temp_f[20] ; clk          ; clk         ; 20.000       ; 0.352      ; 54.141     ;
; -33.429 ; seg_display:u_seg_display|base[19] ; seg_display:u_seg_display|temp_f[1]  ; clk          ; clk         ; 20.000       ; -0.112     ; 53.318     ;
; -33.429 ; seg_display:u_seg_display|base[19] ; seg_display:u_seg_display|temp_f[0]  ; clk          ; clk         ; 20.000       ; -0.112     ; 53.318     ;
; -33.338 ; seg_display:u_seg_display|base[19] ; seg_display:u_seg_display|y_cnt[2]   ; clk          ; clk         ; 20.000       ; -0.112     ; 53.227     ;
; -33.337 ; seg_display:u_seg_display|base[19] ; seg_display:u_seg_display|y_cnt[3]   ; clk          ; clk         ; 20.000       ; -0.112     ; 53.226     ;
; -33.327 ; seg_display:u_seg_display|base[19] ; seg_display:u_seg_display|temp_f[26] ; clk          ; clk         ; 20.000       ; 0.359      ; 53.687     ;
; -33.327 ; seg_display:u_seg_display|base[19] ; seg_display:u_seg_display|temp_f[25] ; clk          ; clk         ; 20.000       ; 0.359      ; 53.687     ;
; -33.327 ; seg_display:u_seg_display|base[19] ; seg_display:u_seg_display|temp_f[22] ; clk          ; clk         ; 20.000       ; 0.359      ; 53.687     ;
; -33.327 ; seg_display:u_seg_display|base[19] ; seg_display:u_seg_display|temp_f[17] ; clk          ; clk         ; 20.000       ; 0.359      ; 53.687     ;
; -33.327 ; seg_display:u_seg_display|base[19] ; seg_display:u_seg_display|temp_f[16] ; clk          ; clk         ; 20.000       ; 0.359      ; 53.687     ;
; -33.284 ; seg_display:u_seg_display|base[19] ; seg_display:u_seg_display|y_cnt[1]   ; clk          ; clk         ; 20.000       ; -0.112     ; 53.173     ;
; -33.275 ; seg_display:u_seg_display|base[19] ; seg_display:u_seg_display|x_show[3]  ; clk          ; clk         ; 20.000       ; -0.110     ; 53.166     ;
; -33.275 ; seg_display:u_seg_display|base[19] ; seg_display:u_seg_display|x_show[2]  ; clk          ; clk         ; 20.000       ; -0.110     ; 53.166     ;
; -33.275 ; seg_display:u_seg_display|base[19] ; seg_display:u_seg_display|x_show[1]  ; clk          ; clk         ; 20.000       ; -0.110     ; 53.166     ;
; -33.275 ; seg_display:u_seg_display|base[19] ; seg_display:u_seg_display|x_show[0]  ; clk          ; clk         ; 20.000       ; -0.110     ; 53.166     ;
; -33.275 ; seg_display:u_seg_display|base[19] ; seg_display:u_seg_display|y_show[3]  ; clk          ; clk         ; 20.000       ; -0.110     ; 53.166     ;
; -33.275 ; seg_display:u_seg_display|base[19] ; seg_display:u_seg_display|y_show[2]  ; clk          ; clk         ; 20.000       ; -0.110     ; 53.166     ;
; -33.275 ; seg_display:u_seg_display|base[19] ; seg_display:u_seg_display|y_show[1]  ; clk          ; clk         ; 20.000       ; -0.110     ; 53.166     ;
; -33.275 ; seg_display:u_seg_display|base[19] ; seg_display:u_seg_display|y_show[0]  ; clk          ; clk         ; 20.000       ; -0.110     ; 53.166     ;
; -33.275 ; seg_display:u_seg_display|base[19] ; seg_display:u_seg_display|z_show[2]  ; clk          ; clk         ; 20.000       ; -0.110     ; 53.166     ;
; -33.275 ; seg_display:u_seg_display|base[19] ; seg_display:u_seg_display|z_show[1]  ; clk          ; clk         ; 20.000       ; -0.110     ; 53.166     ;
; -33.275 ; seg_display:u_seg_display|base[19] ; seg_display:u_seg_display|z_show[0]  ; clk          ; clk         ; 20.000       ; -0.110     ; 53.166     ;
; -33.225 ; seg_display:u_seg_display|base[19] ; seg_display:u_seg_display|temp_f[21] ; clk          ; clk         ; 20.000       ; -0.116     ; 53.110     ;
; -33.225 ; seg_display:u_seg_display|base[19] ; seg_display:u_seg_display|temp_f[19] ; clk          ; clk         ; 20.000       ; -0.116     ; 53.110     ;
; -33.225 ; seg_display:u_seg_display|base[19] ; seg_display:u_seg_display|temp_f[18] ; clk          ; clk         ; 20.000       ; -0.116     ; 53.110     ;
; -33.225 ; seg_display:u_seg_display|base[19] ; seg_display:u_seg_display|temp_f[13] ; clk          ; clk         ; 20.000       ; -0.116     ; 53.110     ;
; -33.225 ; seg_display:u_seg_display|base[19] ; seg_display:u_seg_display|temp_f[10] ; clk          ; clk         ; 20.000       ; -0.116     ; 53.110     ;
; -33.225 ; seg_display:u_seg_display|base[19] ; seg_display:u_seg_display|temp_f[6]  ; clk          ; clk         ; 20.000       ; -0.116     ; 53.110     ;
; -33.225 ; seg_display:u_seg_display|base[19] ; seg_display:u_seg_display|temp_f[5]  ; clk          ; clk         ; 20.000       ; -0.116     ; 53.110     ;
; -33.225 ; seg_display:u_seg_display|base[19] ; seg_display:u_seg_display|temp_f[4]  ; clk          ; clk         ; 20.000       ; -0.116     ; 53.110     ;
; -33.225 ; seg_display:u_seg_display|base[19] ; seg_display:u_seg_display|temp_f[3]  ; clk          ; clk         ; 20.000       ; -0.116     ; 53.110     ;
; -33.225 ; seg_display:u_seg_display|base[19] ; seg_display:u_seg_display|temp_f[2]  ; clk          ; clk         ; 20.000       ; -0.116     ; 53.110     ;
; -33.100 ; seg_display:u_seg_display|base[19] ; seg_display:u_seg_display|temp_f[9]  ; clk          ; clk         ; 20.000       ; 0.350      ; 53.451     ;
; -32.744 ; seg_display:u_seg_display|base[19] ; seg_display:u_seg_display|state.000  ; clk          ; clk         ; 20.000       ; -0.110     ; 52.635     ;
; -32.708 ; seg_display:u_seg_display|base[19] ; seg_display:u_seg_display|y_cnt[0]   ; clk          ; clk         ; 20.000       ; -0.109     ; 52.600     ;
; -32.512 ; seg_display:u_seg_display|base[19] ; seg_display:u_seg_display|state.010  ; clk          ; clk         ; 20.000       ; -0.116     ; 52.397     ;
; -31.202 ; seg_display:u_seg_display|base[14] ; seg_display:u_seg_display|temp_f[15] ; clk          ; clk         ; 20.000       ; -0.144     ; 51.059     ;
; -31.202 ; seg_display:u_seg_display|base[14] ; seg_display:u_seg_display|temp_f[14] ; clk          ; clk         ; 20.000       ; -0.144     ; 51.059     ;
+---------+------------------------------------+--------------------------------------+--------------+-------------+--------------+------------+------------+


+------------------------------------------------------------------------------------------------------------------------------------------------------------------------------------------------------------------------------------------------+
; Slow 1200mV 85C Model Hold: 'clk'                                                                                                                                                                                                              ;
+-------+----------------------------------------+-------------------------------------------------------------------------------------------------------------------------+--------------+-------------+--------------+------------+------------+
; Slack ; From Node                              ; To Node                                                                                                                 ; Launch Clock ; Latch Clock ; Relationship ; Clock Skew ; Data Delay ;
+-------+----------------------------------------+-------------------------------------------------------------------------------------------------------------------------+--------------+-------------+--------------+------------+------------+
; 0.453 ; MCU_uart:u_mcu_uart|rx_data_reg[7]     ; MCU_uart:u_mcu_uart|rx_data_reg[7]                                                                                      ; clk          ; clk         ; 0.000        ; 0.081      ; 0.746      ;
; 0.453 ; MCU_uart:u_mcu_uart|rx_data_reg[5]     ; MCU_uart:u_mcu_uart|rx_data_reg[5]                                                                                      ; clk          ; clk         ; 0.000        ; 0.081      ; 0.746      ;
; 0.453 ; MCU_uart:u_mcu_uart|rx_data_reg[3]     ; MCU_uart:u_mcu_uart|rx_data_reg[3]                                                                                      ; clk          ; clk         ; 0.000        ; 0.081      ; 0.746      ;
; 0.453 ; MCU_uart:u_mcu_uart|rx_data_reg[1]     ; MCU_uart:u_mcu_uart|rx_data_reg[1]                                                                                      ; clk          ; clk         ; 0.000        ; 0.081      ; 0.746      ;
; 0.453 ; MCU_uart:u_mcu_uart|state.S_STOP       ; MCU_uart:u_mcu_uart|state.S_STOP                                                                                        ; clk          ; clk         ; 0.000        ; 0.081      ; 0.746      ;
; 0.453 ; MCU_uart:u_mcu_uart|bit_cnt[3]         ; MCU_uart:u_mcu_uart|bit_cnt[3]                                                                                          ; clk          ; clk         ; 0.000        ; 0.081      ; 0.746      ;
; 0.453 ; MCU_uart:u_mcu_uart|bit_cnt[2]         ; MCU_uart:u_mcu_uart|bit_cnt[2]                                                                                          ; clk          ; clk         ; 0.000        ; 0.081      ; 0.746      ;
; 0.453 ; MCU_uart:u_mcu_uart|bit_cnt[0]         ; MCU_uart:u_mcu_uart|bit_cnt[0]                                                                                          ; clk          ; clk         ; 0.000        ; 0.081      ; 0.746      ;
; 0.453 ; MCU_uart:u_mcu_uart|bit_cnt[1]         ; MCU_uart:u_mcu_uart|bit_cnt[1]                                                                                          ; clk          ; clk         ; 0.000        ; 0.081      ; 0.746      ;
; 0.453 ; seg_display:u_seg_display|y_cnt[3]     ; seg_display:u_seg_display|y_cnt[3]                                                                                      ; clk          ; clk         ; 0.000        ; 0.081      ; 0.746      ;
; 0.453 ; seg_display:u_seg_display|y_cnt[2]     ; seg_display:u_seg_display|y_cnt[2]                                                                                      ; clk          ; clk         ; 0.000        ; 0.081      ; 0.746      ;
; 0.453 ; seg_display:u_seg_display|y_cnt[1]     ; seg_display:u_seg_display|y_cnt[1]                                                                                      ; clk          ; clk         ; 0.000        ; 0.081      ; 0.746      ;
; 0.453 ; seg_display:u_seg_display|state.001    ; seg_display:u_seg_display|state.001                                                                                     ; clk          ; clk         ; 0.000        ; 0.081      ; 0.746      ;
; 0.453 ; seg_display:u_seg_display|state.010    ; seg_display:u_seg_display|state.010                                                                                     ; clk          ; clk         ; 0.000        ; 0.081      ; 0.746      ;
; 0.453 ; MCU_uart:u_mcu_uart|idx_cnt[1]         ; MCU_uart:u_mcu_uart|idx_cnt[1]                                                                                          ; clk          ; clk         ; 0.000        ; 0.081      ; 0.746      ;
; 0.453 ; MCU_uart:u_mcu_uart|rx_data_reg[2]     ; MCU_uart:u_mcu_uart|rx_data_reg[2]                                                                                      ; clk          ; clk         ; 0.000        ; 0.081      ; 0.746      ;
; 0.453 ; MCU_uart:u_mcu_uart|rx_data_reg[6]     ; MCU_uart:u_mcu_uart|rx_data_reg[6]                                                                                      ; clk          ; clk         ; 0.000        ; 0.081      ; 0.746      ;
; 0.453 ; MCU_uart:u_mcu_uart|rx_data_reg[4]     ; MCU_uart:u_mcu_uart|rx_data_reg[4]                                                                                      ; clk          ; clk         ; 0.000        ; 0.081      ; 0.746      ;
; 0.453 ; MCU_uart:u_mcu_uart|rx_data_reg[0]     ; MCU_uart:u_mcu_uart|rx_data_reg[0]                                                                                      ; clk          ; clk         ; 0.000        ; 0.081      ; 0.746      ;
; 0.454 ; seg_display:u_seg_display|x_cnt[3]     ; seg_display:u_seg_display|x_cnt[3]                                                                                      ; clk          ; clk         ; 0.000        ; 0.080      ; 0.746      ;
; 0.454 ; seg_display:u_seg_display|x_cnt[2]     ; seg_display:u_seg_display|x_cnt[2]                                                                                      ; clk          ; clk         ; 0.000        ; 0.080      ; 0.746      ;
; 0.454 ; seg_display:u_seg_display|x_cnt[1]     ; seg_display:u_seg_display|x_cnt[1]                                                                                      ; clk          ; clk         ; 0.000        ; 0.080      ; 0.746      ;
; 0.454 ; seg_display:u_seg_display|x_cnt[0]     ; seg_display:u_seg_display|x_cnt[0]                                                                                      ; clk          ; clk         ; 0.000        ; 0.080      ; 0.746      ;
; 0.454 ; seg_display:u_seg_display|y_cnt[0]     ; seg_display:u_seg_display|y_cnt[0]                                                                                      ; clk          ; clk         ; 0.000        ; 0.080      ; 0.746      ;
; 0.454 ; MCU_uart:u_mcu_uart|freq_temp[0]       ; MCU_uart:u_mcu_uart|freq_temp[0]                                                                                        ; clk          ; clk         ; 0.000        ; 0.080      ; 0.746      ;
; 0.457 ; digital_mod_phase[25]                  ; sine_14bit_256:u_rom_ask|altsyncram:altsyncram_component|altsyncram_rq91:auto_generated|ram_block1a0~porta_address_reg0 ; clk          ; clk         ; 0.000        ; 0.474      ; 1.185      ;
; 0.458 ; digital_mod_phase[24]                  ; sine_14bit_256:u_rom_psk|altsyncram:altsyncram_component|altsyncram_rq91:auto_generated|ram_block1a0~porta_address_reg0 ; clk          ; clk         ; 0.000        ; 0.473      ; 1.185      ;
; 0.460 ; digital_mod_phase[30]                  ; sine_14bit_256:u_rom_psk|altsyncram:altsyncram_component|altsyncram_rq91:auto_generated|ram_block1a0~porta_address_reg0 ; clk          ; clk         ; 0.000        ; 0.473      ; 1.187      ;
; 0.462 ; digital_mod_phase[30]                  ; sine_14bit_256:u_rom_ask|altsyncram:altsyncram_component|altsyncram_rq91:auto_generated|ram_block1a0~porta_address_reg0 ; clk          ; clk         ; 0.000        ; 0.474      ; 1.190      ;
; 0.465 ; seg_display:u_seg_display|scan_cnt[0]  ; seg_display:u_seg_display|scan_cnt[0]                                                                                   ; clk          ; clk         ; 0.000        ; 0.081      ; 0.758      ;
; 0.465 ; MCU_uart:u_mcu_uart|idx_cnt[0]         ; MCU_uart:u_mcu_uart|idx_cnt[0]                                                                                          ; clk          ; clk         ; 0.000        ; 0.081      ; 0.758      ;
; 0.466 ; digital_mod_phase[0]                   ; digital_mod_phase[0]                                                                                                    ; clk          ; clk         ; 0.000        ; 0.080      ; 0.758      ;
; 0.475 ; digital_mod_phase[27]                  ; sine_14bit_256:u_rom_ask|altsyncram:altsyncram_component|altsyncram_rq91:auto_generated|ram_block1a0~porta_address_reg0 ; clk          ; clk         ; 0.000        ; 0.474      ; 1.203      ;
; 0.480 ; digital_mod_phase[26]                  ; sine_14bit_256:u_rom_ask|altsyncram:altsyncram_component|altsyncram_rq91:auto_generated|ram_block1a0~porta_address_reg0 ; clk          ; clk         ; 0.000        ; 0.474      ; 1.208      ;
; 0.484 ; mod_phase[27]                          ; sine_14bit_256:u_rom_mod|altsyncram:altsyncram_component|altsyncram_rq91:auto_generated|ram_block1a0~porta_address_reg0 ; clk          ; clk         ; 0.000        ; 0.477      ; 1.215      ;
; 0.491 ; mod_phase[30]                          ; sine_14bit_256:u_rom_mod|altsyncram:altsyncram_component|altsyncram_rq91:auto_generated|ram_block1a0~porta_address_reg0 ; clk          ; clk         ; 0.000        ; 0.477      ; 1.222      ;
; 0.493 ; digital_mod_phase[29]                  ; sine_14bit_256:u_rom_psk|altsyncram:altsyncram_component|altsyncram_rq91:auto_generated|ram_block1a0~porta_address_reg0 ; clk          ; clk         ; 0.000        ; 0.473      ; 1.220      ;
; 0.501 ; digital_mod_phase[31]                  ; sine_14bit_256:u_rom_ask|altsyncram:altsyncram_component|altsyncram_rq91:auto_generated|ram_block1a0~porta_address_reg0 ; clk          ; clk         ; 0.000        ; 0.474      ; 1.229      ;
; 0.503 ; bb_shift_reg[4]                        ; bb_shift_reg[5]                                                                                                         ; clk          ; clk         ; 0.000        ; 0.080      ; 0.795      ;
; 0.503 ; bb_shift_reg[2]                        ; bb_shift_reg[3]                                                                                                         ; clk          ; clk         ; 0.000        ; 0.080      ; 0.795      ;
; 0.510 ; mod_phase[25]                          ; sine_14bit_256:u_rom_mod|altsyncram:altsyncram_component|altsyncram_rq91:auto_generated|ram_block1a0~porta_address_reg0 ; clk          ; clk         ; 0.000        ; 0.477      ; 1.241      ;
; 0.511 ; MCU_uart:u_mcu_uart|idx_cnt[0]         ; MCU_uart:u_mcu_uart|idx_cnt[1]                                                                                          ; clk          ; clk         ; 0.000        ; 0.081      ; 0.804      ;
; 0.513 ; digital_mod_phase[26]                  ; sine_14bit_256:u_rom_psk|altsyncram:altsyncram_component|altsyncram_rq91:auto_generated|ram_block1a0~porta_address_reg0 ; clk          ; clk         ; 0.000        ; 0.473      ; 1.240      ;
; 0.516 ; mod_phase[26]                          ; sine_14bit_256:u_rom_mod|altsyncram:altsyncram_component|altsyncram_rq91:auto_generated|ram_block1a0~porta_address_reg0 ; clk          ; clk         ; 0.000        ; 0.477      ; 1.247      ;
; 0.527 ; MCU_uart:u_mcu_uart|data_out[10]       ; fm_dev[10]                                                                                                              ; clk          ; clk         ; 0.000        ; 0.080      ; 0.819      ;
; 0.527 ; mod_phase[29]                          ; sine_14bit_256:u_rom_mod|altsyncram:altsyncram_component|altsyncram_rq91:auto_generated|ram_block1a0~porta_address_reg0 ; clk          ; clk         ; 0.000        ; 0.477      ; 1.258      ;
; 0.528 ; MCU_uart:u_mcu_uart|freq_temp[0]       ; MCU_uart:u_mcu_uart|data_out[0]                                                                                         ; clk          ; clk         ; 0.000        ; 0.080      ; 0.820      ;
; 0.542 ; digital_mod_phase[29]                  ; sine_14bit_256:u_rom_ask|altsyncram:altsyncram_component|altsyncram_rq91:auto_generated|ram_block1a0~porta_address_reg0 ; clk          ; clk         ; 0.000        ; 0.474      ; 1.270      ;
; 0.550 ; MCU_uart:u_mcu_uart|data_out[20]       ; fm_fc[20]                                                                                                               ; clk          ; clk         ; 0.000        ; 0.080      ; 0.842      ;
; 0.552 ; MCU_uart:u_mcu_uart|data_out[21]       ; fm_fc[21]                                                                                                               ; clk          ; clk         ; 0.000        ; 0.080      ; 0.844      ;
; 0.597 ; seg_display:u_seg_display|state.001    ; seg_display:u_seg_display|temp_f[3]                                                                                     ; clk          ; clk         ; 0.000        ; 0.081      ; 0.890      ;
; 0.599 ; seg_display:u_seg_display|state.001    ; seg_display:u_seg_display|temp_f[21]                                                                                    ; clk          ; clk         ; 0.000        ; 0.081      ; 0.892      ;
; 0.611 ; seg_display:u_seg_display|state.001    ; seg_display:u_seg_display|state.010                                                                                     ; clk          ; clk         ; 0.000        ; 0.081      ; 0.904      ;
; 0.625 ; bb_shift_reg[1]                        ; bb_shift_reg[2]                                                                                                         ; clk          ; clk         ; 0.000        ; 0.080      ; 0.917      ;
; 0.626 ; bb_shift_reg[7]                        ; bb_shift_reg[0]                                                                                                         ; clk          ; clk         ; 0.000        ; 0.080      ; 0.918      ;
; 0.627 ; bb_shift_reg[6]                        ; bb_shift_reg[7]                                                                                                         ; clk          ; clk         ; 0.000        ; 0.080      ; 0.919      ;
; 0.650 ; MCU_uart:u_mcu_uart|data_out[9]        ; fm_fc[9]                                                                                                                ; clk          ; clk         ; 0.000        ; 0.080      ; 0.942      ;
; 0.674 ; MCU_uart:u_mcu_uart|rx_data_reg[0]     ; MCU_uart:u_mcu_uart|mode_sel[2]                                                                                         ; clk          ; clk         ; 0.000        ; 0.081      ; 0.967      ;
; 0.684 ; bb_cnt[12]                             ; bb_cnt[12]                                                                                                              ; clk          ; clk         ; 0.000        ; 0.081      ; 0.977      ;
; 0.694 ; MCU_uart:u_mcu_uart|rx_data_reg[0]     ; MCU_uart:u_mcu_uart|mode_sel[0]                                                                                         ; clk          ; clk         ; 0.000        ; 0.081      ; 0.987      ;
; 0.696 ; mod_phase[28]                          ; sine_14bit_256:u_rom_mod|altsyncram:altsyncram_component|altsyncram_rq91:auto_generated|ram_block1a0~porta_address_reg0 ; clk          ; clk         ; 0.000        ; 0.477      ; 1.427      ;
; 0.700 ; MCU_uart:u_mcu_uart|idx_cnt[1]         ; MCU_uart:u_mcu_uart|data_idx[1]                                                                                         ; clk          ; clk         ; 0.000        ; 0.081      ; 0.993      ;
; 0.719 ; MCU_uart:u_mcu_uart|data_out[11]       ; fm_fc[11]                                                                                                               ; clk          ; clk         ; 0.000        ; 0.081      ; 1.012      ;
; 0.720 ; MCU_uart:u_mcu_uart|data_out[17]       ; fm_fc[17]                                                                                                               ; clk          ; clk         ; 0.000        ; 0.077      ; 1.009      ;
; 0.720 ; MCU_uart:u_mcu_uart|data_out[17]       ; fm_dev[17]                                                                                                              ; clk          ; clk         ; 0.000        ; 0.077      ; 1.009      ;
; 0.723 ; mod_phase[31]                          ; sine_14bit_256:u_rom_mod|altsyncram:altsyncram_component|altsyncram_rq91:auto_generated|ram_block1a0~porta_address_reg0 ; clk          ; clk         ; 0.000        ; 0.477      ; 1.454      ;
; 0.723 ; MCU_uart:u_mcu_uart|mode_sel[0]        ; work_mode[0]                                                                                                            ; clk          ; clk         ; 0.000        ; 0.081      ; 1.016      ;
; 0.724 ; MCU_uart:u_mcu_uart|data_out[19]       ; fm_fc[19]                                                                                                               ; clk          ; clk         ; 0.000        ; 0.080      ; 1.016      ;
; 0.725 ; MCU_uart:u_mcu_uart|data_out[27]       ; fm_fc[27]                                                                                                               ; clk          ; clk         ; 0.000        ; 0.080      ; 1.017      ;
; 0.725 ; MCU_uart:u_mcu_uart|data_out[30]       ; fm_fc[30]                                                                                                               ; clk          ; clk         ; 0.000        ; 0.080      ; 1.017      ;
; 0.725 ; MCU_uart:u_mcu_uart|data_out[11]       ; fm_dev[11]                                                                                                              ; clk          ; clk         ; 0.000        ; 0.080      ; 1.017      ;
; 0.735 ; digital_mod_phase[15]                  ; digital_mod_phase[15]                                                                                                   ; clk          ; clk         ; 0.000        ; 0.081      ; 1.028      ;
; 0.736 ; seg_display:u_seg_display|scan_cnt[4]  ; seg_display:u_seg_display|scan_cnt[4]                                                                                   ; clk          ; clk         ; 0.000        ; 0.081      ; 1.029      ;
; 0.736 ; phase[15]                              ; phase[15]                                                                                                               ; clk          ; clk         ; 0.000        ; 0.080      ; 1.028      ;
; 0.736 ; phase[3]                               ; phase[3]                                                                                                                ; clk          ; clk         ; 0.000        ; 0.080      ; 1.028      ;
; 0.736 ; mod_phase[17]                          ; mod_phase[17]                                                                                                           ; clk          ; clk         ; 0.000        ; 0.080      ; 1.028      ;
; 0.736 ; digital_mod_phase[19]                  ; digital_mod_phase[19]                                                                                                   ; clk          ; clk         ; 0.000        ; 0.081      ; 1.029      ;
; 0.736 ; digital_mod_phase[16]                  ; digital_mod_phase[16]                                                                                                   ; clk          ; clk         ; 0.000        ; 0.081      ; 1.029      ;
; 0.736 ; digital_mod_phase[13]                  ; digital_mod_phase[13]                                                                                                   ; clk          ; clk         ; 0.000        ; 0.081      ; 1.029      ;
; 0.736 ; digital_mod_phase[11]                  ; digital_mod_phase[11]                                                                                                   ; clk          ; clk         ; 0.000        ; 0.081      ; 1.029      ;
; 0.736 ; digital_mod_phase[6]                   ; digital_mod_phase[6]                                                                                                    ; clk          ; clk         ; 0.000        ; 0.081      ; 1.029      ;
; 0.737 ; seg_display:u_seg_display|scan_cnt[12] ; seg_display:u_seg_display|scan_cnt[12]                                                                                  ; clk          ; clk         ; 0.000        ; 0.081      ; 1.030      ;
; 0.737 ; seg_display:u_seg_display|scan_cnt[6]  ; seg_display:u_seg_display|scan_cnt[6]                                                                                   ; clk          ; clk         ; 0.000        ; 0.081      ; 1.030      ;
; 0.737 ; seg_display:u_seg_display|scan_cnt[2]  ; seg_display:u_seg_display|scan_cnt[2]                                                                                   ; clk          ; clk         ; 0.000        ; 0.081      ; 1.030      ;
; 0.737 ; phase[19]                              ; phase[19]                                                                                                               ; clk          ; clk         ; 0.000        ; 0.080      ; 1.029      ;
; 0.737 ; phase[13]                              ; phase[13]                                                                                                               ; clk          ; clk         ; 0.000        ; 0.080      ; 1.029      ;
; 0.737 ; phase[11]                              ; phase[11]                                                                                                               ; clk          ; clk         ; 0.000        ; 0.080      ; 1.029      ;
; 0.737 ; phase[5]                               ; phase[5]                                                                                                                ; clk          ; clk         ; 0.000        ; 0.080      ; 1.029      ;
; 0.737 ; mod_phase[21]                          ; mod_phase[21]                                                                                                           ; clk          ; clk         ; 0.000        ; 0.080      ; 1.029      ;
; 0.737 ; mod_phase[15]                          ; mod_phase[15]                                                                                                           ; clk          ; clk         ; 0.000        ; 0.080      ; 1.029      ;
; 0.737 ; mod_phase[13]                          ; mod_phase[13]                                                                                                           ; clk          ; clk         ; 0.000        ; 0.080      ; 1.029      ;
; 0.737 ; mod_phase[8]                           ; mod_phase[8]                                                                                                            ; clk          ; clk         ; 0.000        ; 0.080      ; 1.029      ;
; 0.737 ; digital_mod_phase[21]                  ; digital_mod_phase[21]                                                                                                   ; clk          ; clk         ; 0.000        ; 0.081      ; 1.030      ;
; 0.737 ; digital_mod_phase[12]                  ; digital_mod_phase[12]                                                                                                   ; clk          ; clk         ; 0.000        ; 0.081      ; 1.030      ;
; 0.738 ; phase[21]                              ; phase[21]                                                                                                               ; clk          ; clk         ; 0.000        ; 0.080      ; 1.030      ;
; 0.738 ; phase[17]                              ; phase[17]                                                                                                               ; clk          ; clk         ; 0.000        ; 0.080      ; 1.030      ;
; 0.738 ; phase[9]                               ; phase[9]                                                                                                                ; clk          ; clk         ; 0.000        ; 0.080      ; 1.030      ;
; 0.738 ; mod_phase[23]                          ; mod_phase[23]                                                                                                           ; clk          ; clk         ; 0.000        ; 0.080      ; 1.030      ;
; 0.738 ; mod_phase[19]                          ; mod_phase[19]                                                                                                           ; clk          ; clk         ; 0.000        ; 0.080      ; 1.030      ;
; 0.738 ; mod_phase[16]                          ; mod_phase[16]                                                                                                           ; clk          ; clk         ; 0.000        ; 0.080      ; 1.030      ;
+-------+----------------------------------------+-------------------------------------------------------------------------------------------------------------------------+--------------+-------------+--------------+------------+------------+


-----------------------------------------------
; Slow 1200mV 85C Model Metastability Summary ;
-----------------------------------------------
The design MTBF is not calculated because there are no specified synchronizers in the design.
Number of Synchronizer Chains Found: 2
Shortest Synchronizer Chain: 2 Registers
Fraction of Chains for which MTBFs Could Not be Calculated: 1.000
Worst Case Available Settling Time: 16.764 ns




+-------------------------------------------------+
; Slow 1200mV 0C Model Fmax Summary               ;
+-----------+-----------------+------------+------+
; Fmax      ; Restricted Fmax ; Clock Name ; Note ;
+-----------+-----------------+------------+------+
; 19.77 MHz ; 19.77 MHz       ; clk        ;      ;
+-----------+-----------------+------------+------+
This panel reports FMAX for every clock in the design, regardless of the user-specified clock periods.  FMAX is only computed for paths where the source and destination registers or ports are driven by the same clock.  Paths of different clocks, including generated clocks, are ignored.  For paths between a clock and its inversion, FMAX is computed as if the rising and falling edges are scaled along with FMAX, such that the duty cycle (in terms of a percentage) is maintained. Altera recommends that you always use clock constraints and other slack reports for sign-off analysis.


+------------------------------------+
; Slow 1200mV 0C Model Setup Summary ;
+-------+---------+------------------+
; Clock ; Slack   ; End Point TNS    ;
+-------+---------+------------------+
; clk   ; -30.585 ; -1514.613        ;
+-------+---------+------------------+


+-----------------------------------+
; Slow 1200mV 0C Model Hold Summary ;
+-------+-------+-------------------+
; Clock ; Slack ; End Point TNS     ;
+-------+-------+-------------------+
; clk   ; 0.401 ; 0.000             ;
+-------+-------+-------------------+


-----------------------------------------
; Slow 1200mV 0C Model Recovery Summary ;
-----------------------------------------
No paths to report.


----------------------------------------
; Slow 1200mV 0C Model Removal Summary ;
----------------------------------------
No paths to report.


+--------------------------------------------------+
; Slow 1200mV 0C Model Minimum Pulse Width Summary ;
+-------+-------+----------------------------------+
; Clock ; Slack ; End Point TNS                    ;
+-------+-------+----------------------------------+
; clk   ; 9.501 ; 0.000                            ;
+-------+-------+----------------------------------+


+-----------------------------------------------------------------------------------------------------------------------------------------------------------+
; Slow 1200mV 0C Model Setup: 'clk'                                                                                                                         ;
+---------+------------------------------------+--------------------------------------+--------------+-------------+--------------+------------+------------+
; Slack   ; From Node                          ; To Node                              ; Launch Clock ; Latch Clock ; Relationship ; Clock Skew ; Data Delay ;
+---------+------------------------------------+--------------------------------------+--------------+-------------+--------------+------------+------------+
; -30.585 ; seg_display:u_seg_display|base[12] ; seg_display:u_seg_display|temp_f[15] ; clk          ; clk         ; 20.000       ; 0.327      ; 50.914     ;
; -30.585 ; seg_display:u_seg_display|base[12] ; seg_display:u_seg_display|temp_f[14] ; clk          ; clk         ; 20.000       ; 0.327      ; 50.914     ;
; -30.585 ; seg_display:u_seg_display|base[12] ; seg_display:u_seg_display|temp_f[12] ; clk          ; clk         ; 20.000       ; 0.327      ; 50.914     ;
; -30.585 ; seg_display:u_seg_display|base[12] ; seg_display:u_seg_display|temp_f[11] ; clk          ; clk         ; 20.000       ; 0.327      ; 50.914     ;
; -30.585 ; seg_display:u_seg_display|base[12] ; seg_display:u_seg_display|temp_f[8]  ; clk          ; clk         ; 20.000       ; 0.327      ; 50.914     ;
; -30.585 ; seg_display:u_seg_display|base[12] ; seg_display:u_seg_display|temp_f[7]  ; clk          ; clk         ; 20.000       ; 0.327      ; 50.914     ;
; -30.579 ; seg_display:u_seg_display|base[12] ; seg_display:u_seg_display|temp_f[29] ; clk          ; clk         ; 20.000       ; 0.327      ; 50.908     ;
; -30.579 ; seg_display:u_seg_display|base[12] ; seg_display:u_seg_display|temp_f[30] ; clk          ; clk         ; 20.000       ; 0.327      ; 50.908     ;
; -30.579 ; seg_display:u_seg_display|base[12] ; seg_display:u_seg_display|temp_f[31] ; clk          ; clk         ; 20.000       ; 0.327      ; 50.908     ;
; -30.579 ; seg_display:u_seg_display|base[12] ; seg_display:u_seg_display|temp_f[28] ; clk          ; clk         ; 20.000       ; 0.327      ; 50.908     ;
; -30.579 ; seg_display:u_seg_display|base[12] ; seg_display:u_seg_display|temp_f[27] ; clk          ; clk         ; 20.000       ; 0.327      ; 50.908     ;
; -30.579 ; seg_display:u_seg_display|base[12] ; seg_display:u_seg_display|temp_f[24] ; clk          ; clk         ; 20.000       ; 0.327      ; 50.908     ;
; -30.579 ; seg_display:u_seg_display|base[12] ; seg_display:u_seg_display|temp_f[23] ; clk          ; clk         ; 20.000       ; 0.327      ; 50.908     ;
; -30.579 ; seg_display:u_seg_display|base[12] ; seg_display:u_seg_display|temp_f[20] ; clk          ; clk         ; 20.000       ; 0.327      ; 50.908     ;
; -30.279 ; seg_display:u_seg_display|base[12] ; seg_display:u_seg_display|temp_f[1]  ; clk          ; clk         ; 20.000       ; -0.104     ; 50.177     ;
; -30.279 ; seg_display:u_seg_display|base[12] ; seg_display:u_seg_display|temp_f[0]  ; clk          ; clk         ; 20.000       ; -0.104     ; 50.177     ;
; -30.171 ; seg_display:u_seg_display|base[12] ; seg_display:u_seg_display|y_cnt[2]   ; clk          ; clk         ; 20.000       ; -0.104     ; 50.069     ;
; -30.170 ; seg_display:u_seg_display|base[12] ; seg_display:u_seg_display|y_cnt[3]   ; clk          ; clk         ; 20.000       ; -0.104     ; 50.068     ;
; -30.159 ; seg_display:u_seg_display|base[12] ; seg_display:u_seg_display|y_cnt[1]   ; clk          ; clk         ; 20.000       ; -0.104     ; 50.057     ;
; -30.145 ; seg_display:u_seg_display|base[12] ; seg_display:u_seg_display|x_show[3]  ; clk          ; clk         ; 20.000       ; -0.102     ; 50.045     ;
; -30.145 ; seg_display:u_seg_display|base[12] ; seg_display:u_seg_display|x_show[2]  ; clk          ; clk         ; 20.000       ; -0.102     ; 50.045     ;
; -30.145 ; seg_display:u_seg_display|base[12] ; seg_display:u_seg_display|x_show[1]  ; clk          ; clk         ; 20.000       ; -0.102     ; 50.045     ;
; -30.145 ; seg_display:u_seg_display|base[12] ; seg_display:u_seg_display|x_show[0]  ; clk          ; clk         ; 20.000       ; -0.102     ; 50.045     ;
; -30.145 ; seg_display:u_seg_display|base[12] ; seg_display:u_seg_display|y_show[3]  ; clk          ; clk         ; 20.000       ; -0.102     ; 50.045     ;
; -30.145 ; seg_display:u_seg_display|base[12] ; seg_display:u_seg_display|y_show[2]  ; clk          ; clk         ; 20.000       ; -0.102     ; 50.045     ;
; -30.145 ; seg_display:u_seg_display|base[12] ; seg_display:u_seg_display|y_show[1]  ; clk          ; clk         ; 20.000       ; -0.102     ; 50.045     ;
; -30.145 ; seg_display:u_seg_display|base[12] ; seg_display:u_seg_display|y_show[0]  ; clk          ; clk         ; 20.000       ; -0.102     ; 50.045     ;
; -30.145 ; seg_display:u_seg_display|base[12] ; seg_display:u_seg_display|z_show[2]  ; clk          ; clk         ; 20.000       ; -0.102     ; 50.045     ;
; -30.145 ; seg_display:u_seg_display|base[12] ; seg_display:u_seg_display|z_show[1]  ; clk          ; clk         ; 20.000       ; -0.102     ; 50.045     ;
; -30.145 ; seg_display:u_seg_display|base[12] ; seg_display:u_seg_display|z_show[0]  ; clk          ; clk         ; 20.000       ; -0.102     ; 50.045     ;
; -30.143 ; seg_display:u_seg_display|base[12] ; seg_display:u_seg_display|temp_f[26] ; clk          ; clk         ; 20.000       ; 0.341      ; 50.486     ;
; -30.143 ; seg_display:u_seg_display|base[12] ; seg_display:u_seg_display|temp_f[25] ; clk          ; clk         ; 20.000       ; 0.341      ; 50.486     ;
; -30.143 ; seg_display:u_seg_display|base[12] ; seg_display:u_seg_display|temp_f[22] ; clk          ; clk         ; 20.000       ; 0.341      ; 50.486     ;
; -30.143 ; seg_display:u_seg_display|base[12] ; seg_display:u_seg_display|temp_f[17] ; clk          ; clk         ; 20.000       ; 0.341      ; 50.486     ;
; -30.143 ; seg_display:u_seg_display|base[12] ; seg_display:u_seg_display|temp_f[16] ; clk          ; clk         ; 20.000       ; 0.341      ; 50.486     ;
; -30.082 ; seg_display:u_seg_display|base[12] ; seg_display:u_seg_display|temp_f[21] ; clk          ; clk         ; 20.000       ; -0.109     ; 49.975     ;
; -30.082 ; seg_display:u_seg_display|base[12] ; seg_display:u_seg_display|temp_f[19] ; clk          ; clk         ; 20.000       ; -0.109     ; 49.975     ;
; -30.082 ; seg_display:u_seg_display|base[12] ; seg_display:u_seg_display|temp_f[18] ; clk          ; clk         ; 20.000       ; -0.109     ; 49.975     ;
; -30.082 ; seg_display:u_seg_display|base[12] ; seg_display:u_seg_display|temp_f[13] ; clk          ; clk         ; 20.000       ; -0.109     ; 49.975     ;
; -30.082 ; seg_display:u_seg_display|base[12] ; seg_display:u_seg_display|temp_f[10] ; clk          ; clk         ; 20.000       ; -0.109     ; 49.975     ;
; -30.082 ; seg_display:u_seg_display|base[12] ; seg_display:u_seg_display|temp_f[6]  ; clk          ; clk         ; 20.000       ; -0.109     ; 49.975     ;
; -30.082 ; seg_display:u_seg_display|base[12] ; seg_display:u_seg_display|temp_f[5]  ; clk          ; clk         ; 20.000       ; -0.109     ; 49.975     ;
; -30.082 ; seg_display:u_seg_display|base[12] ; seg_display:u_seg_display|temp_f[4]  ; clk          ; clk         ; 20.000       ; -0.109     ; 49.975     ;
; -30.082 ; seg_display:u_seg_display|base[12] ; seg_display:u_seg_display|temp_f[3]  ; clk          ; clk         ; 20.000       ; -0.109     ; 49.975     ;
; -30.082 ; seg_display:u_seg_display|base[12] ; seg_display:u_seg_display|temp_f[2]  ; clk          ; clk         ; 20.000       ; -0.109     ; 49.975     ;
; -29.953 ; seg_display:u_seg_display|base[12] ; seg_display:u_seg_display|temp_f[9]  ; clk          ; clk         ; 20.000       ; 0.324      ; 50.279     ;
; -29.647 ; seg_display:u_seg_display|base[12] ; seg_display:u_seg_display|state.000  ; clk          ; clk         ; 20.000       ; -0.102     ; 49.547     ;
; -29.605 ; seg_display:u_seg_display|base[12] ; seg_display:u_seg_display|y_cnt[0]   ; clk          ; clk         ; 20.000       ; -0.104     ; 49.503     ;
; -29.419 ; seg_display:u_seg_display|base[12] ; seg_display:u_seg_display|state.010  ; clk          ; clk         ; 20.000       ; -0.109     ; 49.312     ;
; -29.100 ; seg_display:u_seg_display|base[19] ; seg_display:u_seg_display|temp_f[15] ; clk          ; clk         ; 20.000       ; 0.331      ; 49.433     ;
; -29.100 ; seg_display:u_seg_display|base[19] ; seg_display:u_seg_display|temp_f[14] ; clk          ; clk         ; 20.000       ; 0.331      ; 49.433     ;
; -29.100 ; seg_display:u_seg_display|base[19] ; seg_display:u_seg_display|temp_f[12] ; clk          ; clk         ; 20.000       ; 0.331      ; 49.433     ;
; -29.100 ; seg_display:u_seg_display|base[19] ; seg_display:u_seg_display|temp_f[11] ; clk          ; clk         ; 20.000       ; 0.331      ; 49.433     ;
; -29.100 ; seg_display:u_seg_display|base[19] ; seg_display:u_seg_display|temp_f[8]  ; clk          ; clk         ; 20.000       ; 0.331      ; 49.433     ;
; -29.100 ; seg_display:u_seg_display|base[19] ; seg_display:u_seg_display|temp_f[7]  ; clk          ; clk         ; 20.000       ; 0.331      ; 49.433     ;
; -29.094 ; seg_display:u_seg_display|base[19] ; seg_display:u_seg_display|temp_f[29] ; clk          ; clk         ; 20.000       ; 0.331      ; 49.427     ;
; -29.094 ; seg_display:u_seg_display|base[19] ; seg_display:u_seg_display|temp_f[30] ; clk          ; clk         ; 20.000       ; 0.331      ; 49.427     ;
; -29.094 ; seg_display:u_seg_display|base[19] ; seg_display:u_seg_display|temp_f[31] ; clk          ; clk         ; 20.000       ; 0.331      ; 49.427     ;
; -29.094 ; seg_display:u_seg_display|base[19] ; seg_display:u_seg_display|temp_f[28] ; clk          ; clk         ; 20.000       ; 0.331      ; 49.427     ;
; -29.094 ; seg_display:u_seg_display|base[19] ; seg_display:u_seg_display|temp_f[27] ; clk          ; clk         ; 20.000       ; 0.331      ; 49.427     ;
; -29.094 ; seg_display:u_seg_display|base[19] ; seg_display:u_seg_display|temp_f[24] ; clk          ; clk         ; 20.000       ; 0.331      ; 49.427     ;
; -29.094 ; seg_display:u_seg_display|base[19] ; seg_display:u_seg_display|temp_f[23] ; clk          ; clk         ; 20.000       ; 0.331      ; 49.427     ;
; -29.094 ; seg_display:u_seg_display|base[19] ; seg_display:u_seg_display|temp_f[20] ; clk          ; clk         ; 20.000       ; 0.331      ; 49.427     ;
; -28.794 ; seg_display:u_seg_display|base[19] ; seg_display:u_seg_display|temp_f[1]  ; clk          ; clk         ; 20.000       ; -0.100     ; 48.696     ;
; -28.794 ; seg_display:u_seg_display|base[19] ; seg_display:u_seg_display|temp_f[0]  ; clk          ; clk         ; 20.000       ; -0.100     ; 48.696     ;
; -28.686 ; seg_display:u_seg_display|base[19] ; seg_display:u_seg_display|y_cnt[2]   ; clk          ; clk         ; 20.000       ; -0.100     ; 48.588     ;
; -28.685 ; seg_display:u_seg_display|base[19] ; seg_display:u_seg_display|y_cnt[3]   ; clk          ; clk         ; 20.000       ; -0.100     ; 48.587     ;
; -28.674 ; seg_display:u_seg_display|base[19] ; seg_display:u_seg_display|y_cnt[1]   ; clk          ; clk         ; 20.000       ; -0.100     ; 48.576     ;
; -28.660 ; seg_display:u_seg_display|base[19] ; seg_display:u_seg_display|x_show[3]  ; clk          ; clk         ; 20.000       ; -0.098     ; 48.564     ;
; -28.660 ; seg_display:u_seg_display|base[19] ; seg_display:u_seg_display|x_show[2]  ; clk          ; clk         ; 20.000       ; -0.098     ; 48.564     ;
; -28.660 ; seg_display:u_seg_display|base[19] ; seg_display:u_seg_display|x_show[1]  ; clk          ; clk         ; 20.000       ; -0.098     ; 48.564     ;
; -28.660 ; seg_display:u_seg_display|base[19] ; seg_display:u_seg_display|x_show[0]  ; clk          ; clk         ; 20.000       ; -0.098     ; 48.564     ;
; -28.660 ; seg_display:u_seg_display|base[19] ; seg_display:u_seg_display|y_show[3]  ; clk          ; clk         ; 20.000       ; -0.098     ; 48.564     ;
; -28.660 ; seg_display:u_seg_display|base[19] ; seg_display:u_seg_display|y_show[2]  ; clk          ; clk         ; 20.000       ; -0.098     ; 48.564     ;
; -28.660 ; seg_display:u_seg_display|base[19] ; seg_display:u_seg_display|y_show[1]  ; clk          ; clk         ; 20.000       ; -0.098     ; 48.564     ;
; -28.660 ; seg_display:u_seg_display|base[19] ; seg_display:u_seg_display|y_show[0]  ; clk          ; clk         ; 20.000       ; -0.098     ; 48.564     ;
; -28.660 ; seg_display:u_seg_display|base[19] ; seg_display:u_seg_display|z_show[2]  ; clk          ; clk         ; 20.000       ; -0.098     ; 48.564     ;
; -28.660 ; seg_display:u_seg_display|base[19] ; seg_display:u_seg_display|z_show[1]  ; clk          ; clk         ; 20.000       ; -0.098     ; 48.564     ;
; -28.660 ; seg_display:u_seg_display|base[19] ; seg_display:u_seg_display|z_show[0]  ; clk          ; clk         ; 20.000       ; -0.098     ; 48.564     ;
; -28.658 ; seg_display:u_seg_display|base[19] ; seg_display:u_seg_display|temp_f[26] ; clk          ; clk         ; 20.000       ; 0.345      ; 49.005     ;
; -28.658 ; seg_display:u_seg_display|base[19] ; seg_display:u_seg_display|temp_f[25] ; clk          ; clk         ; 20.000       ; 0.345      ; 49.005     ;
; -28.658 ; seg_display:u_seg_display|base[19] ; seg_display:u_seg_display|temp_f[22] ; clk          ; clk         ; 20.000       ; 0.345      ; 49.005     ;
; -28.658 ; seg_display:u_seg_display|base[19] ; seg_display:u_seg_display|temp_f[17] ; clk          ; clk         ; 20.000       ; 0.345      ; 49.005     ;
; -28.658 ; seg_display:u_seg_display|base[19] ; seg_display:u_seg_display|temp_f[16] ; clk          ; clk         ; 20.000       ; 0.345      ; 49.005     ;
; -28.597 ; seg_display:u_seg_display|base[19] ; seg_display:u_seg_display|temp_f[21] ; clk          ; clk         ; 20.000       ; -0.105     ; 48.494     ;
; -28.597 ; seg_display:u_seg_display|base[19] ; seg_display:u_seg_display|temp_f[19] ; clk          ; clk         ; 20.000       ; -0.105     ; 48.494     ;
; -28.597 ; seg_display:u_seg_display|base[19] ; seg_display:u_seg_display|temp_f[18] ; clk          ; clk         ; 20.000       ; -0.105     ; 48.494     ;
; -28.597 ; seg_display:u_seg_display|base[19] ; seg_display:u_seg_display|temp_f[13] ; clk          ; clk         ; 20.000       ; -0.105     ; 48.494     ;
; -28.597 ; seg_display:u_seg_display|base[19] ; seg_display:u_seg_display|temp_f[10] ; clk          ; clk         ; 20.000       ; -0.105     ; 48.494     ;
; -28.597 ; seg_display:u_seg_display|base[19] ; seg_display:u_seg_display|temp_f[6]  ; clk          ; clk         ; 20.000       ; -0.105     ; 48.494     ;
; -28.597 ; seg_display:u_seg_display|base[19] ; seg_display:u_seg_display|temp_f[5]  ; clk          ; clk         ; 20.000       ; -0.105     ; 48.494     ;
; -28.597 ; seg_display:u_seg_display|base[19] ; seg_display:u_seg_display|temp_f[4]  ; clk          ; clk         ; 20.000       ; -0.105     ; 48.494     ;
; -28.597 ; seg_display:u_seg_display|base[19] ; seg_display:u_seg_display|temp_f[3]  ; clk          ; clk         ; 20.000       ; -0.105     ; 48.494     ;
; -28.597 ; seg_display:u_seg_display|base[19] ; seg_display:u_seg_display|temp_f[2]  ; clk          ; clk         ; 20.000       ; -0.105     ; 48.494     ;
; -28.468 ; seg_display:u_seg_display|base[19] ; seg_display:u_seg_display|temp_f[9]  ; clk          ; clk         ; 20.000       ; 0.328      ; 48.798     ;
; -28.162 ; seg_display:u_seg_display|base[19] ; seg_display:u_seg_display|state.000  ; clk          ; clk         ; 20.000       ; -0.098     ; 48.066     ;
; -28.120 ; seg_display:u_seg_display|base[19] ; seg_display:u_seg_display|y_cnt[0]   ; clk          ; clk         ; 20.000       ; -0.100     ; 48.022     ;
; -27.934 ; seg_display:u_seg_display|base[19] ; seg_display:u_seg_display|state.010  ; clk          ; clk         ; 20.000       ; -0.105     ; 47.831     ;
; -26.765 ; seg_display:u_seg_display|base[14] ; seg_display:u_seg_display|temp_f[15] ; clk          ; clk         ; 20.000       ; -0.135     ; 46.632     ;
; -26.765 ; seg_display:u_seg_display|base[14] ; seg_display:u_seg_display|temp_f[14] ; clk          ; clk         ; 20.000       ; -0.135     ; 46.632     ;
+---------+------------------------------------+--------------------------------------+--------------+-------------+--------------+------------+------------+


+------------------------------------------------------------------------------------------------------------------------------------------------------------------------------------------------------------------------------------------------+
; Slow 1200mV 0C Model Hold: 'clk'                                                                                                                                                                                                               ;
+-------+----------------------------------------+-------------------------------------------------------------------------------------------------------------------------+--------------+-------------+--------------+------------+------------+
; Slack ; From Node                              ; To Node                                                                                                                 ; Launch Clock ; Latch Clock ; Relationship ; Clock Skew ; Data Delay ;
+-------+----------------------------------------+-------------------------------------------------------------------------------------------------------------------------+--------------+-------------+--------------+------------+------------+
; 0.401 ; MCU_uart:u_mcu_uart|rx_data_reg[7]     ; MCU_uart:u_mcu_uart|rx_data_reg[7]                                                                                      ; clk          ; clk         ; 0.000        ; 0.073      ; 0.669      ;
; 0.401 ; MCU_uart:u_mcu_uart|rx_data_reg[5]     ; MCU_uart:u_mcu_uart|rx_data_reg[5]                                                                                      ; clk          ; clk         ; 0.000        ; 0.073      ; 0.669      ;
; 0.401 ; MCU_uart:u_mcu_uart|rx_data_reg[3]     ; MCU_uart:u_mcu_uart|rx_data_reg[3]                                                                                      ; clk          ; clk         ; 0.000        ; 0.073      ; 0.669      ;
; 0.401 ; MCU_uart:u_mcu_uart|rx_data_reg[1]     ; MCU_uart:u_mcu_uart|rx_data_reg[1]                                                                                      ; clk          ; clk         ; 0.000        ; 0.073      ; 0.669      ;
; 0.401 ; MCU_uart:u_mcu_uart|bit_cnt[3]         ; MCU_uart:u_mcu_uart|bit_cnt[3]                                                                                          ; clk          ; clk         ; 0.000        ; 0.073      ; 0.669      ;
; 0.401 ; MCU_uart:u_mcu_uart|bit_cnt[2]         ; MCU_uart:u_mcu_uart|bit_cnt[2]                                                                                          ; clk          ; clk         ; 0.000        ; 0.073      ; 0.669      ;
; 0.401 ; MCU_uart:u_mcu_uart|bit_cnt[0]         ; MCU_uart:u_mcu_uart|bit_cnt[0]                                                                                          ; clk          ; clk         ; 0.000        ; 0.073      ; 0.669      ;
; 0.401 ; MCU_uart:u_mcu_uart|bit_cnt[1]         ; MCU_uart:u_mcu_uart|bit_cnt[1]                                                                                          ; clk          ; clk         ; 0.000        ; 0.073      ; 0.669      ;
; 0.401 ; seg_display:u_seg_display|x_cnt[3]     ; seg_display:u_seg_display|x_cnt[3]                                                                                      ; clk          ; clk         ; 0.000        ; 0.073      ; 0.669      ;
; 0.401 ; seg_display:u_seg_display|x_cnt[2]     ; seg_display:u_seg_display|x_cnt[2]                                                                                      ; clk          ; clk         ; 0.000        ; 0.073      ; 0.669      ;
; 0.401 ; seg_display:u_seg_display|x_cnt[1]     ; seg_display:u_seg_display|x_cnt[1]                                                                                      ; clk          ; clk         ; 0.000        ; 0.073      ; 0.669      ;
; 0.401 ; seg_display:u_seg_display|x_cnt[0]     ; seg_display:u_seg_display|x_cnt[0]                                                                                      ; clk          ; clk         ; 0.000        ; 0.073      ; 0.669      ;
; 0.401 ; seg_display:u_seg_display|y_cnt[3]     ; seg_display:u_seg_display|y_cnt[3]                                                                                      ; clk          ; clk         ; 0.000        ; 0.073      ; 0.669      ;
; 0.401 ; seg_display:u_seg_display|y_cnt[2]     ; seg_display:u_seg_display|y_cnt[2]                                                                                      ; clk          ; clk         ; 0.000        ; 0.073      ; 0.669      ;
; 0.401 ; seg_display:u_seg_display|y_cnt[1]     ; seg_display:u_seg_display|y_cnt[1]                                                                                      ; clk          ; clk         ; 0.000        ; 0.073      ; 0.669      ;
; 0.401 ; MCU_uart:u_mcu_uart|idx_cnt[1]         ; MCU_uart:u_mcu_uart|idx_cnt[1]                                                                                          ; clk          ; clk         ; 0.000        ; 0.073      ; 0.669      ;
; 0.402 ; MCU_uart:u_mcu_uart|state.S_STOP       ; MCU_uart:u_mcu_uart|state.S_STOP                                                                                        ; clk          ; clk         ; 0.000        ; 0.072      ; 0.669      ;
; 0.402 ; seg_display:u_seg_display|y_cnt[0]     ; seg_display:u_seg_display|y_cnt[0]                                                                                      ; clk          ; clk         ; 0.000        ; 0.072      ; 0.669      ;
; 0.402 ; seg_display:u_seg_display|state.001    ; seg_display:u_seg_display|state.001                                                                                     ; clk          ; clk         ; 0.000        ; 0.072      ; 0.669      ;
; 0.402 ; seg_display:u_seg_display|state.010    ; seg_display:u_seg_display|state.010                                                                                     ; clk          ; clk         ; 0.000        ; 0.072      ; 0.669      ;
; 0.402 ; MCU_uart:u_mcu_uart|freq_temp[0]       ; MCU_uart:u_mcu_uart|freq_temp[0]                                                                                        ; clk          ; clk         ; 0.000        ; 0.072      ; 0.669      ;
; 0.402 ; MCU_uart:u_mcu_uart|rx_data_reg[2]     ; MCU_uart:u_mcu_uart|rx_data_reg[2]                                                                                      ; clk          ; clk         ; 0.000        ; 0.072      ; 0.669      ;
; 0.402 ; MCU_uart:u_mcu_uart|rx_data_reg[6]     ; MCU_uart:u_mcu_uart|rx_data_reg[6]                                                                                      ; clk          ; clk         ; 0.000        ; 0.072      ; 0.669      ;
; 0.402 ; MCU_uart:u_mcu_uart|rx_data_reg[4]     ; MCU_uart:u_mcu_uart|rx_data_reg[4]                                                                                      ; clk          ; clk         ; 0.000        ; 0.072      ; 0.669      ;
; 0.402 ; MCU_uart:u_mcu_uart|rx_data_reg[0]     ; MCU_uart:u_mcu_uart|rx_data_reg[0]                                                                                      ; clk          ; clk         ; 0.000        ; 0.072      ; 0.669      ;
; 0.416 ; seg_display:u_seg_display|scan_cnt[0]  ; seg_display:u_seg_display|scan_cnt[0]                                                                                   ; clk          ; clk         ; 0.000        ; 0.073      ; 0.684      ;
; 0.416 ; MCU_uart:u_mcu_uart|idx_cnt[0]         ; MCU_uart:u_mcu_uart|idx_cnt[0]                                                                                          ; clk          ; clk         ; 0.000        ; 0.073      ; 0.684      ;
; 0.417 ; digital_mod_phase[0]                   ; digital_mod_phase[0]                                                                                                    ; clk          ; clk         ; 0.000        ; 0.072      ; 0.684      ;
; 0.431 ; digital_mod_phase[25]                  ; sine_14bit_256:u_rom_ask|altsyncram:altsyncram_component|altsyncram_rq91:auto_generated|ram_block1a0~porta_address_reg0 ; clk          ; clk         ; 0.000        ; 0.419      ; 1.080      ;
; 0.434 ; digital_mod_phase[30]                  ; sine_14bit_256:u_rom_ask|altsyncram:altsyncram_component|altsyncram_rq91:auto_generated|ram_block1a0~porta_address_reg0 ; clk          ; clk         ; 0.000        ; 0.419      ; 1.083      ;
; 0.435 ; digital_mod_phase[24]                  ; sine_14bit_256:u_rom_psk|altsyncram:altsyncram_component|altsyncram_rq91:auto_generated|ram_block1a0~porta_address_reg0 ; clk          ; clk         ; 0.000        ; 0.418      ; 1.083      ;
; 0.440 ; digital_mod_phase[30]                  ; sine_14bit_256:u_rom_psk|altsyncram:altsyncram_component|altsyncram_rq91:auto_generated|ram_block1a0~porta_address_reg0 ; clk          ; clk         ; 0.000        ; 0.418      ; 1.088      ;
; 0.446 ; digital_mod_phase[27]                  ; sine_14bit_256:u_rom_ask|altsyncram:altsyncram_component|altsyncram_rq91:auto_generated|ram_block1a0~porta_address_reg0 ; clk          ; clk         ; 0.000        ; 0.419      ; 1.095      ;
; 0.453 ; digital_mod_phase[26]                  ; sine_14bit_256:u_rom_ask|altsyncram:altsyncram_component|altsyncram_rq91:auto_generated|ram_block1a0~porta_address_reg0 ; clk          ; clk         ; 0.000        ; 0.419      ; 1.102      ;
; 0.461 ; mod_phase[27]                          ; sine_14bit_256:u_rom_mod|altsyncram:altsyncram_component|altsyncram_rq91:auto_generated|ram_block1a0~porta_address_reg0 ; clk          ; clk         ; 0.000        ; 0.420      ; 1.111      ;
; 0.467 ; digital_mod_phase[29]                  ; sine_14bit_256:u_rom_psk|altsyncram:altsyncram_component|altsyncram_rq91:auto_generated|ram_block1a0~porta_address_reg0 ; clk          ; clk         ; 0.000        ; 0.418      ; 1.115      ;
; 0.467 ; mod_phase[30]                          ; sine_14bit_256:u_rom_mod|altsyncram:altsyncram_component|altsyncram_rq91:auto_generated|ram_block1a0~porta_address_reg0 ; clk          ; clk         ; 0.000        ; 0.420      ; 1.117      ;
; 0.470 ; digital_mod_phase[31]                  ; sine_14bit_256:u_rom_ask|altsyncram:altsyncram_component|altsyncram_rq91:auto_generated|ram_block1a0~porta_address_reg0 ; clk          ; clk         ; 0.000        ; 0.419      ; 1.119      ;
; 0.471 ; MCU_uart:u_mcu_uart|idx_cnt[0]         ; MCU_uart:u_mcu_uart|idx_cnt[1]                                                                                          ; clk          ; clk         ; 0.000        ; 0.073      ; 0.739      ;
; 0.472 ; bb_shift_reg[4]                        ; bb_shift_reg[5]                                                                                                         ; clk          ; clk         ; 0.000        ; 0.072      ; 0.739      ;
; 0.472 ; bb_shift_reg[2]                        ; bb_shift_reg[3]                                                                                                         ; clk          ; clk         ; 0.000        ; 0.072      ; 0.739      ;
; 0.482 ; mod_phase[25]                          ; sine_14bit_256:u_rom_mod|altsyncram:altsyncram_component|altsyncram_rq91:auto_generated|ram_block1a0~porta_address_reg0 ; clk          ; clk         ; 0.000        ; 0.420      ; 1.132      ;
; 0.487 ; digital_mod_phase[26]                  ; sine_14bit_256:u_rom_psk|altsyncram:altsyncram_component|altsyncram_rq91:auto_generated|ram_block1a0~porta_address_reg0 ; clk          ; clk         ; 0.000        ; 0.418      ; 1.135      ;
; 0.487 ; mod_phase[26]                          ; sine_14bit_256:u_rom_mod|altsyncram:altsyncram_component|altsyncram_rq91:auto_generated|ram_block1a0~porta_address_reg0 ; clk          ; clk         ; 0.000        ; 0.420      ; 1.137      ;
; 0.492 ; MCU_uart:u_mcu_uart|data_out[10]       ; fm_dev[10]                                                                                                              ; clk          ; clk         ; 0.000        ; 0.072      ; 0.759      ;
; 0.493 ; MCU_uart:u_mcu_uart|freq_temp[0]       ; MCU_uart:u_mcu_uart|data_out[0]                                                                                         ; clk          ; clk         ; 0.000        ; 0.072      ; 0.760      ;
; 0.496 ; mod_phase[29]                          ; sine_14bit_256:u_rom_mod|altsyncram:altsyncram_component|altsyncram_rq91:auto_generated|ram_block1a0~porta_address_reg0 ; clk          ; clk         ; 0.000        ; 0.420      ; 1.146      ;
; 0.508 ; digital_mod_phase[29]                  ; sine_14bit_256:u_rom_ask|altsyncram:altsyncram_component|altsyncram_rq91:auto_generated|ram_block1a0~porta_address_reg0 ; clk          ; clk         ; 0.000        ; 0.419      ; 1.157      ;
; 0.515 ; MCU_uart:u_mcu_uart|data_out[20]       ; fm_fc[20]                                                                                                               ; clk          ; clk         ; 0.000        ; 0.071      ; 0.781      ;
; 0.516 ; MCU_uart:u_mcu_uart|data_out[21]       ; fm_fc[21]                                                                                                               ; clk          ; clk         ; 0.000        ; 0.071      ; 0.782      ;
; 0.560 ; seg_display:u_seg_display|state.001    ; seg_display:u_seg_display|temp_f[3]                                                                                     ; clk          ; clk         ; 0.000        ; 0.072      ; 0.827      ;
; 0.563 ; seg_display:u_seg_display|state.001    ; seg_display:u_seg_display|temp_f[21]                                                                                    ; clk          ; clk         ; 0.000        ; 0.072      ; 0.830      ;
; 0.579 ; bb_shift_reg[1]                        ; bb_shift_reg[2]                                                                                                         ; clk          ; clk         ; 0.000        ; 0.072      ; 0.846      ;
; 0.579 ; seg_display:u_seg_display|state.001    ; seg_display:u_seg_display|state.010                                                                                     ; clk          ; clk         ; 0.000        ; 0.072      ; 0.846      ;
; 0.580 ; bb_shift_reg[7]                        ; bb_shift_reg[0]                                                                                                         ; clk          ; clk         ; 0.000        ; 0.072      ; 0.847      ;
; 0.581 ; bb_shift_reg[6]                        ; bb_shift_reg[7]                                                                                                         ; clk          ; clk         ; 0.000        ; 0.072      ; 0.848      ;
; 0.601 ; MCU_uart:u_mcu_uart|data_out[9]        ; fm_fc[9]                                                                                                                ; clk          ; clk         ; 0.000        ; 0.071      ; 0.867      ;
; 0.620 ; bb_cnt[12]                             ; bb_cnt[12]                                                                                                              ; clk          ; clk         ; 0.000        ; 0.072      ; 0.887      ;
; 0.625 ; MCU_uart:u_mcu_uart|rx_data_reg[0]     ; MCU_uart:u_mcu_uart|mode_sel[2]                                                                                         ; clk          ; clk         ; 0.000        ; 0.072      ; 0.892      ;
; 0.637 ; MCU_uart:u_mcu_uart|data_out[11]       ; fm_fc[11]                                                                                                               ; clk          ; clk         ; 0.000        ; 0.073      ; 0.905      ;
; 0.639 ; MCU_uart:u_mcu_uart|data_out[17]       ; fm_fc[17]                                                                                                               ; clk          ; clk         ; 0.000        ; 0.071      ; 0.905      ;
; 0.640 ; MCU_uart:u_mcu_uart|data_out[17]       ; fm_dev[17]                                                                                                              ; clk          ; clk         ; 0.000        ; 0.071      ; 0.906      ;
; 0.647 ; mod_phase[28]                          ; sine_14bit_256:u_rom_mod|altsyncram:altsyncram_component|altsyncram_rq91:auto_generated|ram_block1a0~porta_address_reg0 ; clk          ; clk         ; 0.000        ; 0.420      ; 1.297      ;
; 0.647 ; MCU_uart:u_mcu_uart|idx_cnt[1]         ; MCU_uart:u_mcu_uart|data_idx[1]                                                                                         ; clk          ; clk         ; 0.000        ; 0.073      ; 0.915      ;
; 0.647 ; MCU_uart:u_mcu_uart|rx_data_reg[0]     ; MCU_uart:u_mcu_uart|mode_sel[0]                                                                                         ; clk          ; clk         ; 0.000        ; 0.072      ; 0.914      ;
; 0.667 ; MCU_uart:u_mcu_uart|data_out[19]       ; fm_fc[19]                                                                                                               ; clk          ; clk         ; 0.000        ; 0.071      ; 0.933      ;
; 0.668 ; MCU_uart:u_mcu_uart|state.S_DATA       ; MCU_uart:u_mcu_uart|bit_cnt[1]                                                                                          ; clk          ; clk         ; 0.000        ; 0.073      ; 0.936      ;
; 0.668 ; MCU_uart:u_mcu_uart|data_out[27]       ; fm_fc[27]                                                                                                               ; clk          ; clk         ; 0.000        ; 0.072      ; 0.935      ;
; 0.668 ; MCU_uart:u_mcu_uart|data_out[11]       ; fm_dev[11]                                                                                                              ; clk          ; clk         ; 0.000        ; 0.072      ; 0.935      ;
; 0.669 ; MCU_uart:u_mcu_uart|data_out[30]       ; fm_fc[30]                                                                                                               ; clk          ; clk         ; 0.000        ; 0.071      ; 0.935      ;
; 0.669 ; MCU_uart:u_mcu_uart|freq_temp[2]       ; MCU_uart:u_mcu_uart|data_out[2]                                                                                         ; clk          ; clk         ; 0.000        ; 0.071      ; 0.935      ;
; 0.672 ; mod_phase[31]                          ; sine_14bit_256:u_rom_mod|altsyncram:altsyncram_component|altsyncram_rq91:auto_generated|ram_block1a0~porta_address_reg0 ; clk          ; clk         ; 0.000        ; 0.420      ; 1.322      ;
; 0.675 ; MCU_uart:u_mcu_uart|mode_sel[0]        ; work_mode[0]                                                                                                            ; clk          ; clk         ; 0.000        ; 0.072      ; 0.942      ;
; 0.678 ; MCU_uart:u_mcu_uart|data_out[6]        ; fm_fc[6]                                                                                                                ; clk          ; clk         ; 0.000        ; 0.071      ; 0.944      ;
; 0.679 ; MCU_uart:u_mcu_uart|data_out[6]        ; fm_dev[6]                                                                                                               ; clk          ; clk         ; 0.000        ; 0.071      ; 0.945      ;
; 0.682 ; digital_mod_phase[15]                  ; digital_mod_phase[15]                                                                                                   ; clk          ; clk         ; 0.000        ; 0.073      ; 0.950      ;
; 0.683 ; phase[15]                              ; phase[15]                                                                                                               ; clk          ; clk         ; 0.000        ; 0.072      ; 0.950      ;
; 0.683 ; mod_phase[17]                          ; mod_phase[17]                                                                                                           ; clk          ; clk         ; 0.000        ; 0.072      ; 0.950      ;
; 0.683 ; digital_mod_phase[13]                  ; digital_mod_phase[13]                                                                                                   ; clk          ; clk         ; 0.000        ; 0.073      ; 0.951      ;
; 0.683 ; digital_mod_phase[11]                  ; digital_mod_phase[11]                                                                                                   ; clk          ; clk         ; 0.000        ; 0.073      ; 0.951      ;
; 0.683 ; digital_mod_phase[6]                   ; digital_mod_phase[6]                                                                                                    ; clk          ; clk         ; 0.000        ; 0.073      ; 0.951      ;
; 0.684 ; seg_display:u_seg_display|scan_cnt[6]  ; seg_display:u_seg_display|scan_cnt[6]                                                                                   ; clk          ; clk         ; 0.000        ; 0.073      ; 0.952      ;
; 0.684 ; seg_display:u_seg_display|scan_cnt[4]  ; seg_display:u_seg_display|scan_cnt[4]                                                                                   ; clk          ; clk         ; 0.000        ; 0.073      ; 0.952      ;
; 0.684 ; phase[13]                              ; phase[13]                                                                                                               ; clk          ; clk         ; 0.000        ; 0.072      ; 0.951      ;
; 0.684 ; phase[11]                              ; phase[11]                                                                                                               ; clk          ; clk         ; 0.000        ; 0.072      ; 0.951      ;
; 0.684 ; phase[5]                               ; phase[5]                                                                                                                ; clk          ; clk         ; 0.000        ; 0.072      ; 0.951      ;
; 0.684 ; phase[3]                               ; phase[3]                                                                                                                ; clk          ; clk         ; 0.000        ; 0.072      ; 0.951      ;
; 0.684 ; mod_phase[15]                          ; mod_phase[15]                                                                                                           ; clk          ; clk         ; 0.000        ; 0.072      ; 0.951      ;
; 0.684 ; mod_phase[8]                           ; mod_phase[8]                                                                                                            ; clk          ; clk         ; 0.000        ; 0.072      ; 0.951      ;
; 0.684 ; digital_mod_phase[21]                  ; digital_mod_phase[21]                                                                                                   ; clk          ; clk         ; 0.000        ; 0.073      ; 0.952      ;
; 0.684 ; digital_mod_phase[19]                  ; digital_mod_phase[19]                                                                                                   ; clk          ; clk         ; 0.000        ; 0.073      ; 0.952      ;
; 0.685 ; seg_display:u_seg_display|scan_cnt[12] ; seg_display:u_seg_display|scan_cnt[12]                                                                                  ; clk          ; clk         ; 0.000        ; 0.073      ; 0.953      ;
; 0.685 ; seg_display:u_seg_display|scan_cnt[2]  ; seg_display:u_seg_display|scan_cnt[2]                                                                                   ; clk          ; clk         ; 0.000        ; 0.073      ; 0.953      ;
; 0.685 ; phase[21]                              ; phase[21]                                                                                                               ; clk          ; clk         ; 0.000        ; 0.072      ; 0.952      ;
; 0.685 ; phase[19]                              ; phase[19]                                                                                                               ; clk          ; clk         ; 0.000        ; 0.072      ; 0.952      ;
; 0.685 ; mod_phase[23]                          ; mod_phase[23]                                                                                                           ; clk          ; clk         ; 0.000        ; 0.072      ; 0.952      ;
; 0.685 ; mod_phase[21]                          ; mod_phase[21]                                                                                                           ; clk          ; clk         ; 0.000        ; 0.072      ; 0.952      ;
; 0.685 ; mod_phase[13]                          ; mod_phase[13]                                                                                                           ; clk          ; clk         ; 0.000        ; 0.072      ; 0.952      ;
; 0.685 ; digital_mod_phase[16]                  ; digital_mod_phase[16]                                                                                                   ; clk          ; clk         ; 0.000        ; 0.073      ; 0.953      ;
; 0.685 ; digital_mod_phase[5]                   ; digital_mod_phase[5]                                                                                                    ; clk          ; clk         ; 0.000        ; 0.073      ; 0.953      ;
+-------+----------------------------------------+-------------------------------------------------------------------------------------------------------------------------+--------------+-------------+--------------+------------+------------+


----------------------------------------------
; Slow 1200mV 0C Model Metastability Summary ;
----------------------------------------------
The design MTBF is not calculated because there are no specified synchronizers in the design.
Number of Synchronizer Chains Found: 2
Shortest Synchronizer Chain: 2 Registers
Fraction of Chains for which MTBFs Could Not be Calculated: 1.000
Worst Case Available Settling Time: 16.937 ns




+------------------------------------+
; Fast 1200mV 0C Model Setup Summary ;
+-------+--------+-------------------+
; Clock ; Slack  ; End Point TNS     ;
+-------+--------+-------------------+
; clk   ; -3.644 ; -165.569          ;
+-------+--------+-------------------+


+-----------------------------------+
; Fast 1200mV 0C Model Hold Summary ;
+-------+-------+-------------------+
; Clock ; Slack ; End Point TNS     ;
+-------+-------+-------------------+
; clk   ; 0.153 ; 0.000             ;
+-------+-------+-------------------+


-----------------------------------------
; Fast 1200mV 0C Model Recovery Summary ;
-----------------------------------------
No paths to report.


----------------------------------------
; Fast 1200mV 0C Model Removal Summary ;
----------------------------------------
No paths to report.


+--------------------------------------------------+
; Fast 1200mV 0C Model Minimum Pulse Width Summary ;
+-------+-------+----------------------------------+
; Clock ; Slack ; End Point TNS                    ;
+-------+-------+----------------------------------+
; clk   ; 9.371 ; 0.000                            ;
+-------+-------+----------------------------------+


+----------------------------------------------------------------------------------------------------------------------------------------------------------+
; Fast 1200mV 0C Model Setup: 'clk'                                                                                                                        ;
+--------+------------------------------------+--------------------------------------+--------------+-------------+--------------+------------+------------+
; Slack  ; From Node                          ; To Node                              ; Launch Clock ; Latch Clock ; Relationship ; Clock Skew ; Data Delay ;
+--------+------------------------------------+--------------------------------------+--------------+-------------+--------------+------------+------------+
; -3.644 ; seg_display:u_seg_display|base[12] ; seg_display:u_seg_display|temp_f[15] ; clk          ; clk         ; 20.000       ; 0.134      ; 23.765     ;
; -3.644 ; seg_display:u_seg_display|base[12] ; seg_display:u_seg_display|temp_f[14] ; clk          ; clk         ; 20.000       ; 0.134      ; 23.765     ;
; -3.644 ; seg_display:u_seg_display|base[12] ; seg_display:u_seg_display|temp_f[12] ; clk          ; clk         ; 20.000       ; 0.134      ; 23.765     ;
; -3.644 ; seg_display:u_seg_display|base[12] ; seg_display:u_seg_display|temp_f[11] ; clk          ; clk         ; 20.000       ; 0.134      ; 23.765     ;
; -3.644 ; seg_display:u_seg_display|base[12] ; seg_display:u_seg_display|temp_f[8]  ; clk          ; clk         ; 20.000       ; 0.134      ; 23.765     ;
; -3.644 ; seg_display:u_seg_display|base[12] ; seg_display:u_seg_display|temp_f[7]  ; clk          ; clk         ; 20.000       ; 0.134      ; 23.765     ;
; -3.639 ; seg_display:u_seg_display|base[12] ; seg_display:u_seg_display|temp_f[29] ; clk          ; clk         ; 20.000       ; 0.134      ; 23.760     ;
; -3.639 ; seg_display:u_seg_display|base[12] ; seg_display:u_seg_display|temp_f[30] ; clk          ; clk         ; 20.000       ; 0.134      ; 23.760     ;
; -3.639 ; seg_display:u_seg_display|base[12] ; seg_display:u_seg_display|temp_f[31] ; clk          ; clk         ; 20.000       ; 0.134      ; 23.760     ;
; -3.639 ; seg_display:u_seg_display|base[12] ; seg_display:u_seg_display|temp_f[28] ; clk          ; clk         ; 20.000       ; 0.134      ; 23.760     ;
; -3.639 ; seg_display:u_seg_display|base[12] ; seg_display:u_seg_display|temp_f[27] ; clk          ; clk         ; 20.000       ; 0.134      ; 23.760     ;
; -3.639 ; seg_display:u_seg_display|base[12] ; seg_display:u_seg_display|temp_f[24] ; clk          ; clk         ; 20.000       ; 0.134      ; 23.760     ;
; -3.639 ; seg_display:u_seg_display|base[12] ; seg_display:u_seg_display|temp_f[23] ; clk          ; clk         ; 20.000       ; 0.134      ; 23.760     ;
; -3.639 ; seg_display:u_seg_display|base[12] ; seg_display:u_seg_display|temp_f[20] ; clk          ; clk         ; 20.000       ; 0.134      ; 23.760     ;
; -3.402 ; seg_display:u_seg_display|base[12] ; seg_display:u_seg_display|temp_f[1]  ; clk          ; clk         ; 20.000       ; -0.057     ; 23.332     ;
; -3.402 ; seg_display:u_seg_display|base[12] ; seg_display:u_seg_display|temp_f[0]  ; clk          ; clk         ; 20.000       ; -0.057     ; 23.332     ;
; -3.353 ; seg_display:u_seg_display|base[12] ; seg_display:u_seg_display|temp_f[26] ; clk          ; clk         ; 20.000       ; 0.131      ; 23.471     ;
; -3.353 ; seg_display:u_seg_display|base[12] ; seg_display:u_seg_display|temp_f[25] ; clk          ; clk         ; 20.000       ; 0.131      ; 23.471     ;
; -3.353 ; seg_display:u_seg_display|base[12] ; seg_display:u_seg_display|temp_f[22] ; clk          ; clk         ; 20.000       ; 0.131      ; 23.471     ;
; -3.353 ; seg_display:u_seg_display|base[12] ; seg_display:u_seg_display|temp_f[17] ; clk          ; clk         ; 20.000       ; 0.131      ; 23.471     ;
; -3.353 ; seg_display:u_seg_display|base[12] ; seg_display:u_seg_display|temp_f[16] ; clk          ; clk         ; 20.000       ; 0.131      ; 23.471     ;
; -3.350 ; seg_display:u_seg_display|base[12] ; seg_display:u_seg_display|y_cnt[1]   ; clk          ; clk         ; 20.000       ; -0.057     ; 23.280     ;
; -3.321 ; seg_display:u_seg_display|base[12] ; seg_display:u_seg_display|y_cnt[2]   ; clk          ; clk         ; 20.000       ; -0.057     ; 23.251     ;
; -3.319 ; seg_display:u_seg_display|base[12] ; seg_display:u_seg_display|y_cnt[3]   ; clk          ; clk         ; 20.000       ; -0.057     ; 23.249     ;
; -3.273 ; seg_display:u_seg_display|base[12] ; seg_display:u_seg_display|temp_f[21] ; clk          ; clk         ; 20.000       ; -0.061     ; 23.199     ;
; -3.273 ; seg_display:u_seg_display|base[12] ; seg_display:u_seg_display|temp_f[19] ; clk          ; clk         ; 20.000       ; -0.061     ; 23.199     ;
; -3.273 ; seg_display:u_seg_display|base[12] ; seg_display:u_seg_display|temp_f[18] ; clk          ; clk         ; 20.000       ; -0.061     ; 23.199     ;
; -3.273 ; seg_display:u_seg_display|base[12] ; seg_display:u_seg_display|temp_f[13] ; clk          ; clk         ; 20.000       ; -0.061     ; 23.199     ;
; -3.273 ; seg_display:u_seg_display|base[12] ; seg_display:u_seg_display|temp_f[10] ; clk          ; clk         ; 20.000       ; -0.061     ; 23.199     ;
; -3.273 ; seg_display:u_seg_display|base[12] ; seg_display:u_seg_display|temp_f[6]  ; clk          ; clk         ; 20.000       ; -0.061     ; 23.199     ;
; -3.273 ; seg_display:u_seg_display|base[12] ; seg_display:u_seg_display|temp_f[5]  ; clk          ; clk         ; 20.000       ; -0.061     ; 23.199     ;
; -3.273 ; seg_display:u_seg_display|base[12] ; seg_display:u_seg_display|temp_f[4]  ; clk          ; clk         ; 20.000       ; -0.061     ; 23.199     ;
; -3.273 ; seg_display:u_seg_display|base[12] ; seg_display:u_seg_display|temp_f[3]  ; clk          ; clk         ; 20.000       ; -0.061     ; 23.199     ;
; -3.273 ; seg_display:u_seg_display|base[12] ; seg_display:u_seg_display|temp_f[2]  ; clk          ; clk         ; 20.000       ; -0.061     ; 23.199     ;
; -3.271 ; seg_display:u_seg_display|base[12] ; seg_display:u_seg_display|x_show[3]  ; clk          ; clk         ; 20.000       ; -0.054     ; 23.204     ;
; -3.271 ; seg_display:u_seg_display|base[12] ; seg_display:u_seg_display|x_show[2]  ; clk          ; clk         ; 20.000       ; -0.054     ; 23.204     ;
; -3.271 ; seg_display:u_seg_display|base[12] ; seg_display:u_seg_display|x_show[1]  ; clk          ; clk         ; 20.000       ; -0.054     ; 23.204     ;
; -3.271 ; seg_display:u_seg_display|base[12] ; seg_display:u_seg_display|x_show[0]  ; clk          ; clk         ; 20.000       ; -0.054     ; 23.204     ;
; -3.271 ; seg_display:u_seg_display|base[12] ; seg_display:u_seg_display|y_show[3]  ; clk          ; clk         ; 20.000       ; -0.054     ; 23.204     ;
; -3.271 ; seg_display:u_seg_display|base[12] ; seg_display:u_seg_display|y_show[2]  ; clk          ; clk         ; 20.000       ; -0.054     ; 23.204     ;
; -3.271 ; seg_display:u_seg_display|base[12] ; seg_display:u_seg_display|y_show[1]  ; clk          ; clk         ; 20.000       ; -0.054     ; 23.204     ;
; -3.271 ; seg_display:u_seg_display|base[12] ; seg_display:u_seg_display|y_show[0]  ; clk          ; clk         ; 20.000       ; -0.054     ; 23.204     ;
; -3.271 ; seg_display:u_seg_display|base[12] ; seg_display:u_seg_display|z_show[2]  ; clk          ; clk         ; 20.000       ; -0.054     ; 23.204     ;
; -3.271 ; seg_display:u_seg_display|base[12] ; seg_display:u_seg_display|z_show[1]  ; clk          ; clk         ; 20.000       ; -0.054     ; 23.204     ;
; -3.271 ; seg_display:u_seg_display|base[12] ; seg_display:u_seg_display|z_show[0]  ; clk          ; clk         ; 20.000       ; -0.054     ; 23.204     ;
; -3.245 ; seg_display:u_seg_display|base[12] ; seg_display:u_seg_display|temp_f[9]  ; clk          ; clk         ; 20.000       ; 0.132      ; 23.364     ;
; -3.058 ; seg_display:u_seg_display|base[12] ; seg_display:u_seg_display|state.000  ; clk          ; clk         ; 20.000       ; -0.054     ; 22.991     ;
; -3.052 ; seg_display:u_seg_display|base[12] ; seg_display:u_seg_display|y_cnt[0]   ; clk          ; clk         ; 20.000       ; -0.056     ; 22.983     ;
; -2.968 ; seg_display:u_seg_display|base[12] ; seg_display:u_seg_display|state.010  ; clk          ; clk         ; 20.000       ; -0.061     ; 22.894     ;
; -2.954 ; seg_display:u_seg_display|base[19] ; seg_display:u_seg_display|temp_f[15] ; clk          ; clk         ; 20.000       ; 0.135      ; 23.076     ;
; -2.954 ; seg_display:u_seg_display|base[19] ; seg_display:u_seg_display|temp_f[14] ; clk          ; clk         ; 20.000       ; 0.135      ; 23.076     ;
; -2.954 ; seg_display:u_seg_display|base[19] ; seg_display:u_seg_display|temp_f[12] ; clk          ; clk         ; 20.000       ; 0.135      ; 23.076     ;
; -2.954 ; seg_display:u_seg_display|base[19] ; seg_display:u_seg_display|temp_f[11] ; clk          ; clk         ; 20.000       ; 0.135      ; 23.076     ;
; -2.954 ; seg_display:u_seg_display|base[19] ; seg_display:u_seg_display|temp_f[8]  ; clk          ; clk         ; 20.000       ; 0.135      ; 23.076     ;
; -2.954 ; seg_display:u_seg_display|base[19] ; seg_display:u_seg_display|temp_f[7]  ; clk          ; clk         ; 20.000       ; 0.135      ; 23.076     ;
; -2.949 ; seg_display:u_seg_display|base[19] ; seg_display:u_seg_display|temp_f[29] ; clk          ; clk         ; 20.000       ; 0.135      ; 23.071     ;
; -2.949 ; seg_display:u_seg_display|base[19] ; seg_display:u_seg_display|temp_f[30] ; clk          ; clk         ; 20.000       ; 0.135      ; 23.071     ;
; -2.949 ; seg_display:u_seg_display|base[19] ; seg_display:u_seg_display|temp_f[31] ; clk          ; clk         ; 20.000       ; 0.135      ; 23.071     ;
; -2.949 ; seg_display:u_seg_display|base[19] ; seg_display:u_seg_display|temp_f[28] ; clk          ; clk         ; 20.000       ; 0.135      ; 23.071     ;
; -2.949 ; seg_display:u_seg_display|base[19] ; seg_display:u_seg_display|temp_f[27] ; clk          ; clk         ; 20.000       ; 0.135      ; 23.071     ;
; -2.949 ; seg_display:u_seg_display|base[19] ; seg_display:u_seg_display|temp_f[24] ; clk          ; clk         ; 20.000       ; 0.135      ; 23.071     ;
; -2.949 ; seg_display:u_seg_display|base[19] ; seg_display:u_seg_display|temp_f[23] ; clk          ; clk         ; 20.000       ; 0.135      ; 23.071     ;
; -2.949 ; seg_display:u_seg_display|base[19] ; seg_display:u_seg_display|temp_f[20] ; clk          ; clk         ; 20.000       ; 0.135      ; 23.071     ;
; -2.712 ; seg_display:u_seg_display|base[19] ; seg_display:u_seg_display|temp_f[1]  ; clk          ; clk         ; 20.000       ; -0.056     ; 22.643     ;
; -2.712 ; seg_display:u_seg_display|base[19] ; seg_display:u_seg_display|temp_f[0]  ; clk          ; clk         ; 20.000       ; -0.056     ; 22.643     ;
; -2.663 ; seg_display:u_seg_display|base[19] ; seg_display:u_seg_display|temp_f[26] ; clk          ; clk         ; 20.000       ; 0.132      ; 22.782     ;
; -2.663 ; seg_display:u_seg_display|base[19] ; seg_display:u_seg_display|temp_f[25] ; clk          ; clk         ; 20.000       ; 0.132      ; 22.782     ;
; -2.663 ; seg_display:u_seg_display|base[19] ; seg_display:u_seg_display|temp_f[22] ; clk          ; clk         ; 20.000       ; 0.132      ; 22.782     ;
; -2.663 ; seg_display:u_seg_display|base[19] ; seg_display:u_seg_display|temp_f[17] ; clk          ; clk         ; 20.000       ; 0.132      ; 22.782     ;
; -2.663 ; seg_display:u_seg_display|base[19] ; seg_display:u_seg_display|temp_f[16] ; clk          ; clk         ; 20.000       ; 0.132      ; 22.782     ;
; -2.660 ; seg_display:u_seg_display|base[19] ; seg_display:u_seg_display|y_cnt[1]   ; clk          ; clk         ; 20.000       ; -0.056     ; 22.591     ;
; -2.631 ; seg_display:u_seg_display|base[19] ; seg_display:u_seg_display|y_cnt[2]   ; clk          ; clk         ; 20.000       ; -0.056     ; 22.562     ;
; -2.629 ; seg_display:u_seg_display|base[19] ; seg_display:u_seg_display|y_cnt[3]   ; clk          ; clk         ; 20.000       ; -0.056     ; 22.560     ;
; -2.583 ; seg_display:u_seg_display|base[19] ; seg_display:u_seg_display|temp_f[21] ; clk          ; clk         ; 20.000       ; -0.060     ; 22.510     ;
; -2.583 ; seg_display:u_seg_display|base[19] ; seg_display:u_seg_display|temp_f[19] ; clk          ; clk         ; 20.000       ; -0.060     ; 22.510     ;
; -2.583 ; seg_display:u_seg_display|base[19] ; seg_display:u_seg_display|temp_f[18] ; clk          ; clk         ; 20.000       ; -0.060     ; 22.510     ;
; -2.583 ; seg_display:u_seg_display|base[19] ; seg_display:u_seg_display|temp_f[13] ; clk          ; clk         ; 20.000       ; -0.060     ; 22.510     ;
; -2.583 ; seg_display:u_seg_display|base[19] ; seg_display:u_seg_display|temp_f[10] ; clk          ; clk         ; 20.000       ; -0.060     ; 22.510     ;
; -2.583 ; seg_display:u_seg_display|base[19] ; seg_display:u_seg_display|temp_f[6]  ; clk          ; clk         ; 20.000       ; -0.060     ; 22.510     ;
; -2.583 ; seg_display:u_seg_display|base[19] ; seg_display:u_seg_display|temp_f[5]  ; clk          ; clk         ; 20.000       ; -0.060     ; 22.510     ;
; -2.583 ; seg_display:u_seg_display|base[19] ; seg_display:u_seg_display|temp_f[4]  ; clk          ; clk         ; 20.000       ; -0.060     ; 22.510     ;
; -2.583 ; seg_display:u_seg_display|base[19] ; seg_display:u_seg_display|temp_f[3]  ; clk          ; clk         ; 20.000       ; -0.060     ; 22.510     ;
; -2.583 ; seg_display:u_seg_display|base[19] ; seg_display:u_seg_display|temp_f[2]  ; clk          ; clk         ; 20.000       ; -0.060     ; 22.510     ;
; -2.581 ; seg_display:u_seg_display|base[19] ; seg_display:u_seg_display|x_show[3]  ; clk          ; clk         ; 20.000       ; -0.053     ; 22.515     ;
; -2.581 ; seg_display:u_seg_display|base[19] ; seg_display:u_seg_display|x_show[2]  ; clk          ; clk         ; 20.000       ; -0.053     ; 22.515     ;
; -2.581 ; seg_display:u_seg_display|base[19] ; seg_display:u_seg_display|x_show[1]  ; clk          ; clk         ; 20.000       ; -0.053     ; 22.515     ;
; -2.581 ; seg_display:u_seg_display|base[19] ; seg_display:u_seg_display|x_show[0]  ; clk          ; clk         ; 20.000       ; -0.053     ; 22.515     ;
; -2.581 ; seg_display:u_seg_display|base[19] ; seg_display:u_seg_display|y_show[3]  ; clk          ; clk         ; 20.000       ; -0.053     ; 22.515     ;
; -2.581 ; seg_display:u_seg_display|base[19] ; seg_display:u_seg_display|y_show[2]  ; clk          ; clk         ; 20.000       ; -0.053     ; 22.515     ;
; -2.581 ; seg_display:u_seg_display|base[19] ; seg_display:u_seg_display|y_show[1]  ; clk          ; clk         ; 20.000       ; -0.053     ; 22.515     ;
; -2.581 ; seg_display:u_seg_display|base[19] ; seg_display:u_seg_display|y_show[0]  ; clk          ; clk         ; 20.000       ; -0.053     ; 22.515     ;
; -2.581 ; seg_display:u_seg_display|base[19] ; seg_display:u_seg_display|z_show[2]  ; clk          ; clk         ; 20.000       ; -0.053     ; 22.515     ;
; -2.581 ; seg_display:u_seg_display|base[19] ; seg_display:u_seg_display|z_show[1]  ; clk          ; clk         ; 20.000       ; -0.053     ; 22.515     ;
; -2.581 ; seg_display:u_seg_display|base[19] ; seg_display:u_seg_display|z_show[0]  ; clk          ; clk         ; 20.000       ; -0.053     ; 22.515     ;
; -2.555 ; seg_display:u_seg_display|base[19] ; seg_display:u_seg_display|temp_f[9]  ; clk          ; clk         ; 20.000       ; 0.133      ; 22.675     ;
; -2.368 ; seg_display:u_seg_display|base[19] ; seg_display:u_seg_display|state.000  ; clk          ; clk         ; 20.000       ; -0.053     ; 22.302     ;
; -2.362 ; seg_display:u_seg_display|base[19] ; seg_display:u_seg_display|y_cnt[0]   ; clk          ; clk         ; 20.000       ; -0.055     ; 22.294     ;
; -2.278 ; seg_display:u_seg_display|base[19] ; seg_display:u_seg_display|state.010  ; clk          ; clk         ; 20.000       ; -0.060     ; 22.205     ;
; -1.855 ; seg_display:u_seg_display|base[14] ; seg_display:u_seg_display|temp_f[15] ; clk          ; clk         ; 20.000       ; -0.066     ; 21.776     ;
; -1.855 ; seg_display:u_seg_display|base[14] ; seg_display:u_seg_display|temp_f[14] ; clk          ; clk         ; 20.000       ; -0.066     ; 21.776     ;
+--------+------------------------------------+--------------------------------------+--------------+-------------+--------------+------------+------------+


+------------------------------------------------------------------------------------------------------------------------------------------------------------------------------------------------------------------------------------------------+
; Fast 1200mV 0C Model Hold: 'clk'                                                                                                                                                                                                               ;
+-------+----------------------------------------+-------------------------------------------------------------------------------------------------------------------------+--------------+-------------+--------------+------------+------------+
; Slack ; From Node                              ; To Node                                                                                                                 ; Launch Clock ; Latch Clock ; Relationship ; Clock Skew ; Data Delay ;
+-------+----------------------------------------+-------------------------------------------------------------------------------------------------------------------------+--------------+-------------+--------------+------------+------------+
; 0.153 ; digital_mod_phase[25]                  ; sine_14bit_256:u_rom_ask|altsyncram:altsyncram_component|altsyncram_rq91:auto_generated|ram_block1a0~porta_address_reg0 ; clk          ; clk         ; 0.000        ; 0.220      ; 0.477      ;
; 0.154 ; digital_mod_phase[30]                  ; sine_14bit_256:u_rom_ask|altsyncram:altsyncram_component|altsyncram_rq91:auto_generated|ram_block1a0~porta_address_reg0 ; clk          ; clk         ; 0.000        ; 0.220      ; 0.478      ;
; 0.160 ; digital_mod_phase[24]                  ; sine_14bit_256:u_rom_psk|altsyncram:altsyncram_component|altsyncram_rq91:auto_generated|ram_block1a0~porta_address_reg0 ; clk          ; clk         ; 0.000        ; 0.219      ; 0.483      ;
; 0.160 ; digital_mod_phase[30]                  ; sine_14bit_256:u_rom_psk|altsyncram:altsyncram_component|altsyncram_rq91:auto_generated|ram_block1a0~porta_address_reg0 ; clk          ; clk         ; 0.000        ; 0.219      ; 0.483      ;
; 0.160 ; digital_mod_phase[27]                  ; sine_14bit_256:u_rom_ask|altsyncram:altsyncram_component|altsyncram_rq91:auto_generated|ram_block1a0~porta_address_reg0 ; clk          ; clk         ; 0.000        ; 0.220      ; 0.484      ;
; 0.164 ; digital_mod_phase[26]                  ; sine_14bit_256:u_rom_ask|altsyncram:altsyncram_component|altsyncram_rq91:auto_generated|ram_block1a0~porta_address_reg0 ; clk          ; clk         ; 0.000        ; 0.220      ; 0.488      ;
; 0.168 ; digital_mod_phase[31]                  ; sine_14bit_256:u_rom_ask|altsyncram:altsyncram_component|altsyncram_rq91:auto_generated|ram_block1a0~porta_address_reg0 ; clk          ; clk         ; 0.000        ; 0.220      ; 0.492      ;
; 0.173 ; mod_phase[27]                          ; sine_14bit_256:u_rom_mod|altsyncram:altsyncram_component|altsyncram_rq91:auto_generated|ram_block1a0~porta_address_reg0 ; clk          ; clk         ; 0.000        ; 0.220      ; 0.497      ;
; 0.175 ; digital_mod_phase[29]                  ; sine_14bit_256:u_rom_psk|altsyncram:altsyncram_component|altsyncram_rq91:auto_generated|ram_block1a0~porta_address_reg0 ; clk          ; clk         ; 0.000        ; 0.219      ; 0.498      ;
; 0.176 ; mod_phase[30]                          ; sine_14bit_256:u_rom_mod|altsyncram:altsyncram_component|altsyncram_rq91:auto_generated|ram_block1a0~porta_address_reg0 ; clk          ; clk         ; 0.000        ; 0.220      ; 0.500      ;
; 0.183 ; mod_phase[25]                          ; sine_14bit_256:u_rom_mod|altsyncram:altsyncram_component|altsyncram_rq91:auto_generated|ram_block1a0~porta_address_reg0 ; clk          ; clk         ; 0.000        ; 0.220      ; 0.507      ;
; 0.184 ; mod_phase[26]                          ; sine_14bit_256:u_rom_mod|altsyncram:altsyncram_component|altsyncram_rq91:auto_generated|ram_block1a0~porta_address_reg0 ; clk          ; clk         ; 0.000        ; 0.220      ; 0.508      ;
; 0.186 ; MCU_uart:u_mcu_uart|state.S_STOP       ; MCU_uart:u_mcu_uart|state.S_STOP                                                                                        ; clk          ; clk         ; 0.000        ; 0.037      ; 0.307      ;
; 0.186 ; digital_mod_phase[26]                  ; sine_14bit_256:u_rom_psk|altsyncram:altsyncram_component|altsyncram_rq91:auto_generated|ram_block1a0~porta_address_reg0 ; clk          ; clk         ; 0.000        ; 0.219      ; 0.509      ;
; 0.186 ; digital_mod_phase[29]                  ; sine_14bit_256:u_rom_ask|altsyncram:altsyncram_component|altsyncram_rq91:auto_generated|ram_block1a0~porta_address_reg0 ; clk          ; clk         ; 0.000        ; 0.220      ; 0.510      ;
; 0.187 ; MCU_uart:u_mcu_uart|rx_data_reg[7]     ; MCU_uart:u_mcu_uart|rx_data_reg[7]                                                                                      ; clk          ; clk         ; 0.000        ; 0.036      ; 0.307      ;
; 0.187 ; MCU_uart:u_mcu_uart|rx_data_reg[5]     ; MCU_uart:u_mcu_uart|rx_data_reg[5]                                                                                      ; clk          ; clk         ; 0.000        ; 0.036      ; 0.307      ;
; 0.187 ; MCU_uart:u_mcu_uart|rx_data_reg[3]     ; MCU_uart:u_mcu_uart|rx_data_reg[3]                                                                                      ; clk          ; clk         ; 0.000        ; 0.036      ; 0.307      ;
; 0.187 ; MCU_uart:u_mcu_uart|rx_data_reg[1]     ; MCU_uart:u_mcu_uart|rx_data_reg[1]                                                                                      ; clk          ; clk         ; 0.000        ; 0.036      ; 0.307      ;
; 0.187 ; MCU_uart:u_mcu_uart|bit_cnt[3]         ; MCU_uart:u_mcu_uart|bit_cnt[3]                                                                                          ; clk          ; clk         ; 0.000        ; 0.036      ; 0.307      ;
; 0.187 ; MCU_uart:u_mcu_uart|bit_cnt[2]         ; MCU_uart:u_mcu_uart|bit_cnt[2]                                                                                          ; clk          ; clk         ; 0.000        ; 0.036      ; 0.307      ;
; 0.187 ; MCU_uart:u_mcu_uart|bit_cnt[0]         ; MCU_uart:u_mcu_uart|bit_cnt[0]                                                                                          ; clk          ; clk         ; 0.000        ; 0.036      ; 0.307      ;
; 0.187 ; MCU_uart:u_mcu_uart|bit_cnt[1]         ; MCU_uart:u_mcu_uart|bit_cnt[1]                                                                                          ; clk          ; clk         ; 0.000        ; 0.036      ; 0.307      ;
; 0.187 ; seg_display:u_seg_display|x_cnt[3]     ; seg_display:u_seg_display|x_cnt[3]                                                                                      ; clk          ; clk         ; 0.000        ; 0.036      ; 0.307      ;
; 0.187 ; seg_display:u_seg_display|x_cnt[2]     ; seg_display:u_seg_display|x_cnt[2]                                                                                      ; clk          ; clk         ; 0.000        ; 0.036      ; 0.307      ;
; 0.187 ; seg_display:u_seg_display|x_cnt[1]     ; seg_display:u_seg_display|x_cnt[1]                                                                                      ; clk          ; clk         ; 0.000        ; 0.036      ; 0.307      ;
; 0.187 ; seg_display:u_seg_display|x_cnt[0]     ; seg_display:u_seg_display|x_cnt[0]                                                                                      ; clk          ; clk         ; 0.000        ; 0.036      ; 0.307      ;
; 0.187 ; seg_display:u_seg_display|y_cnt[3]     ; seg_display:u_seg_display|y_cnt[3]                                                                                      ; clk          ; clk         ; 0.000        ; 0.036      ; 0.307      ;
; 0.187 ; seg_display:u_seg_display|y_cnt[2]     ; seg_display:u_seg_display|y_cnt[2]                                                                                      ; clk          ; clk         ; 0.000        ; 0.036      ; 0.307      ;
; 0.187 ; seg_display:u_seg_display|y_cnt[1]     ; seg_display:u_seg_display|y_cnt[1]                                                                                      ; clk          ; clk         ; 0.000        ; 0.036      ; 0.307      ;
; 0.187 ; seg_display:u_seg_display|y_cnt[0]     ; seg_display:u_seg_display|y_cnt[0]                                                                                      ; clk          ; clk         ; 0.000        ; 0.036      ; 0.307      ;
; 0.187 ; seg_display:u_seg_display|state.001    ; seg_display:u_seg_display|state.001                                                                                     ; clk          ; clk         ; 0.000        ; 0.036      ; 0.307      ;
; 0.187 ; seg_display:u_seg_display|state.010    ; seg_display:u_seg_display|state.010                                                                                     ; clk          ; clk         ; 0.000        ; 0.036      ; 0.307      ;
; 0.187 ; MCU_uart:u_mcu_uart|freq_temp[0]       ; MCU_uart:u_mcu_uart|freq_temp[0]                                                                                        ; clk          ; clk         ; 0.000        ; 0.036      ; 0.307      ;
; 0.187 ; MCU_uart:u_mcu_uart|idx_cnt[1]         ; MCU_uart:u_mcu_uart|idx_cnt[1]                                                                                          ; clk          ; clk         ; 0.000        ; 0.036      ; 0.307      ;
; 0.187 ; MCU_uart:u_mcu_uart|rx_data_reg[2]     ; MCU_uart:u_mcu_uart|rx_data_reg[2]                                                                                      ; clk          ; clk         ; 0.000        ; 0.036      ; 0.307      ;
; 0.187 ; MCU_uart:u_mcu_uart|rx_data_reg[6]     ; MCU_uart:u_mcu_uart|rx_data_reg[6]                                                                                      ; clk          ; clk         ; 0.000        ; 0.036      ; 0.307      ;
; 0.187 ; MCU_uart:u_mcu_uart|rx_data_reg[4]     ; MCU_uart:u_mcu_uart|rx_data_reg[4]                                                                                      ; clk          ; clk         ; 0.000        ; 0.036      ; 0.307      ;
; 0.187 ; MCU_uart:u_mcu_uart|rx_data_reg[0]     ; MCU_uart:u_mcu_uart|rx_data_reg[0]                                                                                      ; clk          ; clk         ; 0.000        ; 0.036      ; 0.307      ;
; 0.188 ; mod_phase[29]                          ; sine_14bit_256:u_rom_mod|altsyncram:altsyncram_component|altsyncram_rq91:auto_generated|ram_block1a0~porta_address_reg0 ; clk          ; clk         ; 0.000        ; 0.220      ; 0.512      ;
; 0.194 ; seg_display:u_seg_display|scan_cnt[0]  ; seg_display:u_seg_display|scan_cnt[0]                                                                                   ; clk          ; clk         ; 0.000        ; 0.036      ; 0.314      ;
; 0.194 ; MCU_uart:u_mcu_uart|idx_cnt[0]         ; MCU_uart:u_mcu_uart|idx_cnt[0]                                                                                          ; clk          ; clk         ; 0.000        ; 0.036      ; 0.314      ;
; 0.194 ; digital_mod_phase[0]                   ; digital_mod_phase[0]                                                                                                    ; clk          ; clk         ; 0.000        ; 0.036      ; 0.314      ;
; 0.195 ; bb_shift_reg[2]                        ; bb_shift_reg[3]                                                                                                         ; clk          ; clk         ; 0.000        ; 0.036      ; 0.315      ;
; 0.196 ; bb_shift_reg[4]                        ; bb_shift_reg[5]                                                                                                         ; clk          ; clk         ; 0.000        ; 0.036      ; 0.316      ;
; 0.205 ; MCU_uart:u_mcu_uart|data_out[10]       ; fm_dev[10]                                                                                                              ; clk          ; clk         ; 0.000        ; 0.036      ; 0.325      ;
; 0.205 ; MCU_uart:u_mcu_uart|freq_temp[0]       ; MCU_uart:u_mcu_uart|data_out[0]                                                                                         ; clk          ; clk         ; 0.000        ; 0.036      ; 0.325      ;
; 0.207 ; MCU_uart:u_mcu_uart|idx_cnt[0]         ; MCU_uart:u_mcu_uart|idx_cnt[1]                                                                                          ; clk          ; clk         ; 0.000        ; 0.036      ; 0.327      ;
; 0.216 ; MCU_uart:u_mcu_uart|data_out[20]       ; fm_fc[20]                                                                                                               ; clk          ; clk         ; 0.000        ; 0.036      ; 0.336      ;
; 0.217 ; MCU_uart:u_mcu_uart|data_out[21]       ; fm_fc[21]                                                                                                               ; clk          ; clk         ; 0.000        ; 0.036      ; 0.337      ;
; 0.251 ; seg_display:u_seg_display|state.001    ; seg_display:u_seg_display|state.010                                                                                     ; clk          ; clk         ; 0.000        ; 0.036      ; 0.371      ;
; 0.252 ; bb_shift_reg[1]                        ; bb_shift_reg[2]                                                                                                         ; clk          ; clk         ; 0.000        ; 0.036      ; 0.372      ;
; 0.253 ; bb_shift_reg[7]                        ; bb_shift_reg[0]                                                                                                         ; clk          ; clk         ; 0.000        ; 0.036      ; 0.373      ;
; 0.254 ; seg_display:u_seg_display|state.001    ; seg_display:u_seg_display|temp_f[3]                                                                                     ; clk          ; clk         ; 0.000        ; 0.036      ; 0.374      ;
; 0.254 ; bb_shift_reg[6]                        ; bb_shift_reg[7]                                                                                                         ; clk          ; clk         ; 0.000        ; 0.036      ; 0.374      ;
; 0.256 ; seg_display:u_seg_display|state.001    ; seg_display:u_seg_display|temp_f[21]                                                                                    ; clk          ; clk         ; 0.000        ; 0.036      ; 0.376      ;
; 0.263 ; MCU_uart:u_mcu_uart|data_out[9]        ; fm_fc[9]                                                                                                                ; clk          ; clk         ; 0.000        ; 0.036      ; 0.383      ;
; 0.264 ; bb_cnt[12]                             ; bb_cnt[12]                                                                                                              ; clk          ; clk         ; 0.000        ; 0.036      ; 0.384      ;
; 0.269 ; mod_phase[28]                          ; sine_14bit_256:u_rom_mod|altsyncram:altsyncram_component|altsyncram_rq91:auto_generated|ram_block1a0~porta_address_reg0 ; clk          ; clk         ; 0.000        ; 0.220      ; 0.593      ;
; 0.269 ; MCU_uart:u_mcu_uart|idx_cnt[1]         ; MCU_uart:u_mcu_uart|data_idx[1]                                                                                         ; clk          ; clk         ; 0.000        ; 0.036      ; 0.389      ;
; 0.271 ; MCU_uart:u_mcu_uart|data_out[17]       ; fm_fc[17]                                                                                                               ; clk          ; clk         ; 0.000        ; 0.035      ; 0.390      ;
; 0.271 ; MCU_uart:u_mcu_uart|data_out[17]       ; fm_dev[17]                                                                                                              ; clk          ; clk         ; 0.000        ; 0.035      ; 0.390      ;
; 0.275 ; MCU_uart:u_mcu_uart|data_out[11]       ; fm_fc[11]                                                                                                               ; clk          ; clk         ; 0.000        ; 0.038      ; 0.397      ;
; 0.276 ; MCU_uart:u_mcu_uart|rx_data_reg[0]     ; MCU_uart:u_mcu_uart|mode_sel[2]                                                                                         ; clk          ; clk         ; 0.000        ; 0.036      ; 0.396      ;
; 0.277 ; MCU_uart:u_mcu_uart|mode_sel[0]        ; work_mode[0]                                                                                                            ; clk          ; clk         ; 0.000        ; 0.036      ; 0.397      ;
; 0.278 ; MCU_uart:u_mcu_uart|data_out[19]       ; fm_fc[19]                                                                                                               ; clk          ; clk         ; 0.000        ; 0.036      ; 0.398      ;
; 0.278 ; MCU_uart:u_mcu_uart|data_out[27]       ; fm_fc[27]                                                                                                               ; clk          ; clk         ; 0.000        ; 0.036      ; 0.398      ;
; 0.278 ; MCU_uart:u_mcu_uart|data_out[11]       ; fm_dev[11]                                                                                                              ; clk          ; clk         ; 0.000        ; 0.036      ; 0.398      ;
; 0.279 ; MCU_uart:u_mcu_uart|data_out[30]       ; fm_fc[30]                                                                                                               ; clk          ; clk         ; 0.000        ; 0.036      ; 0.399      ;
; 0.279 ; MCU_uart:u_mcu_uart|rx_data_reg[0]     ; MCU_uart:u_mcu_uart|mode_sel[0]                                                                                         ; clk          ; clk         ; 0.000        ; 0.036      ; 0.399      ;
; 0.280 ; MCU_uart:u_mcu_uart|freq_temp[2]       ; MCU_uart:u_mcu_uart|data_out[2]                                                                                         ; clk          ; clk         ; 0.000        ; 0.035      ; 0.399      ;
; 0.280 ; mod_phase[31]                          ; sine_14bit_256:u_rom_mod|altsyncram:altsyncram_component|altsyncram_rq91:auto_generated|ram_block1a0~porta_address_reg0 ; clk          ; clk         ; 0.000        ; 0.220      ; 0.604      ;
; 0.286 ; MCU_uart:u_mcu_uart|state.S_DATA       ; MCU_uart:u_mcu_uart|bit_cnt[1]                                                                                          ; clk          ; clk         ; 0.000        ; 0.037      ; 0.407      ;
; 0.286 ; MCU_uart:u_mcu_uart|data_out[6]        ; fm_fc[6]                                                                                                                ; clk          ; clk         ; 0.000        ; 0.035      ; 0.405      ;
; 0.286 ; MCU_uart:u_mcu_uart|data_out[6]        ; fm_dev[6]                                                                                                               ; clk          ; clk         ; 0.000        ; 0.035      ; 0.405      ;
; 0.291 ; MCU_uart:u_mcu_uart|data_out[29]       ; fm_fc[29]                                                                                                               ; clk          ; clk         ; 0.000        ; 0.036      ; 0.411      ;
; 0.291 ; digital_mod_phase[15]                  ; digital_mod_phase[15]                                                                                                   ; clk          ; clk         ; 0.000        ; 0.037      ; 0.412      ;
; 0.292 ; phase[15]                              ; phase[15]                                                                                                               ; clk          ; clk         ; 0.000        ; 0.036      ; 0.412      ;
; 0.292 ; mod_phase[17]                          ; mod_phase[17]                                                                                                           ; clk          ; clk         ; 0.000        ; 0.036      ; 0.412      ;
; 0.292 ; digital_mod_phase[19]                  ; digital_mod_phase[19]                                                                                                   ; clk          ; clk         ; 0.000        ; 0.037      ; 0.413      ;
; 0.292 ; digital_mod_phase[16]                  ; digital_mod_phase[16]                                                                                                   ; clk          ; clk         ; 0.000        ; 0.037      ; 0.413      ;
; 0.292 ; digital_mod_phase[13]                  ; digital_mod_phase[13]                                                                                                   ; clk          ; clk         ; 0.000        ; 0.037      ; 0.413      ;
; 0.292 ; digital_mod_phase[11]                  ; digital_mod_phase[11]                                                                                                   ; clk          ; clk         ; 0.000        ; 0.037      ; 0.413      ;
; 0.292 ; digital_mod_phase[6]                   ; digital_mod_phase[6]                                                                                                    ; clk          ; clk         ; 0.000        ; 0.037      ; 0.413      ;
; 0.293 ; seg_display:u_seg_display|scan_cnt[4]  ; seg_display:u_seg_display|scan_cnt[4]                                                                                   ; clk          ; clk         ; 0.000        ; 0.036      ; 0.413      ;
; 0.293 ; phase[19]                              ; phase[19]                                                                                                               ; clk          ; clk         ; 0.000        ; 0.036      ; 0.413      ;
; 0.293 ; phase[13]                              ; phase[13]                                                                                                               ; clk          ; clk         ; 0.000        ; 0.036      ; 0.413      ;
; 0.293 ; phase[11]                              ; phase[11]                                                                                                               ; clk          ; clk         ; 0.000        ; 0.036      ; 0.413      ;
; 0.293 ; phase[5]                               ; phase[5]                                                                                                                ; clk          ; clk         ; 0.000        ; 0.036      ; 0.413      ;
; 0.293 ; phase[3]                               ; phase[3]                                                                                                                ; clk          ; clk         ; 0.000        ; 0.036      ; 0.413      ;
; 0.293 ; mod_phase[15]                          ; mod_phase[15]                                                                                                           ; clk          ; clk         ; 0.000        ; 0.036      ; 0.413      ;
; 0.293 ; mod_phase[13]                          ; mod_phase[13]                                                                                                           ; clk          ; clk         ; 0.000        ; 0.036      ; 0.413      ;
; 0.293 ; mod_phase[8]                           ; mod_phase[8]                                                                                                            ; clk          ; clk         ; 0.000        ; 0.036      ; 0.413      ;
; 0.293 ; MCU_uart:u_mcu_uart|rx_data_reg[2]     ; MCU_uart:u_mcu_uart|mode_sel[0]                                                                                         ; clk          ; clk         ; 0.000        ; 0.036      ; 0.413      ;
; 0.293 ; digital_mod_phase[21]                  ; digital_mod_phase[21]                                                                                                   ; clk          ; clk         ; 0.000        ; 0.037      ; 0.414      ;
; 0.293 ; digital_mod_phase[12]                  ; digital_mod_phase[12]                                                                                                   ; clk          ; clk         ; 0.000        ; 0.037      ; 0.414      ;
; 0.293 ; digital_mod_phase[7]                   ; digital_mod_phase[7]                                                                                                    ; clk          ; clk         ; 0.000        ; 0.037      ; 0.414      ;
; 0.293 ; digital_mod_phase[5]                   ; digital_mod_phase[5]                                                                                                    ; clk          ; clk         ; 0.000        ; 0.037      ; 0.414      ;
; 0.294 ; seg_display:u_seg_display|scan_cnt[12] ; seg_display:u_seg_display|scan_cnt[12]                                                                                  ; clk          ; clk         ; 0.000        ; 0.036      ; 0.414      ;
; 0.294 ; seg_display:u_seg_display|scan_cnt[6]  ; seg_display:u_seg_display|scan_cnt[6]                                                                                   ; clk          ; clk         ; 0.000        ; 0.036      ; 0.414      ;
+-------+----------------------------------------+-------------------------------------------------------------------------------------------------------------------------+--------------+-------------+--------------+------------+------------+


----------------------------------------------
; Fast 1200mV 0C Model Metastability Summary ;
----------------------------------------------
The design MTBF is not calculated because there are no specified synchronizers in the design.
Number of Synchronizer Chains Found: 2
Shortest Synchronizer Chain: 2 Registers
Fraction of Chains for which MTBFs Could Not be Calculated: 1.000
Worst Case Available Settling Time: 18.560 ns




+---------------------------------------------------------------------------------+
; Multicorner Timing Analysis Summary                                             ;
+------------------+-----------+-------+----------+---------+---------------------+
; Clock            ; Setup     ; Hold  ; Recovery ; Removal ; Minimum Pulse Width ;
+------------------+-----------+-------+----------+---------+---------------------+
; Worst-case Slack ; -35.391   ; 0.153 ; N/A      ; N/A     ; 9.371               ;
;  clk             ; -35.391   ; 0.153 ; N/A      ; N/A     ; 9.371               ;
; Design-wide TNS  ; -1780.174 ; 0.0   ; 0.0      ; 0.0     ; 0.0                 ;
;  clk             ; -1780.174 ; 0.000 ; N/A      ; N/A     ; 0.000               ;
+------------------+-----------+-------+----------+---------+---------------------+


+------------------------------------------------------------------------------------------------------------------------------------------------------------------------------------------------------------------------------------------------------------------------------------------------------------------------------------------------------------------------------------------------------------------+
; Board Trace Model Assignments                                                                                                                                                                                                                                                                                                                                                                                    ;
+---------------+--------------+-------------------+-------------------------+-------------------------+---------------+---------------------+----------------+------------------+--------+------------------+------------------------+------------------------+--------------+---------------+-----------------+-------+---------------------+--------------------+---------------+-----------------+-------------+
; Pin           ; I/O Standard ; Near Tline Length ; Near Tline L per Length ; Near Tline C per Length ; Near Series R ; Near Differential R ; Near Pull-up R ; Near Pull-down R ; Near C ; Far Tline Length ; Far Tline L per Length ; Far Tline C per Length ; Far Series R ; Far Pull-up R ; Far Pull-down R ; Far C ; Termination Voltage ; Far Differential R ; EBD File Name ; EBD Signal Name ; EBD Far-end ;
+---------------+--------------+-------------------+-------------------------+-------------------------+---------------+---------------------+----------------+------------------+--------+------------------+------------------------+------------------------+--------------+---------------+-----------------+-------+---------------------+--------------------+---------------+-----------------+-------------+
; led           ; 2.5 V        ; 0 in              ; 0 H/in                  ; 0 F/in                  ; short         ; -                   ; open           ; open             ; open   ; 0 in             ; 0 H/in                 ; 0 F/in                 ; short        ; open          ; open            ; open  ; 0 V                 ; -                  ; n/a           ; n/a             ; n/a         ;
; sine_out[0]   ; 2.5 V        ; 0 in              ; 0 H/in                  ; 0 F/in                  ; short         ; -                   ; open           ; open             ; open   ; 0 in             ; 0 H/in                 ; 0 F/in                 ; short        ; open          ; open            ; open  ; 0 V                 ; -                  ; n/a           ; n/a             ; n/a         ;
; sine_out[1]   ; 2.5 V        ; 0 in              ; 0 H/in                  ; 0 F/in                  ; short         ; -                   ; open           ; open             ; open   ; 0 in             ; 0 H/in                 ; 0 F/in                 ; short        ; open          ; open            ; open  ; 0 V                 ; -                  ; n/a           ; n/a             ; n/a         ;
; sine_out[2]   ; 2.5 V        ; 0 in              ; 0 H/in                  ; 0 F/in                  ; short         ; -                   ; open           ; open             ; open   ; 0 in             ; 0 H/in                 ; 0 F/in                 ; short        ; open          ; open            ; open  ; 0 V                 ; -                  ; n/a           ; n/a             ; n/a         ;
; sine_out[3]   ; 2.5 V        ; 0 in              ; 0 H/in                  ; 0 F/in                  ; short         ; -                   ; open           ; open             ; open   ; 0 in             ; 0 H/in                 ; 0 F/in                 ; short        ; open          ; open            ; open  ; 0 V                 ; -                  ; n/a           ; n/a             ; n/a         ;
; sine_out[4]   ; 2.5 V        ; 0 in              ; 0 H/in                  ; 0 F/in                  ; short         ; -                   ; open           ; open             ; open   ; 0 in             ; 0 H/in                 ; 0 F/in                 ; short        ; open          ; open            ; open  ; 0 V                 ; -                  ; n/a           ; n/a             ; n/a         ;
; sine_out[5]   ; 2.5 V        ; 0 in              ; 0 H/in                  ; 0 F/in                  ; short         ; -                   ; open           ; open             ; open   ; 0 in             ; 0 H/in                 ; 0 F/in                 ; short        ; open          ; open            ; open  ; 0 V                 ; -                  ; n/a           ; n/a             ; n/a         ;
; sine_out[6]   ; 2.5 V        ; 0 in              ; 0 H/in                  ; 0 F/in                  ; short         ; -                   ; open           ; open             ; open   ; 0 in             ; 0 H/in                 ; 0 F/in                 ; short        ; open          ; open            ; open  ; 0 V                 ; -                  ; n/a           ; n/a             ; n/a         ;
; sine_out[7]   ; 2.5 V        ; 0 in              ; 0 H/in                  ; 0 F/in                  ; short         ; -                   ; open           ; open             ; open   ; 0 in             ; 0 H/in                 ; 0 F/in                 ; short        ; open          ; open            ; open  ; 0 V                 ; -                  ; n/a           ; n/a             ; n/a         ;
; sine_out[8]   ; 2.5 V        ; 0 in              ; 0 H/in                  ; 0 F/in                  ; short         ; -                   ; open           ; open             ; open   ; 0 in             ; 0 H/in                 ; 0 F/in                 ; short        ; open          ; open            ; open  ; 0 V                 ; -                  ; n/a           ; n/a             ; n/a         ;
; sine_out[9]   ; 2.5 V        ; 0 in              ; 0 H/in                  ; 0 F/in                  ; short         ; -                   ; open           ; open             ; open   ; 0 in             ; 0 H/in                 ; 0 F/in                 ; short        ; open          ; open            ; open  ; 0 V                 ; -                  ; n/a           ; n/a             ; n/a         ;
; sine_out[10]  ; 2.5 V        ; 0 in              ; 0 H/in                  ; 0 F/in                  ; short         ; -                   ; open           ; open             ; open   ; 0 in             ; 0 H/in                 ; 0 F/in                 ; short        ; open          ; open            ; open  ; 0 V                 ; -                  ; n/a           ; n/a             ; n/a         ;
; sine_out[11]  ; 2.5 V        ; 0 in              ; 0 H/in                  ; 0 F/in                  ; short         ; -                   ; open           ; open             ; open   ; 0 in             ; 0 H/in                 ; 0 F/in                 ; short        ; open          ; open            ; open  ; 0 V                 ; -                  ; n/a           ; n/a             ; n/a         ;
; sine_out[12]  ; 2.5 V        ; 0 in              ; 0 H/in                  ; 0 F/in                  ; short         ; -                   ; open           ; open             ; open   ; 0 in             ; 0 H/in                 ; 0 F/in                 ; short        ; open          ; open            ; open  ; 0 V                 ; -                  ; n/a           ; n/a             ; n/a         ;
; sine_out[13]  ; 2.5 V        ; 0 in              ; 0 H/in                  ; 0 F/in                  ; short         ; -                   ; open           ; open             ; open   ; 0 in             ; 0 H/in                 ; 0 F/in                 ; short        ; open          ; open            ; open  ; 0 V                 ; -                  ; n/a           ; n/a             ; n/a         ;
; baseband_out  ; 2.5 V        ; 0 in              ; 0 H/in                  ; 0 F/in                  ; short         ; -                   ; open           ; open             ; open   ; 0 in             ; 0 H/in                 ; 0 F/in                 ; short        ; open          ; open            ; open  ; 0 V                 ; -                  ; n/a           ; n/a             ; n/a         ;
; seg[0]        ; 2.5 V        ; 0 in              ; 0 H/in                  ; 0 F/in                  ; short         ; -                   ; open           ; open             ; open   ; 0 in             ; 0 H/in                 ; 0 F/in                 ; short        ; open          ; open            ; open  ; 0 V                 ; -                  ; n/a           ; n/a             ; n/a         ;
; seg[1]        ; 2.5 V        ; 0 in              ; 0 H/in                  ; 0 F/in                  ; short         ; -                   ; open           ; open             ; open   ; 0 in             ; 0 H/in                 ; 0 F/in                 ; short        ; open          ; open            ; open  ; 0 V                 ; -                  ; n/a           ; n/a             ; n/a         ;
; seg[2]        ; 2.5 V        ; 0 in              ; 0 H/in                  ; 0 F/in                  ; short         ; -                   ; open           ; open             ; open   ; 0 in             ; 0 H/in                 ; 0 F/in                 ; short        ; open          ; open            ; open  ; 0 V                 ; -                  ; n/a           ; n/a             ; n/a         ;
; seg[3]        ; 2.5 V        ; 0 in              ; 0 H/in                  ; 0 F/in                  ; short         ; -                   ; open           ; open             ; open   ; 0 in             ; 0 H/in                 ; 0 F/in                 ; short        ; open          ; open            ; open  ; 0 V                 ; -                  ; n/a           ; n/a             ; n/a         ;
; seg[4]        ; 2.5 V        ; 0 in              ; 0 H/in                  ; 0 F/in                  ; short         ; -                   ; open           ; open             ; open   ; 0 in             ; 0 H/in                 ; 0 F/in                 ; short        ; open          ; open            ; open  ; 0 V                 ; -                  ; n/a           ; n/a             ; n/a         ;
; seg[5]        ; 2.5 V        ; 0 in              ; 0 H/in                  ; 0 F/in                  ; short         ; -                   ; open           ; open             ; open   ; 0 in             ; 0 H/in                 ; 0 F/in                 ; short        ; open          ; open            ; open  ; 0 V                 ; -                  ; n/a           ; n/a             ; n/a         ;
; seg[6]        ; 2.5 V        ; 0 in              ; 0 H/in                  ; 0 F/in                  ; short         ; -                   ; open           ; open             ; open   ; 0 in             ; 0 H/in                 ; 0 F/in                 ; short        ; open          ; open            ; open  ; 0 V                 ; -                  ; n/a           ; n/a             ; n/a         ;
; seg[7]        ; 2.5 V        ; 0 in              ; 0 H/in                  ; 0 F/in                  ; short         ; -                   ; open           ; open             ; open   ; 0 in             ; 0 H/in                 ; 0 F/in                 ; short        ; open          ; open            ; open  ; 0 V                 ; -                  ; n/a           ; n/a             ; n/a         ;
; sel[0]        ; 2.5 V        ; 0 in              ; 0 H/in                  ; 0 F/in                  ; short         ; -                   ; open           ; open             ; open   ; 0 in             ; 0 H/in                 ; 0 F/in                 ; short        ; open          ; open            ; open  ; 0 V                 ; -                  ; n/a           ; n/a             ; n/a         ;
; sel[1]        ; 2.5 V        ; 0 in              ; 0 H/in                  ; 0 F/in                  ; short         ; -                   ; open           ; open             ; open   ; 0 in             ; 0 H/in                 ; 0 F/in                 ; short        ; open          ; open            ; open  ; 0 V                 ; -                  ; n/a           ; n/a             ; n/a         ;
; sel[2]        ; 2.5 V        ; 0 in              ; 0 H/in                  ; 0 F/in                  ; short         ; -                   ; open           ; open             ; open   ; 0 in             ; 0 H/in                 ; 0 F/in                 ; short        ; open          ; open            ; open  ; 0 V                 ; -                  ; n/a           ; n/a             ; n/a         ;
; sel[3]        ; 2.5 V        ; 0 in              ; 0 H/in                  ; 0 F/in                  ; short         ; -                   ; open           ; open             ; open   ; 0 in             ; 0 H/in                 ; 0 F/in                 ; short        ; open          ; open            ; open  ; 0 V                 ; -                  ; n/a           ; n/a             ; n/a         ;
; sel[4]        ; 2.5 V        ; 0 in              ; 0 H/in                  ; 0 F/in                  ; short         ; -                   ; open           ; open             ; open   ; 0 in             ; 0 H/in                 ; 0 F/in                 ; short        ; open          ; open            ; open  ; 0 V                 ; -                  ; n/a           ; n/a             ; n/a         ;
; sel[5]        ; 2.5 V        ; 0 in              ; 0 H/in                  ; 0 F/in                  ; short         ; -                   ; open           ; open             ; open   ; 0 in             ; 0 H/in                 ; 0 F/in                 ; short        ; open          ; open            ; open  ; 0 V                 ; -                  ; n/a           ; n/a             ; n/a         ;
; out_dacclk    ; 2.5 V        ; 0 in              ; 0 H/in                  ; 0 F/in                  ; short         ; -                   ; open           ; open             ; open   ; 0 in             ; 0 H/in                 ; 0 F/in                 ; short        ; open          ; open            ; open  ; 0 V                 ; -                  ; n/a           ; n/a             ; n/a         ;
; locked        ; 2.5 V        ; 0 in              ; 0 H/in                  ; 0 F/in                  ; short         ; -                   ; open           ; open             ; open   ; 0 in             ; 0 H/in                 ; 0 F/in                 ; short        ; open          ; open            ; open  ; 0 V                 ; -                  ; n/a           ; n/a             ; n/a         ;
; pwm_out       ; 2.5 V        ; 0 in              ; 0 H/in                  ; 0 F/in                  ; short         ; -                   ; open           ; open             ; open   ; 0 in             ; 0 H/in                 ; 0 F/in                 ; short        ; open          ; open            ; open  ; 0 V                 ; -                  ; n/a           ; n/a             ; n/a         ;
; ~ALTERA_DCLK~ ; 2.5 V        ; 0 in              ; 0 H/in                  ; 0 F/in                  ; short         ; -                   ; open           ; open             ; open   ; 0 in             ; 0 H/in                 ; 0 F/in                 ; short        ; open          ; open            ; open  ; 0 V                 ; -                  ; n/a           ; n/a             ; n/a         ;
; ~ALTERA_nCEO~ ; 2.5 V        ; 0 in              ; 0 H/in                  ; 0 F/in                  ; short         ; -                   ; open           ; open             ; open   ; 0 in             ; 0 H/in                 ; 0 F/in                 ; short        ; open          ; open            ; open  ; 0 V                 ; -                  ; n/a           ; n/a             ; n/a         ;
+---------------+--------------+-------------------+-------------------------+-------------------------+---------------+---------------------+----------------+------------------+--------+------------------+------------------------+------------------------+--------------+---------------+-----------------+-------+---------------------+--------------------+---------------+-----------------+-------------+


+----------------------------------------------------------------------------+
; Input Transition Times                                                     ;
+-------------------------+--------------+-----------------+-----------------+
; Pin                     ; I/O Standard ; 10-90 Rise Time ; 90-10 Fall Time ;
+-------------------------+--------------+-----------------+-----------------+
; sw_ask                  ; 2.5 V        ; 2000 ps         ; 2000 ps         ;
; sw_psk                  ; 2.5 V        ; 2000 ps         ; 2000 ps         ;
; sw_liss                 ; 2.5 V        ; 2000 ps         ; 2000 ps         ;
; sw_change_a             ; 2.5 V        ; 2000 ps         ; 2000 ps         ;
; switch                  ; 2.5 V        ; 2000 ps         ; 2000 ps         ;
; clk                     ; 2.5 V        ; 2000 ps         ; 2000 ps         ;
; rst_n                   ; 2.5 V        ; 2000 ps         ; 2000 ps         ;
; uart_rx                 ; 2.5 V        ; 2000 ps         ; 2000 ps         ;
; ~ALTERA_ASDO_DATA1~     ; 2.5 V        ; 2000 ps         ; 2000 ps         ;
; ~ALTERA_FLASH_nCE_nCSO~ ; 2.5 V        ; 2000 ps         ; 2000 ps         ;
; ~ALTERA_DATA0~          ; 2.5 V        ; 2000 ps         ; 2000 ps         ;
+-------------------------+--------------+-----------------+-----------------+


+--------------------------------------------------------------------------------------------------------------------------------------------------------------------------------------------------------------------------------------------------------------------------------------------------------------------------------------------------------------------------------------------------------------------------------------------------------------------------------------------------------------------------------------------------------------------------------------------------------------------------------------------------------------------------------------------+
; Signal Integrity Metrics (Slow 1200mv 0c Model)                                                                                                                                                                                                                                                                                                                                                                                                                                                                                                                                                                                                                                            ;
+---------------+--------------+---------------------+---------------------+------------------------------+------------------------------+---------------------+---------------------+--------------------------------------+--------------------------------------+-----------------------------+-----------------------------+----------------------------+----------------------------+-----------------------------+-----------------------------+--------------------+--------------------+-------------------------------------+-------------------------------------+----------------------------+----------------------------+---------------------------+---------------------------+
; Pin           ; I/O Standard ; Board Delay on Rise ; Board Delay on Fall ; Steady State Voh at FPGA Pin ; Steady State Vol at FPGA Pin ; Voh Max at FPGA Pin ; Vol Min at FPGA Pin ; Ringback Voltage on Rise at FPGA Pin ; Ringback Voltage on Fall at FPGA Pin ; 10-90 Rise Time at FPGA Pin ; 90-10 Fall Time at FPGA Pin ; Monotonic Rise at FPGA Pin ; Monotonic Fall at FPGA Pin ; Steady State Voh at Far-end ; Steady State Vol at Far-end ; Voh Max at Far-end ; Vol Min at Far-end ; Ringback Voltage on Rise at Far-end ; Ringback Voltage on Fall at Far-end ; 10-90 Rise Time at Far-end ; 90-10 Fall Time at Far-end ; Monotonic Rise at Far-end ; Monotonic Fall at Far-end ;
+---------------+--------------+---------------------+---------------------+------------------------------+------------------------------+---------------------+---------------------+--------------------------------------+--------------------------------------+-----------------------------+-----------------------------+----------------------------+----------------------------+-----------------------------+-----------------------------+--------------------+--------------------+-------------------------------------+-------------------------------------+----------------------------+----------------------------+---------------------------+---------------------------+
; led           ; 2.5 V        ; 0 s                 ; 0 s                 ; 2.32 V                       ; 2.8e-09 V                    ; 2.37 V              ; -0.00373 V          ; 0.104 V                              ; 0.011 V                              ; 4.34e-10 s                  ; 3.82e-10 s                  ; Yes                        ; Yes                        ; 2.32 V                      ; 2.8e-09 V                   ; 2.37 V             ; -0.00373 V         ; 0.104 V                             ; 0.011 V                             ; 4.34e-10 s                 ; 3.82e-10 s                 ; Yes                       ; Yes                       ;
; sine_out[0]   ; 2.5 V        ; 0 s                 ; 0 s                 ; 2.32 V                       ; 2.8e-09 V                    ; 2.37 V              ; -0.00373 V          ; 0.104 V                              ; 0.011 V                              ; 4.34e-10 s                  ; 3.82e-10 s                  ; Yes                        ; Yes                        ; 2.32 V                      ; 2.8e-09 V                   ; 2.37 V             ; -0.00373 V         ; 0.104 V                             ; 0.011 V                             ; 4.34e-10 s                 ; 3.82e-10 s                 ; Yes                       ; Yes                       ;
; sine_out[1]   ; 2.5 V        ; 0 s                 ; 0 s                 ; 2.32 V                       ; 2.8e-09 V                    ; 2.37 V              ; -0.00373 V          ; 0.104 V                              ; 0.011 V                              ; 4.34e-10 s                  ; 3.82e-10 s                  ; Yes                        ; Yes                        ; 2.32 V                      ; 2.8e-09 V                   ; 2.37 V             ; -0.00373 V         ; 0.104 V                             ; 0.011 V                             ; 4.34e-10 s                 ; 3.82e-10 s                 ; Yes                       ; Yes                       ;
; sine_out[2]   ; 2.5 V        ; 0 s                 ; 0 s                 ; 2.32 V                       ; 2.8e-09 V                    ; 2.37 V              ; -0.00373 V          ; 0.104 V                              ; 0.011 V                              ; 4.34e-10 s                  ; 3.82e-10 s                  ; Yes                        ; Yes                        ; 2.32 V                      ; 2.8e-09 V                   ; 2.37 V             ; -0.00373 V         ; 0.104 V                             ; 0.011 V                             ; 4.34e-10 s                 ; 3.82e-10 s                 ; Yes                       ; Yes                       ;
; sine_out[3]   ; 2.5 V        ; 0 s                 ; 0 s                 ; 2.32 V                       ; 2.8e-09 V                    ; 2.37 V              ; -0.00373 V          ; 0.104 V                              ; 0.011 V                              ; 4.34e-10 s                  ; 3.82e-10 s                  ; Yes                        ; Yes                        ; 2.32 V                      ; 2.8e-09 V                   ; 2.37 V             ; -0.00373 V         ; 0.104 V                             ; 0.011 V                             ; 4.34e-10 s                 ; 3.82e-10 s                 ; Yes                       ; Yes                       ;
; sine_out[4]   ; 2.5 V        ; 0 s                 ; 0 s                 ; 2.32 V                       ; 2.8e-09 V                    ; 2.37 V              ; -0.00373 V          ; 0.104 V                              ; 0.011 V                              ; 4.34e-10 s                  ; 3.82e-10 s                  ; Yes                        ; Yes                        ; 2.32 V                      ; 2.8e-09 V                   ; 2.37 V             ; -0.00373 V         ; 0.104 V                             ; 0.011 V                             ; 4.34e-10 s                 ; 3.82e-10 s                 ; Yes                       ; Yes                       ;
; sine_out[5]   ; 2.5 V        ; 0 s                 ; 0 s                 ; 2.32 V                       ; 2.8e-09 V                    ; 2.37 V              ; -0.00373 V          ; 0.104 V                              ; 0.011 V                              ; 4.34e-10 s                  ; 3.82e-10 s                  ; Yes                        ; Yes                        ; 2.32 V                      ; 2.8e-09 V                   ; 2.37 V             ; -0.00373 V         ; 0.104 V                             ; 0.011 V                             ; 4.34e-10 s                 ; 3.82e-10 s                 ; Yes                       ; Yes                       ;
; sine_out[6]   ; 2.5 V        ; 0 s                 ; 0 s                 ; 2.32 V                       ; 2.8e-09 V                    ; 2.37 V              ; -0.00373 V          ; 0.104 V                              ; 0.011 V                              ; 4.34e-10 s                  ; 3.82e-10 s                  ; Yes                        ; Yes                        ; 2.32 V                      ; 2.8e-09 V                   ; 2.37 V             ; -0.00373 V         ; 0.104 V                             ; 0.011 V                             ; 4.34e-10 s                 ; 3.82e-10 s                 ; Yes                       ; Yes                       ;
; sine_out[7]   ; 2.5 V        ; 0 s                 ; 0 s                 ; 2.32 V                       ; 2.8e-09 V                    ; 2.37 V              ; -0.00373 V          ; 0.104 V                              ; 0.011 V                              ; 4.34e-10 s                  ; 3.82e-10 s                  ; Yes                        ; Yes                        ; 2.32 V                      ; 2.8e-09 V                   ; 2.37 V             ; -0.00373 V         ; 0.104 V                             ; 0.011 V                             ; 4.34e-10 s                 ; 3.82e-10 s                 ; Yes                       ; Yes                       ;
; sine_out[8]   ; 2.5 V        ; 0 s                 ; 0 s                 ; 2.32 V                       ; 2.8e-09 V                    ; 2.37 V              ; -0.00373 V          ; 0.104 V                              ; 0.011 V                              ; 4.34e-10 s                  ; 3.82e-10 s                  ; Yes                        ; Yes                        ; 2.32 V                      ; 2.8e-09 V                   ; 2.37 V             ; -0.00373 V         ; 0.104 V                             ; 0.011 V                             ; 4.34e-10 s                 ; 3.82e-10 s                 ; Yes                       ; Yes                       ;
; sine_out[9]   ; 2.5 V        ; 0 s                 ; 0 s                 ; 2.32 V                       ; 2.8e-09 V                    ; 2.37 V              ; -0.00373 V          ; 0.104 V                              ; 0.011 V                              ; 4.34e-10 s                  ; 3.82e-10 s                  ; Yes                        ; Yes                        ; 2.32 V                      ; 2.8e-09 V                   ; 2.37 V             ; -0.00373 V         ; 0.104 V                             ; 0.011 V                             ; 4.34e-10 s                 ; 3.82e-10 s                 ; Yes                       ; Yes                       ;
; sine_out[10]  ; 2.5 V        ; 0 s                 ; 0 s                 ; 2.32 V                       ; 2.8e-09 V                    ; 2.37 V              ; -0.00373 V          ; 0.104 V                              ; 0.011 V                              ; 4.34e-10 s                  ; 3.82e-10 s                  ; Yes                        ; Yes                        ; 2.32 V                      ; 2.8e-09 V                   ; 2.37 V             ; -0.00373 V         ; 0.104 V                             ; 0.011 V                             ; 4.34e-10 s                 ; 3.82e-10 s                 ; Yes                       ; Yes                       ;
; sine_out[11]  ; 2.5 V        ; 0 s                 ; 0 s                 ; 2.32 V                       ; 2.8e-09 V                    ; 2.37 V              ; -0.00373 V          ; 0.104 V                              ; 0.011 V                              ; 4.34e-10 s                  ; 3.82e-10 s                  ; Yes                        ; Yes                        ; 2.32 V                      ; 2.8e-09 V                   ; 2.37 V             ; -0.00373 V         ; 0.104 V                             ; 0.011 V                             ; 4.34e-10 s                 ; 3.82e-10 s                 ; Yes                       ; Yes                       ;
; sine_out[12]  ; 2.5 V        ; 0 s                 ; 0 s                 ; 2.32 V                       ; 2.8e-09 V                    ; 2.37 V              ; -0.00373 V          ; 0.104 V                              ; 0.011 V                              ; 4.34e-10 s                  ; 3.82e-10 s                  ; Yes                        ; Yes                        ; 2.32 V                      ; 2.8e-09 V                   ; 2.37 V             ; -0.00373 V         ; 0.104 V                             ; 0.011 V                             ; 4.34e-10 s                 ; 3.82e-10 s                 ; Yes                       ; Yes                       ;
; sine_out[13]  ; 2.5 V        ; 0 s                 ; 0 s                 ; 2.32 V                       ; 2.8e-09 V                    ; 2.37 V              ; -0.00373 V          ; 0.104 V                              ; 0.011 V                              ; 4.34e-10 s                  ; 3.82e-10 s                  ; Yes                        ; Yes                        ; 2.32 V                      ; 2.8e-09 V                   ; 2.37 V             ; -0.00373 V         ; 0.104 V                             ; 0.011 V                             ; 4.34e-10 s                 ; 3.82e-10 s                 ; Yes                       ; Yes                       ;
; baseband_out  ; 2.5 V        ; 0 s                 ; 0 s                 ; 2.32 V                       ; 2.8e-09 V                    ; 2.37 V              ; -0.00373 V          ; 0.104 V                              ; 0.011 V                              ; 4.34e-10 s                  ; 3.82e-10 s                  ; Yes                        ; Yes                        ; 2.32 V                      ; 2.8e-09 V                   ; 2.37 V             ; -0.00373 V         ; 0.104 V                             ; 0.011 V                             ; 4.34e-10 s                 ; 3.82e-10 s                 ; Yes                       ; Yes                       ;
; seg[0]        ; 2.5 V        ; 0 s                 ; 0 s                 ; 2.32 V                       ; 2.8e-09 V                    ; 2.37 V              ; -0.00373 V          ; 0.104 V                              ; 0.011 V                              ; 4.34e-10 s                  ; 3.82e-10 s                  ; Yes                        ; Yes                        ; 2.32 V                      ; 2.8e-09 V                   ; 2.37 V             ; -0.00373 V         ; 0.104 V                             ; 0.011 V                             ; 4.34e-10 s                 ; 3.82e-10 s                 ; Yes                       ; Yes                       ;
; seg[1]        ; 2.5 V        ; 0 s                 ; 0 s                 ; 2.32 V                       ; 2.8e-09 V                    ; 2.37 V              ; -0.00373 V          ; 0.104 V                              ; 0.011 V                              ; 4.34e-10 s                  ; 3.82e-10 s                  ; Yes                        ; Yes                        ; 2.32 V                      ; 2.8e-09 V                   ; 2.37 V             ; -0.00373 V         ; 0.104 V                             ; 0.011 V                             ; 4.34e-10 s                 ; 3.82e-10 s                 ; Yes                       ; Yes                       ;
; seg[2]        ; 2.5 V        ; 0 s                 ; 0 s                 ; 2.32 V                       ; 2.8e-09 V                    ; 2.37 V              ; -0.00373 V          ; 0.104 V                              ; 0.011 V                              ; 4.34e-10 s                  ; 3.82e-10 s                  ; Yes                        ; Yes                        ; 2.32 V                      ; 2.8e-09 V                   ; 2.37 V             ; -0.00373 V         ; 0.104 V                             ; 0.011 V                             ; 4.34e-10 s                 ; 3.82e-10 s                 ; Yes                       ; Yes                       ;
; seg[3]        ; 2.5 V        ; 0 s                 ; 0 s                 ; 2.32 V                       ; 2.8e-09 V                    ; 2.37 V              ; -0.00373 V          ; 0.104 V                              ; 0.011 V                              ; 4.34e-10 s                  ; 3.82e-10 s                  ; Yes                        ; Yes                        ; 2.32 V                      ; 2.8e-09 V                   ; 2.37 V             ; -0.00373 V         ; 0.104 V                             ; 0.011 V                             ; 4.34e-10 s                 ; 3.82e-10 s                 ; Yes                       ; Yes                       ;
; seg[4]        ; 2.5 V        ; 0 s                 ; 0 s                 ; 2.32 V                       ; 2.8e-09 V                    ; 2.37 V              ; -0.00373 V          ; 0.104 V                              ; 0.011 V                              ; 4.34e-10 s                  ; 3.82e-10 s                  ; Yes                        ; Yes                        ; 2.32 V                      ; 2.8e-09 V                   ; 2.37 V             ; -0.00373 V         ; 0.104 V                             ; 0.011 V                             ; 4.34e-10 s                 ; 3.82e-10 s                 ; Yes                       ; Yes                       ;
; seg[5]        ; 2.5 V        ; 0 s                 ; 0 s                 ; 2.32 V                       ; 2.8e-09 V                    ; 2.37 V              ; -0.00373 V          ; 0.104 V                              ; 0.011 V                              ; 4.34e-10 s                  ; 3.82e-10 s                  ; Yes                        ; Yes                        ; 2.32 V                      ; 2.8e-09 V                   ; 2.37 V             ; -0.00373 V         ; 0.104 V                             ; 0.011 V                             ; 4.34e-10 s                 ; 3.82e-10 s                 ; Yes                       ; Yes                       ;
; seg[6]        ; 2.5 V        ; 0 s                 ; 0 s                 ; 2.32 V                       ; 2.8e-09 V                    ; 2.37 V              ; -0.00373 V          ; 0.104 V                              ; 0.011 V                              ; 4.34e-10 s                  ; 3.82e-10 s                  ; Yes                        ; Yes                        ; 2.32 V                      ; 2.8e-09 V                   ; 2.37 V             ; -0.00373 V         ; 0.104 V                             ; 0.011 V                             ; 4.34e-10 s                 ; 3.82e-10 s                 ; Yes                       ; Yes                       ;
; seg[7]        ; 2.5 V        ; 0 s                 ; 0 s                 ; 2.32 V                       ; 2.8e-09 V                    ; 2.37 V              ; -0.00373 V          ; 0.104 V                              ; 0.011 V                              ; 4.34e-10 s                  ; 3.82e-10 s                  ; Yes                        ; Yes                        ; 2.32 V                      ; 2.8e-09 V                   ; 2.37 V             ; -0.00373 V         ; 0.104 V                             ; 0.011 V                             ; 4.34e-10 s                 ; 3.82e-10 s                 ; Yes                       ; Yes                       ;
; sel[0]        ; 2.5 V        ; 0 s                 ; 0 s                 ; 2.32 V                       ; 2.8e-09 V                    ; 2.37 V              ; -0.00373 V          ; 0.104 V                              ; 0.011 V                              ; 4.34e-10 s                  ; 3.82e-10 s                  ; Yes                        ; Yes                        ; 2.32 V                      ; 2.8e-09 V                   ; 2.37 V             ; -0.00373 V         ; 0.104 V                             ; 0.011 V                             ; 4.34e-10 s                 ; 3.82e-10 s                 ; Yes                       ; Yes                       ;
; sel[1]        ; 2.5 V        ; 0 s                 ; 0 s                 ; 2.32 V                       ; 2.8e-09 V                    ; 2.33 V              ; -0.00425 V          ; 0.168 V                              ; 0.058 V                              ; 3.12e-09 s                  ; 2.87e-09 s                  ; Yes                        ; Yes                        ; 2.32 V                      ; 2.8e-09 V                   ; 2.33 V             ; -0.00425 V         ; 0.168 V                             ; 0.058 V                             ; 3.12e-09 s                 ; 2.87e-09 s                 ; Yes                       ; Yes                       ;
; sel[2]        ; 2.5 V        ; 0 s                 ; 0 s                 ; 2.32 V                       ; 2.8e-09 V                    ; 2.37 V              ; -0.00373 V          ; 0.104 V                              ; 0.011 V                              ; 4.34e-10 s                  ; 3.82e-10 s                  ; Yes                        ; Yes                        ; 2.32 V                      ; 2.8e-09 V                   ; 2.37 V             ; -0.00373 V         ; 0.104 V                             ; 0.011 V                             ; 4.34e-10 s                 ; 3.82e-10 s                 ; Yes                       ; Yes                       ;
; sel[3]        ; 2.5 V        ; 0 s                 ; 0 s                 ; 2.32 V                       ; 2.07e-09 V                   ; 2.38 V              ; -0.0073 V           ; 0.097 V                              ; 0.018 V                              ; 4.24e-10 s                  ; 3.65e-10 s                  ; No                         ; Yes                        ; 2.32 V                      ; 2.07e-09 V                  ; 2.38 V             ; -0.0073 V          ; 0.097 V                             ; 0.018 V                             ; 4.24e-10 s                 ; 3.65e-10 s                 ; No                        ; Yes                       ;
; sel[4]        ; 2.5 V        ; 0 s                 ; 0 s                 ; 2.32 V                       ; 2.8e-09 V                    ; 2.37 V              ; -0.00373 V          ; 0.104 V                              ; 0.011 V                              ; 4.34e-10 s                  ; 3.82e-10 s                  ; Yes                        ; Yes                        ; 2.32 V                      ; 2.8e-09 V                   ; 2.37 V             ; -0.00373 V         ; 0.104 V                             ; 0.011 V                             ; 4.34e-10 s                 ; 3.82e-10 s                 ; Yes                       ; Yes                       ;
; sel[5]        ; 2.5 V        ; 0 s                 ; 0 s                 ; 2.32 V                       ; 2.8e-09 V                    ; 2.37 V              ; -0.00373 V          ; 0.104 V                              ; 0.011 V                              ; 4.34e-10 s                  ; 3.82e-10 s                  ; Yes                        ; Yes                        ; 2.32 V                      ; 2.8e-09 V                   ; 2.37 V             ; -0.00373 V         ; 0.104 V                             ; 0.011 V                             ; 4.34e-10 s                 ; 3.82e-10 s                 ; Yes                       ; Yes                       ;
; out_dacclk    ; 2.5 V        ; 0 s                 ; 0 s                 ; 2.32 V                       ; 2.8e-09 V                    ; 2.37 V              ; -0.00373 V          ; 0.104 V                              ; 0.011 V                              ; 4.34e-10 s                  ; 3.82e-10 s                  ; Yes                        ; Yes                        ; 2.32 V                      ; 2.8e-09 V                   ; 2.37 V             ; -0.00373 V         ; 0.104 V                             ; 0.011 V                             ; 4.34e-10 s                 ; 3.82e-10 s                 ; Yes                       ; Yes                       ;
; locked        ; 2.5 V        ; 0 s                 ; 0 s                 ; 2.32 V                       ; 2.07e-09 V                   ; 2.36 V              ; -0.00737 V          ; 0.209 V                              ; 0.012 V                              ; 5.22e-10 s                  ; 5.33e-10 s                  ; Yes                        ; Yes                        ; 2.32 V                      ; 2.07e-09 V                  ; 2.36 V             ; -0.00737 V         ; 0.209 V                             ; 0.012 V                             ; 5.22e-10 s                 ; 5.33e-10 s                 ; Yes                       ; Yes                       ;
; pwm_out       ; 2.5 V        ; 0 s                 ; 0 s                 ; 2.32 V                       ; 2.8e-09 V                    ; 2.37 V              ; -0.00373 V          ; 0.104 V                              ; 0.011 V                              ; 4.34e-10 s                  ; 3.82e-10 s                  ; Yes                        ; Yes                        ; 2.32 V                      ; 2.8e-09 V                   ; 2.37 V             ; -0.00373 V         ; 0.104 V                             ; 0.011 V                             ; 4.34e-10 s                 ; 3.82e-10 s                 ; Yes                       ; Yes                       ;
; ~ALTERA_DCLK~ ; 2.5 V        ; 0 s                 ; 0 s                 ; 2.32 V                       ; 1.74e-09 V                   ; 2.37 V              ; -0.0346 V           ; 0.198 V                              ; 0.094 V                              ; 3.14e-10 s                  ; 2.92e-10 s                  ; Yes                        ; Yes                        ; 2.32 V                      ; 1.74e-09 V                  ; 2.37 V             ; -0.0346 V          ; 0.198 V                             ; 0.094 V                             ; 3.14e-10 s                 ; 2.92e-10 s                 ; Yes                       ; Yes                       ;
; ~ALTERA_nCEO~ ; 2.5 V        ; 0 s                 ; 0 s                 ; 2.32 V                       ; 2.57e-09 V                   ; 2.37 V              ; -0.00683 V          ; 0.171 V                              ; 0.018 V                              ; 4.97e-10 s                  ; 6.66e-10 s                  ; Yes                        ; Yes                        ; 2.32 V                      ; 2.57e-09 V                  ; 2.37 V             ; -0.00683 V         ; 0.171 V                             ; 0.018 V                             ; 4.97e-10 s                 ; 6.66e-10 s                 ; Yes                       ; Yes                       ;
+---------------+--------------+---------------------+---------------------+------------------------------+------------------------------+---------------------+---------------------+--------------------------------------+--------------------------------------+-----------------------------+-----------------------------+----------------------------+----------------------------+-----------------------------+-----------------------------+--------------------+--------------------+-------------------------------------+-------------------------------------+----------------------------+----------------------------+---------------------------+---------------------------+


+--------------------------------------------------------------------------------------------------------------------------------------------------------------------------------------------------------------------------------------------------------------------------------------------------------------------------------------------------------------------------------------------------------------------------------------------------------------------------------------------------------------------------------------------------------------------------------------------------------------------------------------------------------------------------------------------+
; Signal Integrity Metrics (Slow 1200mv 85c Model)                                                                                                                                                                                                                                                                                                                                                                                                                                                                                                                                                                                                                                           ;
+---------------+--------------+---------------------+---------------------+------------------------------+------------------------------+---------------------+---------------------+--------------------------------------+--------------------------------------+-----------------------------+-----------------------------+----------------------------+----------------------------+-----------------------------+-----------------------------+--------------------+--------------------+-------------------------------------+-------------------------------------+----------------------------+----------------------------+---------------------------+---------------------------+
; Pin           ; I/O Standard ; Board Delay on Rise ; Board Delay on Fall ; Steady State Voh at FPGA Pin ; Steady State Vol at FPGA Pin ; Voh Max at FPGA Pin ; Vol Min at FPGA Pin ; Ringback Voltage on Rise at FPGA Pin ; Ringback Voltage on Fall at FPGA Pin ; 10-90 Rise Time at FPGA Pin ; 90-10 Fall Time at FPGA Pin ; Monotonic Rise at FPGA Pin ; Monotonic Fall at FPGA Pin ; Steady State Voh at Far-end ; Steady State Vol at Far-end ; Voh Max at Far-end ; Vol Min at Far-end ; Ringback Voltage on Rise at Far-end ; Ringback Voltage on Fall at Far-end ; 10-90 Rise Time at Far-end ; 90-10 Fall Time at Far-end ; Monotonic Rise at Far-end ; Monotonic Fall at Far-end ;
+---------------+--------------+---------------------+---------------------+------------------------------+------------------------------+---------------------+---------------------+--------------------------------------+--------------------------------------+-----------------------------+-----------------------------+----------------------------+----------------------------+-----------------------------+-----------------------------+--------------------+--------------------+-------------------------------------+-------------------------------------+----------------------------+----------------------------+---------------------------+---------------------------+
; led           ; 2.5 V        ; 0 s                 ; 0 s                 ; 2.32 V                       ; 2.85e-07 V                   ; 2.35 V              ; -0.0123 V           ; 0.144 V                              ; 0.042 V                              ; 4.81e-10 s                  ; 4.81e-10 s                  ; Yes                        ; Yes                        ; 2.32 V                      ; 2.85e-07 V                  ; 2.35 V             ; -0.0123 V          ; 0.144 V                             ; 0.042 V                             ; 4.81e-10 s                 ; 4.81e-10 s                 ; Yes                       ; Yes                       ;
; sine_out[0]   ; 2.5 V        ; 0 s                 ; 0 s                 ; 2.32 V                       ; 2.85e-07 V                   ; 2.35 V              ; -0.0123 V           ; 0.144 V                              ; 0.042 V                              ; 4.81e-10 s                  ; 4.81e-10 s                  ; Yes                        ; Yes                        ; 2.32 V                      ; 2.85e-07 V                  ; 2.35 V             ; -0.0123 V          ; 0.144 V                             ; 0.042 V                             ; 4.81e-10 s                 ; 4.81e-10 s                 ; Yes                       ; Yes                       ;
; sine_out[1]   ; 2.5 V        ; 0 s                 ; 0 s                 ; 2.32 V                       ; 2.85e-07 V                   ; 2.35 V              ; -0.0123 V           ; 0.144 V                              ; 0.042 V                              ; 4.81e-10 s                  ; 4.81e-10 s                  ; Yes                        ; Yes                        ; 2.32 V                      ; 2.85e-07 V                  ; 2.35 V             ; -0.0123 V          ; 0.144 V                             ; 0.042 V                             ; 4.81e-10 s                 ; 4.81e-10 s                 ; Yes                       ; Yes                       ;
; sine_out[2]   ; 2.5 V        ; 0 s                 ; 0 s                 ; 2.32 V                       ; 2.85e-07 V                   ; 2.35 V              ; -0.0123 V           ; 0.144 V                              ; 0.042 V                              ; 4.81e-10 s                  ; 4.81e-10 s                  ; Yes                        ; Yes                        ; 2.32 V                      ; 2.85e-07 V                  ; 2.35 V             ; -0.0123 V          ; 0.144 V                             ; 0.042 V                             ; 4.81e-10 s                 ; 4.81e-10 s                 ; Yes                       ; Yes                       ;
; sine_out[3]   ; 2.5 V        ; 0 s                 ; 0 s                 ; 2.32 V                       ; 2.85e-07 V                   ; 2.35 V              ; -0.0123 V           ; 0.144 V                              ; 0.042 V                              ; 4.81e-10 s                  ; 4.81e-10 s                  ; Yes                        ; Yes                        ; 2.32 V                      ; 2.85e-07 V                  ; 2.35 V             ; -0.0123 V          ; 0.144 V                             ; 0.042 V                             ; 4.81e-10 s                 ; 4.81e-10 s                 ; Yes                       ; Yes                       ;
; sine_out[4]   ; 2.5 V        ; 0 s                 ; 0 s                 ; 2.32 V                       ; 2.85e-07 V                   ; 2.35 V              ; -0.0123 V           ; 0.144 V                              ; 0.042 V                              ; 4.81e-10 s                  ; 4.81e-10 s                  ; Yes                        ; Yes                        ; 2.32 V                      ; 2.85e-07 V                  ; 2.35 V             ; -0.0123 V          ; 0.144 V                             ; 0.042 V                             ; 4.81e-10 s                 ; 4.81e-10 s                 ; Yes                       ; Yes                       ;
; sine_out[5]   ; 2.5 V        ; 0 s                 ; 0 s                 ; 2.32 V                       ; 2.85e-07 V                   ; 2.35 V              ; -0.0123 V           ; 0.144 V                              ; 0.042 V                              ; 4.81e-10 s                  ; 4.81e-10 s                  ; Yes                        ; Yes                        ; 2.32 V                      ; 2.85e-07 V                  ; 2.35 V             ; -0.0123 V          ; 0.144 V                             ; 0.042 V                             ; 4.81e-10 s                 ; 4.81e-10 s                 ; Yes                       ; Yes                       ;
; sine_out[6]   ; 2.5 V        ; 0 s                 ; 0 s                 ; 2.32 V                       ; 2.85e-07 V                   ; 2.35 V              ; -0.0123 V           ; 0.144 V                              ; 0.042 V                              ; 4.81e-10 s                  ; 4.81e-10 s                  ; Yes                        ; Yes                        ; 2.32 V                      ; 2.85e-07 V                  ; 2.35 V             ; -0.0123 V          ; 0.144 V                             ; 0.042 V                             ; 4.81e-10 s                 ; 4.81e-10 s                 ; Yes                       ; Yes                       ;
; sine_out[7]   ; 2.5 V        ; 0 s                 ; 0 s                 ; 2.32 V                       ; 2.85e-07 V                   ; 2.35 V              ; -0.0123 V           ; 0.144 V                              ; 0.042 V                              ; 4.81e-10 s                  ; 4.81e-10 s                  ; Yes                        ; Yes                        ; 2.32 V                      ; 2.85e-07 V                  ; 2.35 V             ; -0.0123 V          ; 0.144 V                             ; 0.042 V                             ; 4.81e-10 s                 ; 4.81e-10 s                 ; Yes                       ; Yes                       ;
; sine_out[8]   ; 2.5 V        ; 0 s                 ; 0 s                 ; 2.32 V                       ; 2.85e-07 V                   ; 2.35 V              ; -0.0123 V           ; 0.144 V                              ; 0.042 V                              ; 4.81e-10 s                  ; 4.81e-10 s                  ; Yes                        ; Yes                        ; 2.32 V                      ; 2.85e-07 V                  ; 2.35 V             ; -0.0123 V          ; 0.144 V                             ; 0.042 V                             ; 4.81e-10 s                 ; 4.81e-10 s                 ; Yes                       ; Yes                       ;
; sine_out[9]   ; 2.5 V        ; 0 s                 ; 0 s                 ; 2.32 V                       ; 2.85e-07 V                   ; 2.35 V              ; -0.0123 V           ; 0.144 V                              ; 0.042 V                              ; 4.81e-10 s                  ; 4.81e-10 s                  ; Yes                        ; Yes                        ; 2.32 V                      ; 2.85e-07 V                  ; 2.35 V             ; -0.0123 V          ; 0.144 V                             ; 0.042 V                             ; 4.81e-10 s                 ; 4.81e-10 s                 ; Yes                       ; Yes                       ;
; sine_out[10]  ; 2.5 V        ; 0 s                 ; 0 s                 ; 2.32 V                       ; 2.85e-07 V                   ; 2.35 V              ; -0.0123 V           ; 0.144 V                              ; 0.042 V                              ; 4.81e-10 s                  ; 4.81e-10 s                  ; Yes                        ; Yes                        ; 2.32 V                      ; 2.85e-07 V                  ; 2.35 V             ; -0.0123 V          ; 0.144 V                             ; 0.042 V                             ; 4.81e-10 s                 ; 4.81e-10 s                 ; Yes                       ; Yes                       ;
; sine_out[11]  ; 2.5 V        ; 0 s                 ; 0 s                 ; 2.32 V                       ; 2.85e-07 V                   ; 2.35 V              ; -0.0123 V           ; 0.144 V                              ; 0.042 V                              ; 4.81e-10 s                  ; 4.81e-10 s                  ; Yes                        ; Yes                        ; 2.32 V                      ; 2.85e-07 V                  ; 2.35 V             ; -0.0123 V          ; 0.144 V                             ; 0.042 V                             ; 4.81e-10 s                 ; 4.81e-10 s                 ; Yes                       ; Yes                       ;
; sine_out[12]  ; 2.5 V        ; 0 s                 ; 0 s                 ; 2.32 V                       ; 2.85e-07 V                   ; 2.35 V              ; -0.0123 V           ; 0.144 V                              ; 0.042 V                              ; 4.81e-10 s                  ; 4.81e-10 s                  ; Yes                        ; Yes                        ; 2.32 V                      ; 2.85e-07 V                  ; 2.35 V             ; -0.0123 V          ; 0.144 V                             ; 0.042 V                             ; 4.81e-10 s                 ; 4.81e-10 s                 ; Yes                       ; Yes                       ;
; sine_out[13]  ; 2.5 V        ; 0 s                 ; 0 s                 ; 2.32 V                       ; 2.85e-07 V                   ; 2.35 V              ; -0.0123 V           ; 0.144 V                              ; 0.042 V                              ; 4.81e-10 s                  ; 4.81e-10 s                  ; Yes                        ; Yes                        ; 2.32 V                      ; 2.85e-07 V                  ; 2.35 V             ; -0.0123 V          ; 0.144 V                             ; 0.042 V                             ; 4.81e-10 s                 ; 4.81e-10 s                 ; Yes                       ; Yes                       ;
; baseband_out  ; 2.5 V        ; 0 s                 ; 0 s                 ; 2.32 V                       ; 2.85e-07 V                   ; 2.35 V              ; -0.0123 V           ; 0.144 V                              ; 0.042 V                              ; 4.81e-10 s                  ; 4.81e-10 s                  ; Yes                        ; Yes                        ; 2.32 V                      ; 2.85e-07 V                  ; 2.35 V             ; -0.0123 V          ; 0.144 V                             ; 0.042 V                             ; 4.81e-10 s                 ; 4.81e-10 s                 ; Yes                       ; Yes                       ;
; seg[0]        ; 2.5 V        ; 0 s                 ; 0 s                 ; 2.32 V                       ; 2.85e-07 V                   ; 2.35 V              ; -0.0123 V           ; 0.144 V                              ; 0.042 V                              ; 4.81e-10 s                  ; 4.81e-10 s                  ; Yes                        ; Yes                        ; 2.32 V                      ; 2.85e-07 V                  ; 2.35 V             ; -0.0123 V          ; 0.144 V                             ; 0.042 V                             ; 4.81e-10 s                 ; 4.81e-10 s                 ; Yes                       ; Yes                       ;
; seg[1]        ; 2.5 V        ; 0 s                 ; 0 s                 ; 2.32 V                       ; 2.85e-07 V                   ; 2.35 V              ; -0.0123 V           ; 0.144 V                              ; 0.042 V                              ; 4.81e-10 s                  ; 4.81e-10 s                  ; Yes                        ; Yes                        ; 2.32 V                      ; 2.85e-07 V                  ; 2.35 V             ; -0.0123 V          ; 0.144 V                             ; 0.042 V                             ; 4.81e-10 s                 ; 4.81e-10 s                 ; Yes                       ; Yes                       ;
; seg[2]        ; 2.5 V        ; 0 s                 ; 0 s                 ; 2.32 V                       ; 2.85e-07 V                   ; 2.35 V              ; -0.0123 V           ; 0.144 V                              ; 0.042 V                              ; 4.81e-10 s                  ; 4.81e-10 s                  ; Yes                        ; Yes                        ; 2.32 V                      ; 2.85e-07 V                  ; 2.35 V             ; -0.0123 V          ; 0.144 V                             ; 0.042 V                             ; 4.81e-10 s                 ; 4.81e-10 s                 ; Yes                       ; Yes                       ;
; seg[3]        ; 2.5 V        ; 0 s                 ; 0 s                 ; 2.32 V                       ; 2.85e-07 V                   ; 2.35 V              ; -0.0123 V           ; 0.144 V                              ; 0.042 V                              ; 4.81e-10 s                  ; 4.81e-10 s                  ; Yes                        ; Yes                        ; 2.32 V                      ; 2.85e-07 V                  ; 2.35 V             ; -0.0123 V          ; 0.144 V                             ; 0.042 V                             ; 4.81e-10 s                 ; 4.81e-10 s                 ; Yes                       ; Yes                       ;
; seg[4]        ; 2.5 V        ; 0 s                 ; 0 s                 ; 2.32 V                       ; 2.85e-07 V                   ; 2.35 V              ; -0.0123 V           ; 0.144 V                              ; 0.042 V                              ; 4.81e-10 s                  ; 4.81e-10 s                  ; Yes                        ; Yes                        ; 2.32 V                      ; 2.85e-07 V                  ; 2.35 V             ; -0.0123 V          ; 0.144 V                             ; 0.042 V                             ; 4.81e-10 s                 ; 4.81e-10 s                 ; Yes                       ; Yes                       ;
; seg[5]        ; 2.5 V        ; 0 s                 ; 0 s                 ; 2.32 V                       ; 2.85e-07 V                   ; 2.35 V              ; -0.0123 V           ; 0.144 V                              ; 0.042 V                              ; 4.81e-10 s                  ; 4.81e-10 s                  ; Yes                        ; Yes                        ; 2.32 V                      ; 2.85e-07 V                  ; 2.35 V             ; -0.0123 V          ; 0.144 V                             ; 0.042 V                             ; 4.81e-10 s                 ; 4.81e-10 s                 ; Yes                       ; Yes                       ;
; seg[6]        ; 2.5 V        ; 0 s                 ; 0 s                 ; 2.32 V                       ; 2.85e-07 V                   ; 2.35 V              ; -0.0123 V           ; 0.144 V                              ; 0.042 V                              ; 4.81e-10 s                  ; 4.81e-10 s                  ; Yes                        ; Yes                        ; 2.32 V                      ; 2.85e-07 V                  ; 2.35 V             ; -0.0123 V          ; 0.144 V                             ; 0.042 V                             ; 4.81e-10 s                 ; 4.81e-10 s                 ; Yes                       ; Yes                       ;
; seg[7]        ; 2.5 V        ; 0 s                 ; 0 s                 ; 2.32 V                       ; 2.85e-07 V                   ; 2.35 V              ; -0.0123 V           ; 0.144 V                              ; 0.042 V                              ; 4.81e-10 s                  ; 4.81e-10 s                  ; Yes                        ; Yes                        ; 2.32 V                      ; 2.85e-07 V                  ; 2.35 V             ; -0.0123 V          ; 0.144 V                             ; 0.042 V                             ; 4.81e-10 s                 ; 4.81e-10 s                 ; Yes                       ; Yes                       ;
; sel[0]        ; 2.5 V        ; 0 s                 ; 0 s                 ; 2.32 V                       ; 2.85e-07 V                   ; 2.35 V              ; -0.0123 V           ; 0.144 V                              ; 0.042 V                              ; 4.81e-10 s                  ; 4.81e-10 s                  ; Yes                        ; Yes                        ; 2.32 V                      ; 2.85e-07 V                  ; 2.35 V             ; -0.0123 V          ; 0.144 V                             ; 0.042 V                             ; 4.81e-10 s                 ; 4.81e-10 s                 ; Yes                       ; Yes                       ;
; sel[1]        ; 2.5 V        ; 0 s                 ; 0 s                 ; 2.32 V                       ; 2.85e-07 V                   ; 2.33 V              ; -0.00229 V          ; 0.111 V                              ; 0.057 V                              ; 3.78e-09 s                  ; 3.5e-09 s                   ; Yes                        ; Yes                        ; 2.32 V                      ; 2.85e-07 V                  ; 2.33 V             ; -0.00229 V         ; 0.111 V                             ; 0.057 V                             ; 3.78e-09 s                 ; 3.5e-09 s                  ; Yes                       ; Yes                       ;
; sel[2]        ; 2.5 V        ; 0 s                 ; 0 s                 ; 2.32 V                       ; 2.85e-07 V                   ; 2.35 V              ; -0.0123 V           ; 0.144 V                              ; 0.042 V                              ; 4.81e-10 s                  ; 4.81e-10 s                  ; Yes                        ; Yes                        ; 2.32 V                      ; 2.85e-07 V                  ; 2.35 V             ; -0.0123 V          ; 0.144 V                             ; 0.042 V                             ; 4.81e-10 s                 ; 4.81e-10 s                 ; Yes                       ; Yes                       ;
; sel[3]        ; 2.5 V        ; 0 s                 ; 0 s                 ; 2.32 V                       ; 1.93e-07 V                   ; 2.35 V              ; -0.00834 V          ; 0.127 V                              ; 0.035 V                              ; 4.7e-10 s                   ; 4.64e-10 s                  ; Yes                        ; Yes                        ; 2.32 V                      ; 1.93e-07 V                  ; 2.35 V             ; -0.00834 V         ; 0.127 V                             ; 0.035 V                             ; 4.7e-10 s                  ; 4.64e-10 s                 ; Yes                       ; Yes                       ;
; sel[4]        ; 2.5 V        ; 0 s                 ; 0 s                 ; 2.32 V                       ; 2.85e-07 V                   ; 2.35 V              ; -0.0123 V           ; 0.144 V                              ; 0.042 V                              ; 4.81e-10 s                  ; 4.81e-10 s                  ; Yes                        ; Yes                        ; 2.32 V                      ; 2.85e-07 V                  ; 2.35 V             ; -0.0123 V          ; 0.144 V                             ; 0.042 V                             ; 4.81e-10 s                 ; 4.81e-10 s                 ; Yes                       ; Yes                       ;
; sel[5]        ; 2.5 V        ; 0 s                 ; 0 s                 ; 2.32 V                       ; 2.85e-07 V                   ; 2.35 V              ; -0.0123 V           ; 0.144 V                              ; 0.042 V                              ; 4.81e-10 s                  ; 4.81e-10 s                  ; Yes                        ; Yes                        ; 2.32 V                      ; 2.85e-07 V                  ; 2.35 V             ; -0.0123 V          ; 0.144 V                             ; 0.042 V                             ; 4.81e-10 s                 ; 4.81e-10 s                 ; Yes                       ; Yes                       ;
; out_dacclk    ; 2.5 V        ; 0 s                 ; 0 s                 ; 2.32 V                       ; 2.85e-07 V                   ; 2.35 V              ; -0.0123 V           ; 0.144 V                              ; 0.042 V                              ; 4.81e-10 s                  ; 4.81e-10 s                  ; Yes                        ; Yes                        ; 2.32 V                      ; 2.85e-07 V                  ; 2.35 V             ; -0.0123 V          ; 0.144 V                             ; 0.042 V                             ; 4.81e-10 s                 ; 4.81e-10 s                 ; Yes                       ; Yes                       ;
; locked        ; 2.5 V        ; 0 s                 ; 0 s                 ; 2.32 V                       ; 1.93e-07 V                   ; 2.34 V              ; -0.00869 V          ; 0.14 V                               ; 0.046 V                              ; 6.89e-10 s                  ; 6.56e-10 s                  ; Yes                        ; Yes                        ; 2.32 V                      ; 1.93e-07 V                  ; 2.34 V             ; -0.00869 V         ; 0.14 V                              ; 0.046 V                             ; 6.89e-10 s                 ; 6.56e-10 s                 ; Yes                       ; Yes                       ;
; pwm_out       ; 2.5 V        ; 0 s                 ; 0 s                 ; 2.32 V                       ; 2.85e-07 V                   ; 2.35 V              ; -0.0123 V           ; 0.144 V                              ; 0.042 V                              ; 4.81e-10 s                  ; 4.81e-10 s                  ; Yes                        ; Yes                        ; 2.32 V                      ; 2.85e-07 V                  ; 2.35 V             ; -0.0123 V          ; 0.144 V                             ; 0.042 V                             ; 4.81e-10 s                 ; 4.81e-10 s                 ; Yes                       ; Yes                       ;
; ~ALTERA_DCLK~ ; 2.5 V        ; 0 s                 ; 0 s                 ; 2.32 V                       ; 1.55e-07 V                   ; 2.35 V              ; -0.00221 V          ; 0.097 V                              ; 0.005 V                              ; 4.49e-10 s                  ; 3.85e-10 s                  ; Yes                        ; Yes                        ; 2.32 V                      ; 1.55e-07 V                  ; 2.35 V             ; -0.00221 V         ; 0.097 V                             ; 0.005 V                             ; 4.49e-10 s                 ; 3.85e-10 s                 ; Yes                       ; Yes                       ;
; ~ALTERA_nCEO~ ; 2.5 V        ; 0 s                 ; 0 s                 ; 2.32 V                       ; 2.54e-07 V                   ; 2.34 V              ; -0.00774 V          ; 0.109 V                              ; 0.026 V                              ; 6.58e-10 s                  ; 8.24e-10 s                  ; Yes                        ; Yes                        ; 2.32 V                      ; 2.54e-07 V                  ; 2.34 V             ; -0.00774 V         ; 0.109 V                             ; 0.026 V                             ; 6.58e-10 s                 ; 8.24e-10 s                 ; Yes                       ; Yes                       ;
+---------------+--------------+---------------------+---------------------+------------------------------+------------------------------+---------------------+---------------------+--------------------------------------+--------------------------------------+-----------------------------+-----------------------------+----------------------------+----------------------------+-----------------------------+-----------------------------+--------------------+--------------------+-------------------------------------+-------------------------------------+----------------------------+----------------------------+---------------------------+---------------------------+


+--------------------------------------------------------------------------------------------------------------------------------------------------------------------------------------------------------------------------------------------------------------------------------------------------------------------------------------------------------------------------------------------------------------------------------------------------------------------------------------------------------------------------------------------------------------------------------------------------------------------------------------------------------------------------------------------+
; Signal Integrity Metrics (Fast 1200mv 0c Model)                                                                                                                                                                                                                                                                                                                                                                                                                                                                                                                                                                                                                                            ;
+---------------+--------------+---------------------+---------------------+------------------------------+------------------------------+---------------------+---------------------+--------------------------------------+--------------------------------------+-----------------------------+-----------------------------+----------------------------+----------------------------+-----------------------------+-----------------------------+--------------------+--------------------+-------------------------------------+-------------------------------------+----------------------------+----------------------------+---------------------------+---------------------------+
; Pin           ; I/O Standard ; Board Delay on Rise ; Board Delay on Fall ; Steady State Voh at FPGA Pin ; Steady State Vol at FPGA Pin ; Voh Max at FPGA Pin ; Vol Min at FPGA Pin ; Ringback Voltage on Rise at FPGA Pin ; Ringback Voltage on Fall at FPGA Pin ; 10-90 Rise Time at FPGA Pin ; 90-10 Fall Time at FPGA Pin ; Monotonic Rise at FPGA Pin ; Monotonic Fall at FPGA Pin ; Steady State Voh at Far-end ; Steady State Vol at Far-end ; Voh Max at Far-end ; Vol Min at Far-end ; Ringback Voltage on Rise at Far-end ; Ringback Voltage on Fall at Far-end ; 10-90 Rise Time at Far-end ; 90-10 Fall Time at Far-end ; Monotonic Rise at Far-end ; Monotonic Fall at Far-end ;
+---------------+--------------+---------------------+---------------------+------------------------------+------------------------------+---------------------+---------------------+--------------------------------------+--------------------------------------+-----------------------------+-----------------------------+----------------------------+----------------------------+-----------------------------+-----------------------------+--------------------+--------------------+-------------------------------------+-------------------------------------+----------------------------+----------------------------+---------------------------+---------------------------+
; led           ; 2.5 V        ; 0 s                 ; 0 s                 ; 2.62 V                       ; 4.05e-08 V                   ; 2.72 V              ; -0.0349 V           ; 0.173 V                              ; 0.1 V                                ; 2.72e-10 s                  ; 2.69e-10 s                  ; Yes                        ; Yes                        ; 2.62 V                      ; 4.05e-08 V                  ; 2.72 V             ; -0.0349 V          ; 0.173 V                             ; 0.1 V                               ; 2.72e-10 s                 ; 2.69e-10 s                 ; Yes                       ; Yes                       ;
; sine_out[0]   ; 2.5 V        ; 0 s                 ; 0 s                 ; 2.62 V                       ; 4.05e-08 V                   ; 2.72 V              ; -0.0349 V           ; 0.173 V                              ; 0.1 V                                ; 2.72e-10 s                  ; 2.69e-10 s                  ; Yes                        ; Yes                        ; 2.62 V                      ; 4.05e-08 V                  ; 2.72 V             ; -0.0349 V          ; 0.173 V                             ; 0.1 V                               ; 2.72e-10 s                 ; 2.69e-10 s                 ; Yes                       ; Yes                       ;
; sine_out[1]   ; 2.5 V        ; 0 s                 ; 0 s                 ; 2.62 V                       ; 4.05e-08 V                   ; 2.72 V              ; -0.0349 V           ; 0.173 V                              ; 0.1 V                                ; 2.72e-10 s                  ; 2.69e-10 s                  ; Yes                        ; Yes                        ; 2.62 V                      ; 4.05e-08 V                  ; 2.72 V             ; -0.0349 V          ; 0.173 V                             ; 0.1 V                               ; 2.72e-10 s                 ; 2.69e-10 s                 ; Yes                       ; Yes                       ;
; sine_out[2]   ; 2.5 V        ; 0 s                 ; 0 s                 ; 2.62 V                       ; 4.05e-08 V                   ; 2.72 V              ; -0.0349 V           ; 0.173 V                              ; 0.1 V                                ; 2.72e-10 s                  ; 2.69e-10 s                  ; Yes                        ; Yes                        ; 2.62 V                      ; 4.05e-08 V                  ; 2.72 V             ; -0.0349 V          ; 0.173 V                             ; 0.1 V                               ; 2.72e-10 s                 ; 2.69e-10 s                 ; Yes                       ; Yes                       ;
; sine_out[3]   ; 2.5 V        ; 0 s                 ; 0 s                 ; 2.62 V                       ; 4.05e-08 V                   ; 2.72 V              ; -0.0349 V           ; 0.173 V                              ; 0.1 V                                ; 2.72e-10 s                  ; 2.69e-10 s                  ; Yes                        ; Yes                        ; 2.62 V                      ; 4.05e-08 V                  ; 2.72 V             ; -0.0349 V          ; 0.173 V                             ; 0.1 V                               ; 2.72e-10 s                 ; 2.69e-10 s                 ; Yes                       ; Yes                       ;
; sine_out[4]   ; 2.5 V        ; 0 s                 ; 0 s                 ; 2.62 V                       ; 4.05e-08 V                   ; 2.72 V              ; -0.0349 V           ; 0.173 V                              ; 0.1 V                                ; 2.72e-10 s                  ; 2.69e-10 s                  ; Yes                        ; Yes                        ; 2.62 V                      ; 4.05e-08 V                  ; 2.72 V             ; -0.0349 V          ; 0.173 V                             ; 0.1 V                               ; 2.72e-10 s                 ; 2.69e-10 s                 ; Yes                       ; Yes                       ;
; sine_out[5]   ; 2.5 V        ; 0 s                 ; 0 s                 ; 2.62 V                       ; 4.05e-08 V                   ; 2.72 V              ; -0.0349 V           ; 0.173 V                              ; 0.1 V                                ; 2.72e-10 s                  ; 2.69e-10 s                  ; Yes                        ; Yes                        ; 2.62 V                      ; 4.05e-08 V                  ; 2.72 V             ; -0.0349 V          ; 0.173 V                             ; 0.1 V                               ; 2.72e-10 s                 ; 2.69e-10 s                 ; Yes                       ; Yes                       ;
; sine_out[6]   ; 2.5 V        ; 0 s                 ; 0 s                 ; 2.62 V                       ; 4.05e-08 V                   ; 2.72 V              ; -0.0349 V           ; 0.173 V                              ; 0.1 V                                ; 2.72e-10 s                  ; 2.69e-10 s                  ; Yes                        ; Yes                        ; 2.62 V                      ; 4.05e-08 V                  ; 2.72 V             ; -0.0349 V          ; 0.173 V                             ; 0.1 V                               ; 2.72e-10 s                 ; 2.69e-10 s                 ; Yes                       ; Yes                       ;
; sine_out[7]   ; 2.5 V        ; 0 s                 ; 0 s                 ; 2.62 V                       ; 4.05e-08 V                   ; 2.72 V              ; -0.0349 V           ; 0.173 V                              ; 0.1 V                                ; 2.72e-10 s                  ; 2.69e-10 s                  ; Yes                        ; Yes                        ; 2.62 V                      ; 4.05e-08 V                  ; 2.72 V             ; -0.0349 V          ; 0.173 V                             ; 0.1 V                               ; 2.72e-10 s                 ; 2.69e-10 s                 ; Yes                       ; Yes                       ;
; sine_out[8]   ; 2.5 V        ; 0 s                 ; 0 s                 ; 2.62 V                       ; 4.05e-08 V                   ; 2.72 V              ; -0.0349 V           ; 0.173 V                              ; 0.1 V                                ; 2.72e-10 s                  ; 2.69e-10 s                  ; Yes                        ; Yes                        ; 2.62 V                      ; 4.05e-08 V                  ; 2.72 V             ; -0.0349 V          ; 0.173 V                             ; 0.1 V                               ; 2.72e-10 s                 ; 2.69e-10 s                 ; Yes                       ; Yes                       ;
; sine_out[9]   ; 2.5 V        ; 0 s                 ; 0 s                 ; 2.62 V                       ; 4.05e-08 V                   ; 2.72 V              ; -0.0349 V           ; 0.173 V                              ; 0.1 V                                ; 2.72e-10 s                  ; 2.69e-10 s                  ; Yes                        ; Yes                        ; 2.62 V                      ; 4.05e-08 V                  ; 2.72 V             ; -0.0349 V          ; 0.173 V                             ; 0.1 V                               ; 2.72e-10 s                 ; 2.69e-10 s                 ; Yes                       ; Yes                       ;
; sine_out[10]  ; 2.5 V        ; 0 s                 ; 0 s                 ; 2.62 V                       ; 4.05e-08 V                   ; 2.72 V              ; -0.0349 V           ; 0.173 V                              ; 0.1 V                                ; 2.72e-10 s                  ; 2.69e-10 s                  ; Yes                        ; Yes                        ; 2.62 V                      ; 4.05e-08 V                  ; 2.72 V             ; -0.0349 V          ; 0.173 V                             ; 0.1 V                               ; 2.72e-10 s                 ; 2.69e-10 s                 ; Yes                       ; Yes                       ;
; sine_out[11]  ; 2.5 V        ; 0 s                 ; 0 s                 ; 2.62 V                       ; 4.05e-08 V                   ; 2.72 V              ; -0.0349 V           ; 0.173 V                              ; 0.1 V                                ; 2.72e-10 s                  ; 2.69e-10 s                  ; Yes                        ; Yes                        ; 2.62 V                      ; 4.05e-08 V                  ; 2.72 V             ; -0.0349 V          ; 0.173 V                             ; 0.1 V                               ; 2.72e-10 s                 ; 2.69e-10 s                 ; Yes                       ; Yes                       ;
; sine_out[12]  ; 2.5 V        ; 0 s                 ; 0 s                 ; 2.62 V                       ; 4.05e-08 V                   ; 2.72 V              ; -0.0349 V           ; 0.173 V                              ; 0.1 V                                ; 2.72e-10 s                  ; 2.69e-10 s                  ; Yes                        ; Yes                        ; 2.62 V                      ; 4.05e-08 V                  ; 2.72 V             ; -0.0349 V          ; 0.173 V                             ; 0.1 V                               ; 2.72e-10 s                 ; 2.69e-10 s                 ; Yes                       ; Yes                       ;
; sine_out[13]  ; 2.5 V        ; 0 s                 ; 0 s                 ; 2.62 V                       ; 4.05e-08 V                   ; 2.72 V              ; -0.0349 V           ; 0.173 V                              ; 0.1 V                                ; 2.72e-10 s                  ; 2.69e-10 s                  ; Yes                        ; Yes                        ; 2.62 V                      ; 4.05e-08 V                  ; 2.72 V             ; -0.0349 V          ; 0.173 V                             ; 0.1 V                               ; 2.72e-10 s                 ; 2.69e-10 s                 ; Yes                       ; Yes                       ;
; baseband_out  ; 2.5 V        ; 0 s                 ; 0 s                 ; 2.62 V                       ; 4.05e-08 V                   ; 2.72 V              ; -0.0349 V           ; 0.173 V                              ; 0.1 V                                ; 2.72e-10 s                  ; 2.69e-10 s                  ; Yes                        ; Yes                        ; 2.62 V                      ; 4.05e-08 V                  ; 2.72 V             ; -0.0349 V          ; 0.173 V                             ; 0.1 V                               ; 2.72e-10 s                 ; 2.69e-10 s                 ; Yes                       ; Yes                       ;
; seg[0]        ; 2.5 V        ; 0 s                 ; 0 s                 ; 2.62 V                       ; 4.05e-08 V                   ; 2.72 V              ; -0.0349 V           ; 0.173 V                              ; 0.1 V                                ; 2.72e-10 s                  ; 2.69e-10 s                  ; Yes                        ; Yes                        ; 2.62 V                      ; 4.05e-08 V                  ; 2.72 V             ; -0.0349 V          ; 0.173 V                             ; 0.1 V                               ; 2.72e-10 s                 ; 2.69e-10 s                 ; Yes                       ; Yes                       ;
; seg[1]        ; 2.5 V        ; 0 s                 ; 0 s                 ; 2.62 V                       ; 4.05e-08 V                   ; 2.72 V              ; -0.0349 V           ; 0.173 V                              ; 0.1 V                                ; 2.72e-10 s                  ; 2.69e-10 s                  ; Yes                        ; Yes                        ; 2.62 V                      ; 4.05e-08 V                  ; 2.72 V             ; -0.0349 V          ; 0.173 V                             ; 0.1 V                               ; 2.72e-10 s                 ; 2.69e-10 s                 ; Yes                       ; Yes                       ;
; seg[2]        ; 2.5 V        ; 0 s                 ; 0 s                 ; 2.62 V                       ; 4.05e-08 V                   ; 2.72 V              ; -0.0349 V           ; 0.173 V                              ; 0.1 V                                ; 2.72e-10 s                  ; 2.69e-10 s                  ; Yes                        ; Yes                        ; 2.62 V                      ; 4.05e-08 V                  ; 2.72 V             ; -0.0349 V          ; 0.173 V                             ; 0.1 V                               ; 2.72e-10 s                 ; 2.69e-10 s                 ; Yes                       ; Yes                       ;
; seg[3]        ; 2.5 V        ; 0 s                 ; 0 s                 ; 2.62 V                       ; 4.05e-08 V                   ; 2.72 V              ; -0.0349 V           ; 0.173 V                              ; 0.1 V                                ; 2.72e-10 s                  ; 2.69e-10 s                  ; Yes                        ; Yes                        ; 2.62 V                      ; 4.05e-08 V                  ; 2.72 V             ; -0.0349 V          ; 0.173 V                             ; 0.1 V                               ; 2.72e-10 s                 ; 2.69e-10 s                 ; Yes                       ; Yes                       ;
; seg[4]        ; 2.5 V        ; 0 s                 ; 0 s                 ; 2.62 V                       ; 4.05e-08 V                   ; 2.72 V              ; -0.0349 V           ; 0.173 V                              ; 0.1 V                                ; 2.72e-10 s                  ; 2.69e-10 s                  ; Yes                        ; Yes                        ; 2.62 V                      ; 4.05e-08 V                  ; 2.72 V             ; -0.0349 V          ; 0.173 V                             ; 0.1 V                               ; 2.72e-10 s                 ; 2.69e-10 s                 ; Yes                       ; Yes                       ;
; seg[5]        ; 2.5 V        ; 0 s                 ; 0 s                 ; 2.62 V                       ; 4.05e-08 V                   ; 2.72 V              ; -0.0349 V           ; 0.173 V                              ; 0.1 V                                ; 2.72e-10 s                  ; 2.69e-10 s                  ; Yes                        ; Yes                        ; 2.62 V                      ; 4.05e-08 V                  ; 2.72 V             ; -0.0349 V          ; 0.173 V                             ; 0.1 V                               ; 2.72e-10 s                 ; 2.69e-10 s                 ; Yes                       ; Yes                       ;
; seg[6]        ; 2.5 V        ; 0 s                 ; 0 s                 ; 2.62 V                       ; 4.05e-08 V                   ; 2.72 V              ; -0.0349 V           ; 0.173 V                              ; 0.1 V                                ; 2.72e-10 s                  ; 2.69e-10 s                  ; Yes                        ; Yes                        ; 2.62 V                      ; 4.05e-08 V                  ; 2.72 V             ; -0.0349 V          ; 0.173 V                             ; 0.1 V                               ; 2.72e-10 s                 ; 2.69e-10 s                 ; Yes                       ; Yes                       ;
; seg[7]        ; 2.5 V        ; 0 s                 ; 0 s                 ; 2.62 V                       ; 4.05e-08 V                   ; 2.72 V              ; -0.0349 V           ; 0.173 V                              ; 0.1 V                                ; 2.72e-10 s                  ; 2.69e-10 s                  ; Yes                        ; Yes                        ; 2.62 V                      ; 4.05e-08 V                  ; 2.72 V             ; -0.0349 V          ; 0.173 V                             ; 0.1 V                               ; 2.72e-10 s                 ; 2.69e-10 s                 ; Yes                       ; Yes                       ;
; sel[0]        ; 2.5 V        ; 0 s                 ; 0 s                 ; 2.62 V                       ; 4.05e-08 V                   ; 2.72 V              ; -0.0349 V           ; 0.173 V                              ; 0.1 V                                ; 2.72e-10 s                  ; 2.69e-10 s                  ; Yes                        ; Yes                        ; 2.62 V                      ; 4.05e-08 V                  ; 2.72 V             ; -0.0349 V          ; 0.173 V                             ; 0.1 V                               ; 2.72e-10 s                 ; 2.69e-10 s                 ; Yes                       ; Yes                       ;
; sel[1]        ; 2.5 V        ; 0 s                 ; 0 s                 ; 2.62 V                       ; 4.05e-08 V                   ; 2.64 V              ; -0.0113 V           ; 0.208 V                              ; 0.179 V                              ; 2.38e-09 s                  ; 2.23e-09 s                  ; No                         ; Yes                        ; 2.62 V                      ; 4.05e-08 V                  ; 2.64 V             ; -0.0113 V          ; 0.208 V                             ; 0.179 V                             ; 2.38e-09 s                 ; 2.23e-09 s                 ; No                        ; Yes                       ;
; sel[2]        ; 2.5 V        ; 0 s                 ; 0 s                 ; 2.62 V                       ; 4.05e-08 V                   ; 2.72 V              ; -0.0349 V           ; 0.173 V                              ; 0.1 V                                ; 2.72e-10 s                  ; 2.69e-10 s                  ; Yes                        ; Yes                        ; 2.62 V                      ; 4.05e-08 V                  ; 2.72 V             ; -0.0349 V          ; 0.173 V                             ; 0.1 V                               ; 2.72e-10 s                 ; 2.69e-10 s                 ; Yes                       ; Yes                       ;
; sel[3]        ; 2.5 V        ; 0 s                 ; 0 s                 ; 2.62 V                       ; 2.74e-08 V                   ; 2.73 V              ; -0.0384 V           ; 0.169 V                              ; 0.089 V                              ; 2.7e-10 s                   ; 2.62e-10 s                  ; Yes                        ; Yes                        ; 2.62 V                      ; 2.74e-08 V                  ; 2.73 V             ; -0.0384 V          ; 0.169 V                             ; 0.089 V                             ; 2.7e-10 s                  ; 2.62e-10 s                 ; Yes                       ; Yes                       ;
; sel[4]        ; 2.5 V        ; 0 s                 ; 0 s                 ; 2.62 V                       ; 4.05e-08 V                   ; 2.72 V              ; -0.0349 V           ; 0.173 V                              ; 0.1 V                                ; 2.72e-10 s                  ; 2.69e-10 s                  ; Yes                        ; Yes                        ; 2.62 V                      ; 4.05e-08 V                  ; 2.72 V             ; -0.0349 V          ; 0.173 V                             ; 0.1 V                               ; 2.72e-10 s                 ; 2.69e-10 s                 ; Yes                       ; Yes                       ;
; sel[5]        ; 2.5 V        ; 0 s                 ; 0 s                 ; 2.62 V                       ; 4.05e-08 V                   ; 2.72 V              ; -0.0349 V           ; 0.173 V                              ; 0.1 V                                ; 2.72e-10 s                  ; 2.69e-10 s                  ; Yes                        ; Yes                        ; 2.62 V                      ; 4.05e-08 V                  ; 2.72 V             ; -0.0349 V          ; 0.173 V                             ; 0.1 V                               ; 2.72e-10 s                 ; 2.69e-10 s                 ; Yes                       ; Yes                       ;
; out_dacclk    ; 2.5 V        ; 0 s                 ; 0 s                 ; 2.62 V                       ; 4.05e-08 V                   ; 2.72 V              ; -0.0349 V           ; 0.173 V                              ; 0.1 V                                ; 2.72e-10 s                  ; 2.69e-10 s                  ; Yes                        ; Yes                        ; 2.62 V                      ; 4.05e-08 V                  ; 2.72 V             ; -0.0349 V          ; 0.173 V                             ; 0.1 V                               ; 2.72e-10 s                 ; 2.69e-10 s                 ; Yes                       ; Yes                       ;
; locked        ; 2.5 V        ; 0 s                 ; 0 s                 ; 2.62 V                       ; 2.74e-08 V                   ; 2.71 V              ; -0.0317 V           ; 0.148 V                              ; 0.064 V                              ; 4.51e-10 s                  ; 4.15e-10 s                  ; No                         ; Yes                        ; 2.62 V                      ; 2.74e-08 V                  ; 2.71 V             ; -0.0317 V          ; 0.148 V                             ; 0.064 V                             ; 4.51e-10 s                 ; 4.15e-10 s                 ; No                        ; Yes                       ;
; pwm_out       ; 2.5 V        ; 0 s                 ; 0 s                 ; 2.62 V                       ; 4.05e-08 V                   ; 2.72 V              ; -0.0349 V           ; 0.173 V                              ; 0.1 V                                ; 2.72e-10 s                  ; 2.69e-10 s                  ; Yes                        ; Yes                        ; 2.62 V                      ; 4.05e-08 V                  ; 2.72 V             ; -0.0349 V          ; 0.173 V                             ; 0.1 V                               ; 2.72e-10 s                 ; 2.69e-10 s                 ; Yes                       ; Yes                       ;
; ~ALTERA_DCLK~ ; 2.5 V        ; 0 s                 ; 0 s                 ; 2.62 V                       ; 2.22e-08 V                   ; 2.74 V              ; -0.06 V             ; 0.158 V                              ; 0.08 V                               ; 2.68e-10 s                  ; 2.19e-10 s                  ; Yes                        ; Yes                        ; 2.62 V                      ; 2.22e-08 V                  ; 2.74 V             ; -0.06 V            ; 0.158 V                             ; 0.08 V                              ; 2.68e-10 s                 ; 2.19e-10 s                 ; Yes                       ; Yes                       ;
; ~ALTERA_nCEO~ ; 2.5 V        ; 0 s                 ; 0 s                 ; 2.62 V                       ; 3.54e-08 V                   ; 2.7 V               ; -0.00943 V          ; 0.276 V                              ; 0.035 V                              ; 3.19e-10 s                  ; 4.99e-10 s                  ; No                         ; Yes                        ; 2.62 V                      ; 3.54e-08 V                  ; 2.7 V              ; -0.00943 V         ; 0.276 V                             ; 0.035 V                             ; 3.19e-10 s                 ; 4.99e-10 s                 ; No                        ; Yes                       ;
+---------------+--------------+---------------------+---------------------+------------------------------+------------------------------+---------------------+---------------------+--------------------------------------+--------------------------------------+-----------------------------+-----------------------------+----------------------------+----------------------------+-----------------------------+-----------------------------+--------------------+--------------------+-------------------------------------+-------------------------------------+----------------------------+----------------------------+---------------------------+---------------------------+


+-----------------------------------------------------------------------+
; Setup Transfers                                                       ;
+------------+----------+--------------+----------+----------+----------+
; From Clock ; To Clock ; RR Paths     ; FR Paths ; RF Paths ; FF Paths ;
+------------+----------+--------------+----------+----------+----------+
; clk        ; clk      ; > 2147483647 ; 0        ; 0        ; 0        ;
+------------+----------+--------------+----------+----------+----------+
Entries labeled "false path" only account for clock-to-clock false paths and not path-based false paths. As a result, actual path counts may be lower than reported.


+-----------------------------------------------------------------------+
; Hold Transfers                                                        ;
+------------+----------+--------------+----------+----------+----------+
; From Clock ; To Clock ; RR Paths     ; FR Paths ; RF Paths ; FF Paths ;
+------------+----------+--------------+----------+----------+----------+
; clk        ; clk      ; > 2147483647 ; 0        ; 0        ; 0        ;
+------------+----------+--------------+----------+----------+----------+
Entries labeled "false path" only account for clock-to-clock false paths and not path-based false paths. As a result, actual path counts may be lower than reported.


---------------
; Report TCCS ;
---------------
No dedicated SERDES Transmitter circuitry present in device or used in design


---------------
; Report RSKM ;
---------------
No non-DPA dedicated SERDES Receiver circuitry present in device or used in design


+------------------------------------------------+
; Unconstrained Paths Summary                    ;
+---------------------------------+-------+------+
; Property                        ; Setup ; Hold ;
+---------------------------------+-------+------+
; Illegal Clocks                  ; 0     ; 0    ;
; Unconstrained Clocks            ; 0     ; 0    ;
; Unconstrained Input Ports       ; 7     ; 7    ;
; Unconstrained Input Port Paths  ; 960   ; 960  ;
; Unconstrained Output Ports      ; 31    ; 31   ;
; Unconstrained Output Port Paths ; 1020  ; 1020 ;
+---------------------------------+-------+------+


+---------------------------------------------------------------------------------------------------------------------------------+
; Clock Status Summary                                                                                                            ;
+---------------------------------------------------+---------------------------------------------------+-----------+-------------+
; Target                                            ; Clock                                             ; Type      ; Status      ;
+---------------------------------------------------+---------------------------------------------------+-----------+-------------+
; clk                                               ; clk                                               ; Base      ; Constrained ;
; u_pll|altpll_component|auto_generated|pll1|clk[0] ; u_pll|altpll_component|auto_generated|pll1|clk[0] ; Generated ; Constrained ;
+---------------------------------------------------+---------------------------------------------------+-----------+-------------+


+----------------------------------------------------------------------------------------------------+
; Unconstrained Input Ports                                                                          ;
+-------------+--------------------------------------------------------------------------------------+
; Input Port  ; Comment                                                                              ;
+-------------+--------------------------------------------------------------------------------------+
; rst_n       ; No input delay, min/max delays, false-path exceptions, or max skew assignments found ;
; sw_ask      ; No input delay, min/max delays, false-path exceptions, or max skew assignments found ;
; sw_change_a ; No input delay, min/max delays, false-path exceptions, or max skew assignments found ;
; sw_liss     ; No input delay, min/max delays, false-path exceptions, or max skew assignments found ;
; sw_psk      ; No input delay, min/max delays, false-path exceptions, or max skew assignments found ;
; switch      ; No input delay, min/max delays, false-path exceptions, or max skew assignments found ;
; uart_rx     ; No input delay, min/max delays, false-path exceptions, or max skew assignments found ;
+-------------+--------------------------------------------------------------------------------------+


+------------------------------------------------------------------------------------------------------+
; Unconstrained Output Ports                                                                           ;
+--------------+---------------------------------------------------------------------------------------+
; Output Port  ; Comment                                                                               ;
+--------------+---------------------------------------------------------------------------------------+
; baseband_out ; No output delay, min/max delays, false-path exceptions, or max skew assignments found ;
; out_dacclk   ; No output delay, min/max delays, false-path exceptions, or max skew assignments found ;
; pwm_out      ; No output delay, min/max delays, false-path exceptions, or max skew assignments found ;
; seg[0]       ; No output delay, min/max delays, false-path exceptions, or max skew assignments found ;
; seg[1]       ; No output delay, min/max delays, false-path exceptions, or max skew assignments found ;
; seg[2]       ; No output delay, min/max delays, false-path exceptions, or max skew assignments found ;
; seg[3]       ; No output delay, min/max delays, false-path exceptions, or max skew assignments found ;
; seg[4]       ; No output delay, min/max delays, false-path exceptions, or max skew assignments found ;
; seg[5]       ; No output delay, min/max delays, false-path exceptions, or max skew assignments found ;
; seg[6]       ; No output delay, min/max delays, false-path exceptions, or max skew assignments found ;
; seg[7]       ; No output delay, min/max delays, false-path exceptions, or max skew assignments found ;
; sel[0]       ; No output delay, min/max delays, false-path exceptions, or max skew assignments found ;
; sel[1]       ; No output delay, min/max delays, false-path exceptions, or max skew assignments found ;
; sel[2]       ; No output delay, min/max delays, false-path exceptions, or max skew assignments found ;
; sel[3]       ; No output delay, min/max delays, false-path exceptions, or max skew assignments found ;
; sel[4]       ; No output delay, min/max delays, false-path exceptions, or max skew assignments found ;
; sel[5]       ; No output delay, min/max delays, false-path exceptions, or max skew assignments found ;
; sine_out[0]  ; No output delay, min/max delays, false-path exceptions, or max skew assignments found ;
; sine_out[1]  ; No output delay, min/max delays, false-path exceptions, or max skew assignments found ;
; sine_out[2]  ; No output delay, min/max delays, false-path exceptions, or max skew assignments found ;
; sine_out[3]  ; No output delay, min/max delays, false-path exceptions, or max skew assignments found ;
; sine_out[4]  ; No output delay, min/max delays, false-path exceptions, or max skew assignments found ;
; sine_out[5]  ; No output delay, min/max delays, false-path exceptions, or max skew assignments found ;
; sine_out[6]  ; No output delay, min/max delays, false-path exceptions, or max skew assignments found ;
; sine_out[7]  ; No output delay, min/max delays, false-path exceptions, or max skew assignments found ;
; sine_out[8]  ; No output delay, min/max delays, false-path exceptions, or max skew assignments found ;
; sine_out[9]  ; No output delay, min/max delays, false-path exceptions, or max skew assignments found ;
; sine_out[10] ; No output delay, min/max delays, false-path exceptions, or max skew assignments found ;
; sine_out[11] ; No output delay, min/max delays, false-path exceptions, or max skew assignments found ;
; sine_out[12] ; No output delay, min/max delays, false-path exceptions, or max skew assignments found ;
; sine_out[13] ; No output delay, min/max delays, false-path exceptions, or max skew assignments found ;
+--------------+---------------------------------------------------------------------------------------+


+----------------------------------------------------------------------------------------------------+
; Unconstrained Input Ports                                                                          ;
+-------------+--------------------------------------------------------------------------------------+
; Input Port  ; Comment                                                                              ;
+-------------+--------------------------------------------------------------------------------------+
; rst_n       ; No input delay, min/max delays, false-path exceptions, or max skew assignments found ;
; sw_ask      ; No input delay, min/max delays, false-path exceptions, or max skew assignments found ;
; sw_change_a ; No input delay, min/max delays, false-path exceptions, or max skew assignments found ;
; sw_liss     ; No input delay, min/max delays, false-path exceptions, or max skew assignments found ;
; sw_psk      ; No input delay, min/max delays, false-path exceptions, or max skew assignments found ;
; switch      ; No input delay, min/max delays, false-path exceptions, or max skew assignments found ;
; uart_rx     ; No input delay, min/max delays, false-path exceptions, or max skew assignments found ;
+-------------+--------------------------------------------------------------------------------------+


+------------------------------------------------------------------------------------------------------+
; Unconstrained Output Ports                                                                           ;
+--------------+---------------------------------------------------------------------------------------+
; Output Port  ; Comment                                                                               ;
+--------------+---------------------------------------------------------------------------------------+
; baseband_out ; No output delay, min/max delays, false-path exceptions, or max skew assignments found ;
; out_dacclk   ; No output delay, min/max delays, false-path exceptions, or max skew assignments found ;
; pwm_out      ; No output delay, min/max delays, false-path exceptions, or max skew assignments found ;
; seg[0]       ; No output delay, min/max delays, false-path exceptions, or max skew assignments found ;
; seg[1]       ; No output delay, min/max delays, false-path exceptions, or max skew assignments found ;
; seg[2]       ; No output delay, min/max delays, false-path exceptions, or max skew assignments found ;
; seg[3]       ; No output delay, min/max delays, false-path exceptions, or max skew assignments found ;
; seg[4]       ; No output delay, min/max delays, false-path exceptions, or max skew assignments found ;
; seg[5]       ; No output delay, min/max delays, false-path exceptions, or max skew assignments found ;
; seg[6]       ; No output delay, min/max delays, false-path exceptions, or max skew assignments found ;
; seg[7]       ; No output delay, min/max delays, false-path exceptions, or max skew assignments found ;
; sel[0]       ; No output delay, min/max delays, false-path exceptions, or max skew assignments found ;
; sel[1]       ; No output delay, min/max delays, false-path exceptions, or max skew assignments found ;
; sel[2]       ; No output delay, min/max delays, false-path exceptions, or max skew assignments found ;
; sel[3]       ; No output delay, min/max delays, false-path exceptions, or max skew assignments found ;
; sel[4]       ; No output delay, min/max delays, false-path exceptions, or max skew assignments found ;
; sel[5]       ; No output delay, min/max delays, false-path exceptions, or max skew assignments found ;
; sine_out[0]  ; No output delay, min/max delays, false-path exceptions, or max skew assignments found ;
; sine_out[1]  ; No output delay, min/max delays, false-path exceptions, or max skew assignments found ;
; sine_out[2]  ; No output delay, min/max delays, false-path exceptions, or max skew assignments found ;
; sine_out[3]  ; No output delay, min/max delays, false-path exceptions, or max skew assignments found ;
; sine_out[4]  ; No output delay, min/max delays, false-path exceptions, or max skew assignments found ;
; sine_out[5]  ; No output delay, min/max delays, false-path exceptions, or max skew assignments found ;
; sine_out[6]  ; No output delay, min/max delays, false-path exceptions, or max skew assignments found ;
; sine_out[7]  ; No output delay, min/max delays, false-path exceptions, or max skew assignments found ;
; sine_out[8]  ; No output delay, min/max delays, false-path exceptions, or max skew assignments found ;
; sine_out[9]  ; No output delay, min/max delays, false-path exceptions, or max skew assignments found ;
; sine_out[10] ; No output delay, min/max delays, false-path exceptions, or max skew assignments found ;
; sine_out[11] ; No output delay, min/max delays, false-path exceptions, or max skew assignments found ;
; sine_out[12] ; No output delay, min/max delays, false-path exceptions, or max skew assignments found ;
; sine_out[13] ; No output delay, min/max delays, false-path exceptions, or max skew assignments found ;
+--------------+---------------------------------------------------------------------------------------+


+--------------------------+
; Timing Analyzer Messages ;
+--------------------------+
Info: *******************************************************************
Info: Running Quartus Prime Timing Analyzer
    Info: Version 18.0.0 Build 614 04/24/2018 SJ Standard Edition
    Info: Processing started: Wed May 27 22:47:20 2026
Info: Command: quartus_sta DDS_simple -c DDS_simple
Info: qsta_default_script.tcl version: #2
Warning (18236): Number of processors has not been specified which may cause overloading on shared machines.  Set the global assignment NUM_PARALLEL_PROCESSORS in your QSF to an appropriate value for best performance.
Info (20030): Parallel compilation is enabled and will use 10 of the 10 processors detected
Info (21077): Low junction temperature is 0 degrees C
Info (21077): High junction temperature is 85 degrees C
Critical Warning (332012): Synopsys Design Constraints File file not found: 'DDS_simple.sdc'. A Synopsys Design Constraints File is required by the Timing Analyzer to get proper timing constraints. Without it, the Compiler will not properly optimize the design.
Info (332142): No user constrained generated clocks found in the design. Calling "derive_pll_clocks -create_base_clocks"
Info (332110): Deriving PLL clocks
    Info (332110): create_clock -period 20.000 -waveform {0.000 10.000} -name clk clk
    Info (332110): create_generated_clock -source {u_pll|altpll_component|auto_generated|pll1|inclk[0]} -multiply_by 4 -duty_cycle 50.00 -name {u_pll|altpll_component|auto_generated|pll1|clk[0]} {u_pll|altpll_component|auto_generated|pll1|clk[0]}
Info (332142): No user constrained base clocks found in the design. Calling "derive_clocks -period 1.0"
Info (332096): The command derive_clocks did not find any clocks to derive.  No clocks were created or changed.
Info (332143): No user constrained clock uncertainty found in the design. Calling "derive_clock_uncertainty"
Info (332123): Deriving Clock Uncertainty. Please refer to report_sdc in the Timing Analyzer to see clock uncertainties.
Info: Found TIMING_ANALYZER_REPORT_SCRIPT_INCLUDE_DEFAULT_ANALYSIS = ON
Info: Analyzing Slow 1200mV 85C Model
Critical Warning (332148): Timing requirements not met
    Info (11105): For recommendations on closing timing, run Report Timing Closure Recommendations in the Timing Analyzer.
Info (332146): Worst-case setup slack is -35.391
    Info (332119):     Slack       End Point TNS Clock 
    Info (332119): ========= =================== =====================
    Info (332119):   -35.391           -1780.174 clk 
Info (332146): Worst-case hold slack is 0.453
    Info (332119):     Slack       End Point TNS Clock 
    Info (332119): ========= =================== =====================
    Info (332119):     0.453               0.000 clk 
Info (332140): No Recovery paths to report
Info (332140): No Removal paths to report
Info (332146): Worst-case minimum pulse width slack is 9.472
    Info (332119):     Slack       End Point TNS Clock 
    Info (332119): ========= =================== =====================
    Info (332119):     9.472               0.000 clk 
Info (332114): Report Metastability: Found 2 synchronizer chains.
    Info (332114): The design MTBF is not calculated because there are no specified synchronizers in the design.
    Info (332114): Number of Synchronizer Chains Found: 2
    Info (332114): Shortest Synchronizer Chain: 2 Registers
    Info (332114): Fraction of Chains for which MTBFs Could Not be Calculated: 1.000
    Info (332114): Worst Case Available Settling Time: 16.764 ns
    Info (332114): 
Info: Analyzing Slow 1200mV 0C Model
Info (334003): Started post-fitting delay annotation
Info (334004): Delay annotation completed successfully
Info (332123): Deriving Clock Uncertainty. Please refer to report_sdc in the Timing Analyzer to see clock uncertainties.
Critical Warning (332148): Timing requirements not met
    Info (11105): For recommendations on closing timing, run Report Timing Closure Recommendations in the Timing Analyzer.
Info (332146): Worst-case setup slack is -30.585
    Info (332119):     Slack       End Point TNS Clock 
    Info (332119): ========= =================== =====================
    Info (332119):   -30.585           -1514.613 clk 
Info (332146): Worst-case hold slack is 0.401
    Info (332119):     Slack       End Point TNS Clock 
    Info (332119): ========= =================== =====================
    Info (332119):     0.401               0.000 clk 
Info (332140): No Recovery paths to report
Info (332140): No Removal paths to report
Info (332146): Worst-case minimum pulse width slack is 9.501
    Info (332119):     Slack       End Point TNS Clock 
    Info (332119): ========= =================== =====================
    Info (332119):     9.501               0.000 clk 
Info (332114): Report Metastability: Found 2 synchronizer chains.
    Info (332114): The design MTBF is not calculated because there are no specified synchronizers in the design.
    Info (332114): Number of Synchronizer Chains Found: 2
    Info (332114): Shortest Synchronizer Chain: 2 Registers
    Info (332114): Fraction of Chains for which MTBFs Could Not be Calculated: 1.000
    Info (332114): Worst Case Available Settling Time: 16.937 ns
    Info (332114): 
Info: Analyzing Fast 1200mV 0C Model
Info (332123): Deriving Clock Uncertainty. Please refer to report_sdc in the Timing Analyzer to see clock uncertainties.
Critical Warning (332148): Timing requirements not met
    Info (11105): For recommendations on closing timing, run Report Timing Closure Recommendations in the Timing Analyzer.
Info (332146): Worst-case setup slack is -3.644
    Info (332119):     Slack       End Point TNS Clock 
    Info (332119): ========= =================== =====================
    Info (332119):    -3.644            -165.569 clk 
Info (332146): Worst-case hold slack is 0.153
    Info (332119):     Slack       End Point TNS Clock 
    Info (332119): ========= =================== =====================
    Info (332119):     0.153               0.000 clk 
Info (332140): No Recovery paths to report
Info (332140): No Removal paths to report
Info (332146): Worst-case minimum pulse width slack is 9.371
    Info (332119):     Slack       End Point TNS Clock 
    Info (332119): ========= =================== =====================
    Info (332119):     9.371               0.000 clk 
Info (332114): Report Metastability: Found 2 synchronizer chains.
    Info (332114): The design MTBF is not calculated because there are no specified synchronizers in the design.
    Info (332114): Number of Synchronizer Chains Found: 2
    Info (332114): Shortest Synchronizer Chain: 2 Registers
    Info (332114): Fraction of Chains for which MTBFs Could Not be Calculated: 1.000
    Info (332114): Worst Case Available Settling Time: 18.560 ns
    Info (332114): 
Info (332102): Design is not fully constrained for setup requirements
Info (332102): Design is not fully constrained for hold requirements
Info: Quartus Prime Timing Analyzer was successful. 0 errors, 5 warnings
    Info: Peak virtual memory: 4858 megabytes
    Info: Processing ended: Wed May 27 22:47:24 2026
    Info: Elapsed time: 00:00:04
    Info: Total CPU time (on all processors): 00:00:05


