Fitter report for DDS_simple
Sat May 30 12:51:15 2026
Quartus Prime Version 18.1.0 Build 625 09/12/2018 SJ Standard Edition


---------------------
; Table of Contents ;
---------------------
  1. Legal Notice
  2. Fitter Summary
  3. Fitter Settings
  4. Parallel Compilation
  5. Fitter Netlist Optimizations
  6. Incremental Compilation Preservation Summary
  7. Incremental Compilation Partition Settings
  8. Incremental Compilation Placement Preservation
  9. Pin-Out File
 10. Fitter Resource Usage Summary
 11. Fitter Partition Statistics
 12. Input Pins
 13. Output Pins
 14. Dual Purpose and Dedicated Pins
 15. I/O Bank Usage
 16. All Package Pins
 17. PLL Summary
 18. PLL Usage
 19. I/O Assignment Warnings
 20. Fitter Resource Utilization by Entity
 21. Delay Chain Summary
 22. Pad To Core Delay Chain Fanout
 23. Control Signals
 24. Global & Other Fast Signals
 25. Non-Global High Fan-Out Signals
 26. Fitter RAM Summary
 27. |DDS_simple|sine_14bit_256:u_rom_ask|altsyncram:altsyncram_component|altsyncram_rq91:auto_generated|ALTSYNCRAM
 28. |DDS_simple|sine_14bit_256:u_rom_psk|altsyncram:altsyncram_component|altsyncram_rq91:auto_generated|ALTSYNCRAM
 29. |DDS_simple|sine_12bit_256:u_rom_carrier_12|altsyncram:altsyncram_component|altsyncram_nq91:auto_generated|ALTSYNCRAM
 30. |DDS_simple|sine_14bit_256:u_rom_carrier_14|altsyncram:altsyncram_component|altsyncram_rq91:auto_generated|ALTSYNCRAM
 31. |DDS_simple|sine_14bit_256:u_rom_1k|altsyncram:altsyncram_component|altsyncram_rq91:auto_generated|ALTSYNCRAM
 32. |DDS_simple|sine_14bit_256:u_rom_2k|altsyncram:altsyncram_component|altsyncram_rq91:auto_generated|ALTSYNCRAM
 33. |DDS_simple|sine_14bit_256:u_rom_mod|altsyncram:altsyncram_component|altsyncram_rq91:auto_generated|ALTSYNCRAM
 34. Fitter DSP Block Usage Summary
 35. DSP Block Details
 36. Routing Usage Summary
 37. LAB Logic Elements
 38. LAB-wide Signals
 39. LAB Signals Sourced
 40. LAB Signals Sourced Out
 41. LAB Distinct Inputs
 42. I/O Rules Summary
 43. I/O Rules Details
 44. I/O Rules Matrix
 45. Fitter Device Options
 46. Operating Settings and Conditions
 47. Estimated Delay Added for Hold Timing Summary
 48. Estimated Delay Added for Hold Timing Details
 49. Fitter Messages
 50. Fitter Suppressed Messages



----------------
; Legal Notice ;
----------------
Copyright (C) 2018  Intel Corporation. All rights reserved.
Your use of Intel Corporation's design tools, logic functions 
and other software and tools, and its AMPP partner logic 
functions, and any output files from any of the foregoing 
(including device programming or simulation files), and any 
associated documentation or information are expressly subject 
to the terms and conditions of the Intel Program License 
Subscription Agreement, the Intel Quartus Prime License Agreement,
the Intel FPGA IP License Agreement, or other applicable license
agreement, including, without limitation, that your use is for
the sole purpose of programming logic devices manufactured by
Intel and sold by Intel or its authorized distributors.  Please
refer to the applicable agreement for further details.



+--------------------------------------------------------------------------------------+
; Fitter Summary                                                                       ;
+------------------------------------+-------------------------------------------------+
; Fitter Status                      ; Successful - Sat May 30 12:51:15 2026           ;
; Quartus Prime Version              ; 18.1.0 Build 625 09/12/2018 SJ Standard Edition ;
; Revision Name                      ; DDS_simple                                      ;
; Top-level Entity Name              ; DDS_simple                                      ;
; Family                             ; Cyclone IV E                                    ;
; Device                             ; EP4CE6F17C8                                     ;
; Timing Models                      ; Final                                           ;
; Total logic elements               ; 3,645 / 6,272 ( 58 % )                          ;
;     Total combinational functions  ; 3,597 / 6,272 ( 57 % )                          ;
;     Dedicated logic registers      ; 671 / 6,272 ( 11 % )                            ;
; Total registers                    ; 671                                             ;
; Total pins                         ; 41 / 180 ( 23 % )                               ;
; Total virtual pins                 ; 0                                               ;
; Total memory bits                  ; 24,576 / 276,480 ( 9 % )                        ;
; Embedded Multiplier 9-bit elements ; 24 / 30 ( 80 % )                                ;
; Total PLLs                         ; 1 / 2 ( 50 % )                                  ;
+------------------------------------+-------------------------------------------------+


+----------------------------------------------------------------------------------------------------------------------------------------------------+
; Fitter Settings                                                                                                                                    ;
+--------------------------------------------------------------------+---------------------------------------+---------------------------------------+
; Option                                                             ; Setting                               ; Default Value                         ;
+--------------------------------------------------------------------+---------------------------------------+---------------------------------------+
; Device                                                             ; EP4CE6F17C8                           ;                                       ;
; Nominal Core Supply Voltage                                        ; 1.2V                                  ;                                       ;
; Minimum Core Junction Temperature                                  ; 0                                     ;                                       ;
; Maximum Core Junction Temperature                                  ; 85                                    ;                                       ;
; Fit Attempts to Skip                                               ; 0                                     ; 0.0                                   ;
; Use smart compilation                                              ; Off                                   ; Off                                   ;
; Enable parallel Assembler and Timing Analyzer during compilation   ; On                                    ; On                                    ;
; Enable compact report table                                        ; Off                                   ; Off                                   ;
; Auto Merge PLLs                                                    ; On                                    ; On                                    ;
; Router Timing Optimization Level                                   ; Normal                                ; Normal                                ;
; Perform Clocking Topology Analysis During Routing                  ; Off                                   ; Off                                   ;
; Placement Effort Multiplier                                        ; 1.0                                   ; 1.0                                   ;
; Router Effort Multiplier                                           ; 1.0                                   ; 1.0                                   ;
; Optimize Hold Timing                                               ; All Paths                             ; All Paths                             ;
; Optimize Multi-Corner Timing                                       ; On                                    ; On                                    ;
; Power Optimization During Fitting                                  ; Normal compilation                    ; Normal compilation                    ;
; SSN Optimization                                                   ; Off                                   ; Off                                   ;
; Optimize Timing                                                    ; Normal compilation                    ; Normal compilation                    ;
; Optimize Timing for ECOs                                           ; Off                                   ; Off                                   ;
; Regenerate Full Fit Report During ECO Compiles                     ; Off                                   ; Off                                   ;
; Optimize IOC Register Placement for Timing                         ; Normal                                ; Normal                                ;
; Limit to One Fitting Attempt                                       ; Off                                   ; Off                                   ;
; Final Placement Optimizations                                      ; Automatically                         ; Automatically                         ;
; Fitter Aggressive Routability Optimizations                        ; Automatically                         ; Automatically                         ;
; Fitter Initial Placement Seed                                      ; 1                                     ; 1                                     ;
; Periphery to Core Placement and Routing Optimization               ; Off                                   ; Off                                   ;
; PCI I/O                                                            ; Off                                   ; Off                                   ;
; Weak Pull-Up Resistor                                              ; Off                                   ; Off                                   ;
; Enable Bus-Hold Circuitry                                          ; Off                                   ; Off                                   ;
; Auto Packed Registers                                              ; Auto                                  ; Auto                                  ;
; Auto Delay Chains                                                  ; On                                    ; On                                    ;
; Auto Delay Chains for High Fanout Input Pins                       ; Off                                   ; Off                                   ;
; Allow Single-ended Buffer for Differential-XSTL Input              ; Off                                   ; Off                                   ;
; Treat Bidirectional Pin as Output Pin                              ; Off                                   ; Off                                   ;
; Perform Physical Synthesis for Combinational Logic for Fitting     ; Off                                   ; Off                                   ;
; Perform Physical Synthesis for Combinational Logic for Performance ; Off                                   ; Off                                   ;
; Perform Register Duplication for Performance                       ; Off                                   ; Off                                   ;
; Perform Logic to Memory Mapping for Fitting                        ; Off                                   ; Off                                   ;
; Perform Register Retiming for Performance                          ; Off                                   ; Off                                   ;
; Perform Asynchronous Signal Pipelining                             ; Off                                   ; Off                                   ;
; Fitter Effort                                                      ; Auto Fit                              ; Auto Fit                              ;
; Physical Synthesis Effort Level                                    ; Normal                                ; Normal                                ;
; Logic Cell Insertion - Logic Duplication                           ; Auto                                  ; Auto                                  ;
; Auto Register Duplication                                          ; Auto                                  ; Auto                                  ;
; Auto Global Clock                                                  ; On                                    ; On                                    ;
; Auto Global Register Control Signals                               ; On                                    ; On                                    ;
; Reserve all unused pins                                            ; As input tri-stated with weak pull-up ; As input tri-stated with weak pull-up ;
; Synchronizer Identification                                        ; Auto                                  ; Auto                                  ;
; Enable Beneficial Skew Optimization                                ; On                                    ; On                                    ;
; Optimize Design for Metastability                                  ; On                                    ; On                                    ;
; Force Fitter to Avoid Periphery Placement Warnings                 ; Off                                   ; Off                                   ;
; Enable input tri-state on active configuration pins in user mode   ; Off                                   ; Off                                   ;
+--------------------------------------------------------------------+---------------------------------------+---------------------------------------+


+------------------------------------------+
; Parallel Compilation                     ;
+----------------------------+-------------+
; Processors                 ; Number      ;
+----------------------------+-------------+
; Number detected on machine ; 22          ;
; Maximum allowed            ; 16          ;
;                            ;             ;
; Average used               ; 1.36        ;
; Maximum used               ; 16          ;
;                            ;             ;
; Usage by Processor         ; % Time Used ;
;     Processor 1            ; 100.0%      ;
;     Processor 2            ;   3.1%      ;
;     Processor 3            ;   2.9%      ;
;     Processor 4            ;   2.8%      ;
;     Processor 5            ;   2.7%      ;
;     Processor 6            ;   2.6%      ;
;     Processor 7            ;   2.5%      ;
;     Processor 8            ;   2.4%      ;
;     Processors 9-16        ;   2.1%      ;
+----------------------------+-------------+


+------------------------------------------------------------------------------------------------------------------------------------------------------------------------------------------------------------------------+
; Fitter Netlist Optimizations                                                                                                                                                                                           ;
+----------------------------------+-----------------+------------------+---------------------+-----------+----------------+--------------------------------------------------+------------------+-----------------------+
; Node                             ; Action          ; Operation        ; Reason              ; Node Port ; Node Port Name ; Destination Node                                 ; Destination Port ; Destination Port Name ;
+----------------------------------+-----------------+------------------+---------------------+-----------+----------------+--------------------------------------------------+------------------+-----------------------+
; MCU_uart:u_mcu_uart|data_out[0]  ; Packed Register ; Register Packing ; Timing optimization ; Q         ;                ; lpm_mult:Mult1|mult_fft:auto_generated|mac_mult1 ; DATAA            ;                       ;
; MCU_uart:u_mcu_uart|data_out[0]  ; Duplicated      ; Register Packing ; Timing optimization ; Q         ;                ; MCU_uart:u_mcu_uart|data_out[0]~_Duplicate_1     ; Q                ;                       ;
; MCU_uart:u_mcu_uart|data_out[1]  ; Packed Register ; Register Packing ; Timing optimization ; Q         ;                ; lpm_mult:Mult1|mult_fft:auto_generated|mac_mult1 ; DATAA            ;                       ;
; MCU_uart:u_mcu_uart|data_out[1]  ; Duplicated      ; Register Packing ; Timing optimization ; Q         ;                ; MCU_uart:u_mcu_uart|data_out[1]~_Duplicate_1     ; Q                ;                       ;
; MCU_uart:u_mcu_uart|data_out[2]  ; Packed Register ; Register Packing ; Timing optimization ; Q         ;                ; lpm_mult:Mult1|mult_fft:auto_generated|mac_mult1 ; DATAA            ;                       ;
; MCU_uart:u_mcu_uart|data_out[2]  ; Duplicated      ; Register Packing ; Timing optimization ; Q         ;                ; MCU_uart:u_mcu_uart|data_out[2]~_Duplicate_1     ; Q                ;                       ;
; MCU_uart:u_mcu_uart|data_out[3]  ; Packed Register ; Register Packing ; Timing optimization ; Q         ;                ; lpm_mult:Mult1|mult_fft:auto_generated|mac_mult1 ; DATAA            ;                       ;
; MCU_uart:u_mcu_uart|data_out[3]  ; Duplicated      ; Register Packing ; Timing optimization ; Q         ;                ; MCU_uart:u_mcu_uart|data_out[3]~_Duplicate_1     ; Q                ;                       ;
; MCU_uart:u_mcu_uart|data_out[4]  ; Packed Register ; Register Packing ; Timing optimization ; Q         ;                ; lpm_mult:Mult1|mult_fft:auto_generated|mac_mult1 ; DATAA            ;                       ;
; MCU_uart:u_mcu_uart|data_out[4]  ; Duplicated      ; Register Packing ; Timing optimization ; Q         ;                ; MCU_uart:u_mcu_uart|data_out[4]~_Duplicate_1     ; Q                ;                       ;
; MCU_uart:u_mcu_uart|data_out[5]  ; Packed Register ; Register Packing ; Timing optimization ; Q         ;                ; lpm_mult:Mult1|mult_fft:auto_generated|mac_mult1 ; DATAA            ;                       ;
; MCU_uart:u_mcu_uart|data_out[5]  ; Duplicated      ; Register Packing ; Timing optimization ; Q         ;                ; MCU_uart:u_mcu_uart|data_out[5]~_Duplicate_1     ; Q                ;                       ;
; MCU_uart:u_mcu_uart|data_out[6]  ; Packed Register ; Register Packing ; Timing optimization ; Q         ;                ; lpm_mult:Mult1|mult_fft:auto_generated|mac_mult1 ; DATAA            ;                       ;
; MCU_uart:u_mcu_uart|data_out[6]  ; Duplicated      ; Register Packing ; Timing optimization ; Q         ;                ; MCU_uart:u_mcu_uart|data_out[6]~_Duplicate_1     ; Q                ;                       ;
; MCU_uart:u_mcu_uart|data_out[7]  ; Packed Register ; Register Packing ; Timing optimization ; Q         ;                ; lpm_mult:Mult1|mult_fft:auto_generated|mac_mult1 ; DATAA            ;                       ;
; MCU_uart:u_mcu_uart|data_out[7]  ; Duplicated      ; Register Packing ; Timing optimization ; Q         ;                ; MCU_uart:u_mcu_uart|data_out[7]~_Duplicate_1     ; Q                ;                       ;
; MCU_uart:u_mcu_uart|data_out[8]  ; Packed Register ; Register Packing ; Timing optimization ; Q         ;                ; lpm_mult:Mult1|mult_fft:auto_generated|mac_mult1 ; DATAA            ;                       ;
; MCU_uart:u_mcu_uart|data_out[8]  ; Duplicated      ; Register Packing ; Timing optimization ; Q         ;                ; MCU_uart:u_mcu_uart|data_out[8]~_Duplicate_1     ; Q                ;                       ;
; MCU_uart:u_mcu_uart|data_out[9]  ; Packed Register ; Register Packing ; Timing optimization ; Q         ;                ; lpm_mult:Mult1|mult_fft:auto_generated|mac_mult1 ; DATAA            ;                       ;
; MCU_uart:u_mcu_uart|data_out[9]  ; Duplicated      ; Register Packing ; Timing optimization ; Q         ;                ; MCU_uart:u_mcu_uart|data_out[9]~_Duplicate_1     ; Q                ;                       ;
; MCU_uart:u_mcu_uart|data_out[10] ; Packed Register ; Register Packing ; Timing optimization ; Q         ;                ; lpm_mult:Mult1|mult_fft:auto_generated|mac_mult1 ; DATAA            ;                       ;
; MCU_uart:u_mcu_uart|data_out[10] ; Duplicated      ; Register Packing ; Timing optimization ; Q         ;                ; MCU_uart:u_mcu_uart|data_out[10]~_Duplicate_1    ; Q                ;                       ;
; MCU_uart:u_mcu_uart|data_out[11] ; Packed Register ; Register Packing ; Timing optimization ; Q         ;                ; lpm_mult:Mult1|mult_fft:auto_generated|mac_mult1 ; DATAA            ;                       ;
; MCU_uart:u_mcu_uart|data_out[11] ; Duplicated      ; Register Packing ; Timing optimization ; Q         ;                ; MCU_uart:u_mcu_uart|data_out[11]~_Duplicate_1    ; Q                ;                       ;
; MCU_uart:u_mcu_uart|data_out[12] ; Packed Register ; Register Packing ; Timing optimization ; Q         ;                ; lpm_mult:Mult1|mult_fft:auto_generated|mac_mult1 ; DATAA            ;                       ;
; MCU_uart:u_mcu_uart|data_out[12] ; Duplicated      ; Register Packing ; Timing optimization ; Q         ;                ; MCU_uart:u_mcu_uart|data_out[12]~_Duplicate_1    ; Q                ;                       ;
; MCU_uart:u_mcu_uart|data_out[13] ; Packed Register ; Register Packing ; Timing optimization ; Q         ;                ; lpm_mult:Mult1|mult_fft:auto_generated|mac_mult1 ; DATAA            ;                       ;
; MCU_uart:u_mcu_uart|data_out[13] ; Duplicated      ; Register Packing ; Timing optimization ; Q         ;                ; MCU_uart:u_mcu_uart|data_out[13]~_Duplicate_1    ; Q                ;                       ;
; MCU_uart:u_mcu_uart|data_out[14] ; Packed Register ; Register Packing ; Timing optimization ; Q         ;                ; lpm_mult:Mult1|mult_fft:auto_generated|mac_mult1 ; DATAA            ;                       ;
; MCU_uart:u_mcu_uart|data_out[14] ; Duplicated      ; Register Packing ; Timing optimization ; Q         ;                ; MCU_uart:u_mcu_uart|data_out[14]~_Duplicate_1    ; Q                ;                       ;
; MCU_uart:u_mcu_uart|data_out[15] ; Packed Register ; Register Packing ; Timing optimization ; Q         ;                ; lpm_mult:Mult1|mult_fft:auto_generated|mac_mult1 ; DATAA            ;                       ;
; MCU_uart:u_mcu_uart|data_out[15] ; Duplicated      ; Register Packing ; Timing optimization ; Q         ;                ; MCU_uart:u_mcu_uart|data_out[15]~_Duplicate_1    ; Q                ;                       ;
; MCU_uart:u_mcu_uart|data_out[16] ; Packed Register ; Register Packing ; Timing optimization ; Q         ;                ; lpm_mult:Mult1|mult_fft:auto_generated|mac_mult1 ; DATAA            ;                       ;
; MCU_uart:u_mcu_uart|data_out[16] ; Duplicated      ; Register Packing ; Timing optimization ; Q         ;                ; MCU_uart:u_mcu_uart|data_out[16]~_Duplicate_1    ; Q                ;                       ;
; MCU_uart:u_mcu_uart|data_out[17] ; Packed Register ; Register Packing ; Timing optimization ; Q         ;                ; lpm_mult:Mult1|mult_fft:auto_generated|mac_mult1 ; DATAA            ;                       ;
; MCU_uart:u_mcu_uart|data_out[17] ; Duplicated      ; Register Packing ; Timing optimization ; Q         ;                ; MCU_uart:u_mcu_uart|data_out[17]~_Duplicate_1    ; Q                ;                       ;
; MCU_uart:u_mcu_uart|data_out[18] ; Packed Register ; Register Packing ; Timing optimization ; Q         ;                ; lpm_mult:Mult1|mult_fft:auto_generated|mac_mult3 ; DATAA            ;                       ;
; MCU_uart:u_mcu_uart|data_out[18] ; Duplicated      ; Register Packing ; Timing optimization ; Q         ;                ; MCU_uart:u_mcu_uart|data_out[18]~_Duplicate_1    ; Q                ;                       ;
; MCU_uart:u_mcu_uart|data_out[19] ; Packed Register ; Register Packing ; Timing optimization ; Q         ;                ; lpm_mult:Mult1|mult_fft:auto_generated|mac_mult3 ; DATAA            ;                       ;
; MCU_uart:u_mcu_uart|data_out[19] ; Duplicated      ; Register Packing ; Timing optimization ; Q         ;                ; MCU_uart:u_mcu_uart|data_out[19]~_Duplicate_1    ; Q                ;                       ;
; MCU_uart:u_mcu_uart|data_out[20] ; Packed Register ; Register Packing ; Timing optimization ; Q         ;                ; lpm_mult:Mult1|mult_fft:auto_generated|mac_mult3 ; DATAA            ;                       ;
; MCU_uart:u_mcu_uart|data_out[20] ; Duplicated      ; Register Packing ; Timing optimization ; Q         ;                ; MCU_uart:u_mcu_uart|data_out[20]~_Duplicate_1    ; Q                ;                       ;
; MCU_uart:u_mcu_uart|data_out[21] ; Packed Register ; Register Packing ; Timing optimization ; Q         ;                ; lpm_mult:Mult1|mult_fft:auto_generated|mac_mult3 ; DATAA            ;                       ;
; MCU_uart:u_mcu_uart|data_out[21] ; Duplicated      ; Register Packing ; Timing optimization ; Q         ;                ; MCU_uart:u_mcu_uart|data_out[21]~_Duplicate_1    ; Q                ;                       ;
; MCU_uart:u_mcu_uart|data_out[22] ; Packed Register ; Register Packing ; Timing optimization ; Q         ;                ; lpm_mult:Mult1|mult_fft:auto_generated|mac_mult3 ; DATAA            ;                       ;
; MCU_uart:u_mcu_uart|data_out[22] ; Duplicated      ; Register Packing ; Timing optimization ; Q         ;                ; MCU_uart:u_mcu_uart|data_out[22]~_Duplicate_1    ; Q                ;                       ;
; MCU_uart:u_mcu_uart|data_out[23] ; Packed Register ; Register Packing ; Timing optimization ; Q         ;                ; lpm_mult:Mult1|mult_fft:auto_generated|mac_mult3 ; DATAA            ;                       ;
; MCU_uart:u_mcu_uart|data_out[23] ; Duplicated      ; Register Packing ; Timing optimization ; Q         ;                ; MCU_uart:u_mcu_uart|data_out[23]~_Duplicate_1    ; Q                ;                       ;
; MCU_uart:u_mcu_uart|data_out[24] ; Packed Register ; Register Packing ; Timing optimization ; Q         ;                ; lpm_mult:Mult1|mult_fft:auto_generated|mac_mult3 ; DATAA            ;                       ;
; MCU_uart:u_mcu_uart|data_out[24] ; Duplicated      ; Register Packing ; Timing optimization ; Q         ;                ; MCU_uart:u_mcu_uart|data_out[24]~_Duplicate_1    ; Q                ;                       ;
; MCU_uart:u_mcu_uart|data_out[25] ; Packed Register ; Register Packing ; Timing optimization ; Q         ;                ; lpm_mult:Mult1|mult_fft:auto_generated|mac_mult3 ; DATAA            ;                       ;
; MCU_uart:u_mcu_uart|data_out[25] ; Duplicated      ; Register Packing ; Timing optimization ; Q         ;                ; MCU_uart:u_mcu_uart|data_out[25]~_Duplicate_1    ; Q                ;                       ;
; MCU_uart:u_mcu_uart|data_out[26] ; Packed Register ; Register Packing ; Timing optimization ; Q         ;                ; lpm_mult:Mult1|mult_fft:auto_generated|mac_mult3 ; DATAA            ;                       ;
; MCU_uart:u_mcu_uart|data_out[26] ; Duplicated      ; Register Packing ; Timing optimization ; Q         ;                ; MCU_uart:u_mcu_uart|data_out[26]~_Duplicate_1    ; Q                ;                       ;
; MCU_uart:u_mcu_uart|data_out[27] ; Packed Register ; Register Packing ; Timing optimization ; Q         ;                ; lpm_mult:Mult1|mult_fft:auto_generated|mac_mult3 ; DATAA            ;                       ;
; MCU_uart:u_mcu_uart|data_out[27] ; Duplicated      ; Register Packing ; Timing optimization ; Q         ;                ; MCU_uart:u_mcu_uart|data_out[27]~_Duplicate_1    ; Q                ;                       ;
; MCU_uart:u_mcu_uart|data_out[28] ; Packed Register ; Register Packing ; Timing optimization ; Q         ;                ; lpm_mult:Mult1|mult_fft:auto_generated|mac_mult3 ; DATAA            ;                       ;
; MCU_uart:u_mcu_uart|data_out[28] ; Duplicated      ; Register Packing ; Timing optimization ; Q         ;                ; MCU_uart:u_mcu_uart|data_out[28]~_Duplicate_1    ; Q                ;                       ;
; MCU_uart:u_mcu_uart|data_out[29] ; Packed Register ; Register Packing ; Timing optimization ; Q         ;                ; lpm_mult:Mult1|mult_fft:auto_generated|mac_mult3 ; DATAA            ;                       ;
; MCU_uart:u_mcu_uart|data_out[29] ; Duplicated      ; Register Packing ; Timing optimization ; Q         ;                ; MCU_uart:u_mcu_uart|data_out[29]~_Duplicate_1    ; Q                ;                       ;
; MCU_uart:u_mcu_uart|data_out[30] ; Packed Register ; Register Packing ; Timing optimization ; Q         ;                ; lpm_mult:Mult1|mult_fft:auto_generated|mac_mult3 ; DATAA            ;                       ;
; MCU_uart:u_mcu_uart|data_out[30] ; Duplicated      ; Register Packing ; Timing optimization ; Q         ;                ; MCU_uart:u_mcu_uart|data_out[30]~_Duplicate_1    ; Q                ;                       ;
; MCU_uart:u_mcu_uart|data_out[31] ; Packed Register ; Register Packing ; Timing optimization ; Q         ;                ; lpm_mult:Mult1|mult_fft:auto_generated|mac_mult3 ; DATAA            ;                       ;
; MCU_uart:u_mcu_uart|data_out[31] ; Duplicated      ; Register Packing ; Timing optimization ; Q         ;                ; MCU_uart:u_mcu_uart|data_out[31]~_Duplicate_1    ; Q                ;                       ;
+----------------------------------+-----------------+------------------+---------------------+-----------+----------------+--------------------------------------------------+------------------+-----------------------+


+---------------------------------------------------------------------------------------------------+
; Incremental Compilation Preservation Summary                                                      ;
+---------------------+---------------------+----------------------------+--------------------------+
; Type                ; Total [A + B]       ; From Design Partitions [A] ; From Rapid Recompile [B] ;
+---------------------+---------------------+----------------------------+--------------------------+
; Placement (by node) ;                     ;                            ;                          ;
;     -- Requested    ; 0.00 % ( 0 / 4484 ) ; 0.00 % ( 0 / 4484 )        ; 0.00 % ( 0 / 4484 )      ;
;     -- Achieved     ; 0.00 % ( 0 / 4484 ) ; 0.00 % ( 0 / 4484 )        ; 0.00 % ( 0 / 4484 )      ;
;                     ;                     ;                            ;                          ;
; Routing (by net)    ;                     ;                            ;                          ;
;     -- Requested    ; 0.00 % ( 0 / 0 )    ; 0.00 % ( 0 / 0 )           ; 0.00 % ( 0 / 0 )         ;
;     -- Achieved     ; 0.00 % ( 0 / 0 )    ; 0.00 % ( 0 / 0 )           ; 0.00 % ( 0 / 0 )         ;
+---------------------+---------------------+----------------------------+--------------------------+


+----------------------------------------------------------------------------------------------------------------------------------------------------------------------------------------+
; Incremental Compilation Partition Settings                                                                                                                                             ;
+--------------------------------+----------------+-------------------+-------------------------+------------------------+------------------------------+--------------------------------+
; Partition Name                 ; Partition Type ; Netlist Type Used ; Preservation Level Used ; Netlist Type Requested ; Preservation Level Requested ; Contents                       ;
+--------------------------------+----------------+-------------------+-------------------------+------------------------+------------------------------+--------------------------------+
; Top                            ; User-created   ; Source File       ; N/A                     ; Source File            ; N/A                          ;                                ;
; hard_block:auto_generated_inst ; Auto-generated ; Source File       ; N/A                     ; Source File            ; N/A                          ; hard_block:auto_generated_inst ;
+--------------------------------+----------------+-------------------+-------------------------+------------------------+------------------------------+--------------------------------+


+------------------------------------------------------------------------------------------------------------------------------------+
; Incremental Compilation Placement Preservation                                                                                     ;
+--------------------------------+-----------------------+-------------------------+-------------------+---------------------+-------+
; Partition Name                 ; Preservation Achieved ; Preservation Level Used ; Netlist Type Used ; Preservation Method ; Notes ;
+--------------------------------+-----------------------+-------------------------+-------------------+---------------------+-------+
; Top                            ; 0.00 % ( 0 / 4472 )   ; N/A                     ; Source File       ; N/A                 ;       ;
; hard_block:auto_generated_inst ; 0.00 % ( 0 / 12 )     ; N/A                     ; Source File       ; N/A                 ;       ;
+--------------------------------+-----------------------+-------------------------+-------------------+---------------------+-------+


+--------------+
; Pin-Out File ;
+--------------+
The pin-out file can be found in C:/Users/HUAWEI/Desktop/DDS-main/DDS-main/DDS_FPGA/output_files/DDS_simple.pin.


+-------------------------------------------------------------------------+
; Fitter Resource Usage Summary                                           ;
+---------------------------------------------+---------------------------+
; Resource                                    ; Usage                     ;
+---------------------------------------------+---------------------------+
; Total logic elements                        ; 3,645 / 6,272 ( 58 % )    ;
;     -- Combinational with no register       ; 2974                      ;
;     -- Register only                        ; 48                        ;
;     -- Combinational with a register        ; 623                       ;
;                                             ;                           ;
; Logic element usage by number of LUT inputs ;                           ;
;     -- 4 input functions                    ; 937                       ;
;     -- 3 input functions                    ; 1212                      ;
;     -- <=2 input functions                  ; 1448                      ;
;     -- Register only                        ; 48                        ;
;                                             ;                           ;
; Logic elements by mode                      ;                           ;
;     -- normal mode                          ; 2195                      ;
;     -- arithmetic mode                      ; 1402                      ;
;                                             ;                           ;
; Total registers*                            ; 671 / 7,124 ( 9 % )       ;
;     -- Dedicated logic registers            ; 671 / 6,272 ( 11 % )      ;
;     -- I/O registers                        ; 0 / 852 ( 0 % )           ;
;                                             ;                           ;
; Total LABs:  partially or completely used   ; 275 / 392 ( 70 % )        ;
; Virtual pins                                ; 0                         ;
; I/O pins                                    ; 41 / 180 ( 23 % )         ;
;     -- Clock pins                           ; 1 / 3 ( 33 % )            ;
;     -- Dedicated input pins                 ; 0 / 9 ( 0 % )             ;
;                                             ;                           ;
; M9Ks                                        ; 6 / 30 ( 20 % )           ;
; Total block memory bits                     ; 24,576 / 276,480 ( 9 % )  ;
; Total block memory implementation bits      ; 55,296 / 276,480 ( 20 % ) ;
; Embedded Multiplier 9-bit elements          ; 24 / 30 ( 80 % )          ;
; PLLs                                        ; 1 / 2 ( 50 % )            ;
; Global signals                              ; 2                         ;
;     -- Global clocks                        ; 2 / 10 ( 20 % )           ;
; JTAGs                                       ; 0 / 1 ( 0 % )             ;
; CRC blocks                                  ; 0 / 1 ( 0 % )             ;
; ASMI blocks                                 ; 0 / 1 ( 0 % )             ;
; Oscillator blocks                           ; 0 / 1 ( 0 % )             ;
; Impedance control blocks                    ; 0 / 4 ( 0 % )             ;
; Average interconnect usage (total/H/V)      ; 9.1% / 8.4% / 10.0%       ;
; Peak interconnect usage (total/H/V)         ; 18.2% / 16.9% / 20.0%     ;
; Maximum fan-out                             ; 679                       ;
; Highest non-global fan-out                  ; 592                       ;
; Total fan-out                               ; 12843                     ;
; Average fan-out                             ; 2.90                      ;
+---------------------------------------------+---------------------------+
*  Register count does not include registers inside RAM blocks or DSP blocks.



+-----------------------------------------------------------------------------------------------------+
; Fitter Partition Statistics                                                                         ;
+---------------------------------------------+----------------------+--------------------------------+
; Statistic                                   ; Top                  ; hard_block:auto_generated_inst ;
+---------------------------------------------+----------------------+--------------------------------+
; Difficulty Clustering Region                ; Low                  ; Low                            ;
;                                             ;                      ;                                ;
; Total logic elements                        ; 3645 / 6272 ( 58 % ) ; 0 / 6272 ( 0 % )               ;
;     -- Combinational with no register       ; 2974                 ; 0                              ;
;     -- Register only                        ; 48                   ; 0                              ;
;     -- Combinational with a register        ; 623                  ; 0                              ;
;                                             ;                      ;                                ;
; Logic element usage by number of LUT inputs ;                      ;                                ;
;     -- 4 input functions                    ; 937                  ; 0                              ;
;     -- 3 input functions                    ; 1212                 ; 0                              ;
;     -- <=2 input functions                  ; 1448                 ; 0                              ;
;     -- Register only                        ; 48                   ; 0                              ;
;                                             ;                      ;                                ;
; Logic elements by mode                      ;                      ;                                ;
;     -- normal mode                          ; 2195                 ; 0                              ;
;     -- arithmetic mode                      ; 1402                 ; 0                              ;
;                                             ;                      ;                                ;
; Total registers                             ; 671                  ; 0                              ;
;     -- Dedicated logic registers            ; 671 / 6272 ( 11 % )  ; 0 / 6272 ( 0 % )               ;
;     -- I/O registers                        ; 0                    ; 0                              ;
;                                             ;                      ;                                ;
; Total LABs:  partially or completely used   ; 275 / 392 ( 70 % )   ; 0 / 392 ( 0 % )                ;
;                                             ;                      ;                                ;
; Virtual pins                                ; 0                    ; 0                              ;
; I/O pins                                    ; 41                   ; 0                              ;
; Embedded Multiplier 9-bit elements          ; 24 / 30 ( 80 % )     ; 0 / 30 ( 0 % )                 ;
; Total memory bits                           ; 24576                ; 0                              ;
; Total RAM block bits                        ; 55296                ; 0                              ;
; PLL                                         ; 0 / 2 ( 0 % )        ; 1 / 2 ( 50 % )                 ;
; M9K                                         ; 6 / 30 ( 20 % )      ; 0 / 30 ( 0 % )                 ;
; Clock control block                         ; 1 / 12 ( 8 % )       ; 1 / 12 ( 8 % )                 ;
;                                             ;                      ;                                ;
; Connections                                 ;                      ;                                ;
;     -- Input Connections                    ; 2                    ; 1                              ;
;     -- Registered Input Connections         ; 0                    ; 0                              ;
;     -- Output Connections                   ; 1                    ; 2                              ;
;     -- Registered Output Connections        ; 0                    ; 0                              ;
;                                             ;                      ;                                ;
; Internal Connections                        ;                      ;                                ;
;     -- Total Connections                    ; 13343                ; 10                             ;
;     -- Registered Connections               ; 2499                 ; 0                              ;
;                                             ;                      ;                                ;
; External Connections                        ;                      ;                                ;
;     -- Top                                  ; 0                    ; 3                              ;
;     -- hard_block:auto_generated_inst       ; 3                    ; 0                              ;
;                                             ;                      ;                                ;
; Partition Interface                         ;                      ;                                ;
;     -- Input Ports                          ; 8                    ; 1                              ;
;     -- Output Ports                         ; 33                   ; 2                              ;
;     -- Bidir Ports                          ; 0                    ; 0                              ;
;                                             ;                      ;                                ;
; Registered Ports                            ;                      ;                                ;
;     -- Registered Input Ports               ; 0                    ; 0                              ;
;     -- Registered Output Ports              ; 0                    ; 0                              ;
;                                             ;                      ;                                ;
; Port Connectivity                           ;                      ;                                ;
;     -- Input Ports driven by GND            ; 0                    ; 0                              ;
;     -- Output Ports driven by GND           ; 0                    ; 0                              ;
;     -- Input Ports driven by VCC            ; 0                    ; 0                              ;
;     -- Output Ports driven by VCC           ; 0                    ; 0                              ;
;     -- Input Ports with no Source           ; 0                    ; 0                              ;
;     -- Output Ports with no Source          ; 0                    ; 0                              ;
;     -- Input Ports with no Fanout           ; 0                    ; 0                              ;
;     -- Output Ports with no Fanout          ; 0                    ; 0                              ;
+---------------------------------------------+----------------------+--------------------------------+


+----------------------------------------------------------------------------------------------------------------------------------------------------------------------------------------------------------------------------------------------------------------------------------------------+
; Input Pins                                                                                                                                                                                                                                                                                   ;
+-------------+-------+----------+--------------+--------------+--------------+-----------------------+--------------------+--------+----------------+---------------+-----------------+----------+--------------+--------------+---------------------------+----------------------+-----------+
; Name        ; Pin # ; I/O Bank ; X coordinate ; Y coordinate ; Z coordinate ; Combinational Fan-Out ; Registered Fan-Out ; Global ; Input Register ; Power Up High ; PCI I/O Enabled ; Bus Hold ; Weak Pull Up ; I/O Standard ; Termination Control Block ; Location assigned by ; Slew Rate ;
+-------------+-------+----------+--------------+--------------+--------------+-----------------------+--------------------+--------+----------------+---------------+-----------------+----------+--------------+--------------+---------------------------+----------------------+-----------+
; clk         ; E1    ; 1        ; 0            ; 11           ; 7            ; 680                   ; 0                  ; yes    ; no             ; no            ; yes             ; no       ; Off          ; 2.5 V        ; --                        ; User                 ; no        ;
; rst_n       ; J14   ; 5        ; 34           ; 10           ; 0            ; 592                   ; 0                  ; no     ; no             ; no            ; yes             ; no       ; Off          ; 2.5 V        ; --                        ; User                 ; no        ;
; sw_ask      ; N13   ; 5        ; 34           ; 2            ; 21           ; 41                    ; 0                  ; no     ; no             ; no            ; yes             ; no       ; Off          ; 2.5 V        ; --                        ; User                 ; no        ;
; sw_change_a ; M12   ; 5        ; 34           ; 2            ; 14           ; 20                    ; 0                  ; no     ; no             ; no            ; yes             ; no       ; Off          ; 2.5 V        ; --                        ; User                 ; no        ;
; sw_liss     ; N16   ; 5        ; 34           ; 7            ; 21           ; 20                    ; 0                  ; no     ; no             ; no            ; yes             ; no       ; Off          ; 2.5 V        ; --                        ; User                 ; no        ;
; sw_psk      ; N14   ; 5        ; 34           ; 4            ; 21           ; 41                    ; 0                  ; no     ; no             ; no            ; yes             ; no       ; Off          ; 2.5 V        ; --                        ; User                 ; no        ;
; switch      ; R16   ; 5        ; 34           ; 5            ; 14           ; 38                    ; 0                  ; no     ; no             ; no            ; yes             ; no       ; Off          ; 2.5 V        ; --                        ; User                 ; no        ;
; uart_rx     ; C16   ; 6        ; 34           ; 20           ; 7            ; 14                    ; 0                  ; no     ; no             ; no            ; yes             ; no       ; Off          ; 2.5 V        ; --                        ; User                 ; no        ;
+-------------+-------+----------+--------------+--------------+--------------+-----------------------+--------------------+--------+----------------+---------------+-----------------+----------+--------------+--------------+---------------------------+----------------------+-----------+


+---------------------------------------------------------------------------------------------------------------------------------------------------------------------------------------------------------------------------------------------------------------------------------------------------------------------------------------------------------------------------------------------------------------------------------------------------------------+
; Output Pins                                                                                                                                                                                                                                                                                                                                                                                                                                                   ;
+--------------+-------+----------+--------------+--------------+--------------+-----------------+------------------------+---------------+-----------+-----------------+------------+---------------+----------+--------------+--------------+------------------+-----------------------------------+---------------------------+----------------------------+-----------------------------+----------------------+----------------------+---------------------+
; Name         ; Pin # ; I/O Bank ; X coordinate ; Y coordinate ; Z coordinate ; Output Register ; Output Enable Register ; Power Up High ; Slew Rate ; PCI I/O Enabled ; Open Drain ; TRI Primitive ; Bus Hold ; Weak Pull Up ; I/O Standard ; Current Strength ; Termination                       ; Termination Control Block ; Output Buffer Pre-emphasis ; Voltage Output Differential ; Location assigned by ; Output Enable Source ; Output Enable Group ;
+--------------+-------+----------+--------------+--------------+--------------+-----------------+------------------------+---------------+-----------+-----------------+------------+---------------+----------+--------------+--------------+------------------+-----------------------------------+---------------------------+----------------------------+-----------------------------+----------------------+----------------------+---------------------+
; baseband_out ; T8    ; 3        ; 16           ; 0            ; 0            ; no              ; no                     ; no            ; 2         ; no              ; no         ; no            ; no       ; Off          ; 2.5 V        ; Default          ; Series 50 Ohm without Calibration ; --                        ; no                         ; no                          ; User                 ; -                    ; -                   ;
; led          ; C3    ; 8        ; 1            ; 24           ; 0            ; no              ; no                     ; no            ; 2         ; no              ; no         ; no            ; no       ; Off          ; 2.5 V        ; Default          ; Series 50 Ohm without Calibration ; --                        ; no                         ; no                          ; User                 ; -                    ; -                   ;
; locked       ; C15   ; 6        ; 34           ; 20           ; 0            ; no              ; no                     ; no            ; 2         ; no              ; no         ; no            ; no       ; Off          ; 2.5 V        ; Default          ; Series 50 Ohm without Calibration ; --                        ; no                         ; no                          ; User                 ; -                    ; -                   ;
; out_dacclk   ; T14   ; 4        ; 30           ; 0            ; 14           ; no              ; no                     ; no            ; 2         ; no              ; no         ; no            ; no       ; Off          ; 2.5 V        ; Default          ; Series 50 Ohm without Calibration ; --                        ; no                         ; no                          ; User                 ; -                    ; -                   ;
; pwm_out      ; R8    ; 3        ; 16           ; 0            ; 7            ; no              ; no                     ; no            ; 2         ; no              ; no         ; no            ; no       ; Off          ; 2.5 V        ; Default          ; Series 50 Ohm without Calibration ; --                        ; no                         ; no                          ; User                 ; -                    ; -                   ;
; seg[0]       ; D9    ; 7        ; 18           ; 24           ; 14           ; no              ; no                     ; no            ; 2         ; no              ; no         ; no            ; no       ; Off          ; 2.5 V        ; Default          ; Series 50 Ohm without Calibration ; --                        ; no                         ; no                          ; User                 ; -                    ; -                   ;
; seg[1]       ; E10   ; 7        ; 28           ; 24           ; 21           ; no              ; no                     ; no            ; 2         ; no              ; no         ; no            ; no       ; Off          ; 2.5 V        ; Default          ; Series 50 Ohm without Calibration ; --                        ; no                         ; no                          ; User                 ; -                    ; -                   ;
; seg[2]       ; E8    ; 8        ; 13           ; 24           ; 14           ; no              ; no                     ; no            ; 2         ; no              ; no         ; no            ; no       ; Off          ; 2.5 V        ; Default          ; Series 50 Ohm without Calibration ; --                        ; no                         ; no                          ; User                 ; -                    ; -                   ;
; seg[3]       ; D11   ; 7        ; 32           ; 24           ; 21           ; no              ; no                     ; no            ; 2         ; no              ; no         ; no            ; no       ; Off          ; 2.5 V        ; Default          ; Series 50 Ohm without Calibration ; --                        ; no                         ; no                          ; User                 ; -                    ; -                   ;
; seg[4]       ; C8    ; 8        ; 13           ; 24           ; 0            ; no              ; no                     ; no            ; 2         ; no              ; no         ; no            ; no       ; Off          ; 2.5 V        ; Default          ; Series 50 Ohm without Calibration ; --                        ; no                         ; no                          ; User                 ; -                    ; -                   ;
; seg[5]       ; D8    ; 8        ; 13           ; 24           ; 7            ; no              ; no                     ; no            ; 2         ; no              ; no         ; no            ; no       ; Off          ; 2.5 V        ; Default          ; Series 50 Ohm without Calibration ; --                        ; no                         ; no                          ; User                 ; -                    ; -                   ;
; seg[6]       ; E9    ; 7        ; 18           ; 24           ; 21           ; no              ; no                     ; no            ; 2         ; no              ; no         ; no            ; no       ; Off          ; 2.5 V        ; Default          ; Series 50 Ohm without Calibration ; --                        ; no                         ; no                          ; User                 ; -                    ; -                   ;
; seg[7]       ; C9    ; 7        ; 18           ; 24           ; 7            ; no              ; no                     ; no            ; 2         ; no              ; no         ; no            ; no       ; Off          ; 2.5 V        ; Default          ; Series 50 Ohm without Calibration ; --                        ; no                         ; no                          ; User                 ; -                    ; -                   ;
; sel[0]       ; D12   ; 7        ; 30           ; 24           ; 0            ; no              ; no                     ; no            ; 2         ; no              ; no         ; no            ; no       ; Off          ; 2.5 V        ; Default          ; Series 50 Ohm without Calibration ; --                        ; no                         ; no                          ; User                 ; -                    ; -                   ;
; sel[1]       ; C11   ; 7        ; 23           ; 24           ; 0            ; no              ; no                     ; no            ; 2         ; no              ; no         ; no            ; no       ; Off          ; 2.5 V        ; Default          ; Series 50 Ohm without Calibration ; --                        ; no                         ; no                          ; User                 ; -                    ; -                   ;
; sel[2]       ; F11   ; 7        ; 23           ; 24           ; 21           ; no              ; no                     ; no            ; 2         ; no              ; no         ; no            ; no       ; Off          ; 2.5 V        ; Default          ; Series 50 Ohm without Calibration ; --                        ; no                         ; no                          ; User                 ; -                    ; -                   ;
; sel[3]       ; G11   ; 6        ; 34           ; 20           ; 14           ; no              ; no                     ; no            ; 2         ; no              ; no         ; no            ; no       ; Off          ; 2.5 V        ; Default          ; Series 50 Ohm without Calibration ; --                        ; no                         ; no                          ; User                 ; -                    ; -                   ;
; sel[4]       ; D14   ; 7        ; 32           ; 24           ; 14           ; no              ; no                     ; no            ; 2         ; no              ; no         ; no            ; no       ; Off          ; 2.5 V        ; Default          ; Series 50 Ohm without Calibration ; --                        ; no                         ; no                          ; User                 ; -                    ; -                   ;
; sel[5]       ; C14   ; 7        ; 32           ; 24           ; 7            ; no              ; no                     ; no            ; 2         ; no              ; no         ; no            ; no       ; Off          ; 2.5 V        ; Default          ; Series 50 Ohm without Calibration ; --                        ; no                         ; no                          ; User                 ; -                    ; -                   ;
; sine_out[0]  ; R10   ; 4        ; 21           ; 0            ; 7            ; no              ; no                     ; no            ; 2         ; no              ; no         ; no            ; no       ; Off          ; 2.5 V        ; Default          ; Series 50 Ohm without Calibration ; --                        ; no                         ; no                          ; User                 ; -                    ; -                   ;
; sine_out[10] ; M10   ; 4        ; 28           ; 0            ; 0            ; no              ; no                     ; no            ; 2         ; no              ; no         ; no            ; no       ; Off          ; 2.5 V        ; Default          ; Series 50 Ohm without Calibration ; --                        ; no                         ; no                          ; User                 ; -                    ; -                   ;
; sine_out[11] ; R11   ; 4        ; 23           ; 0            ; 14           ; no              ; no                     ; no            ; 2         ; no              ; no         ; no            ; no       ; Off          ; 2.5 V        ; Default          ; Series 50 Ohm without Calibration ; --                        ; no                         ; no                          ; User                 ; -                    ; -                   ;
; sine_out[12] ; T13   ; 4        ; 28           ; 0            ; 7            ; no              ; no                     ; no            ; 2         ; no              ; no         ; no            ; no       ; Off          ; 2.5 V        ; Default          ; Series 50 Ohm without Calibration ; --                        ; no                         ; no                          ; User                 ; -                    ; -                   ;
; sine_out[13] ; R13   ; 4        ; 28           ; 0            ; 14           ; no              ; no                     ; no            ; 2         ; no              ; no         ; no            ; no       ; Off          ; 2.5 V        ; Default          ; Series 50 Ohm without Calibration ; --                        ; no                         ; no                          ; User                 ; -                    ; -                   ;
; sine_out[1]  ; T11   ; 4        ; 23           ; 0            ; 7            ; no              ; no                     ; no            ; 2         ; no              ; no         ; no            ; no       ; Off          ; 2.5 V        ; Default          ; Series 50 Ohm without Calibration ; --                        ; no                         ; no                          ; User                 ; -                    ; -                   ;
; sine_out[2]  ; M11   ; 4        ; 32           ; 0            ; 7            ; no              ; no                     ; no            ; 2         ; no              ; no         ; no            ; no       ; Off          ; 2.5 V        ; Default          ; Series 50 Ohm without Calibration ; --                        ; no                         ; no                          ; User                 ; -                    ; -                   ;
; sine_out[3]  ; N12   ; 4        ; 32           ; 0            ; 0            ; no              ; no                     ; no            ; 2         ; no              ; no         ; no            ; no       ; Off          ; 2.5 V        ; Default          ; Series 50 Ohm without Calibration ; --                        ; no                         ; no                          ; User                 ; -                    ; -                   ;
; sine_out[4]  ; P8    ; 3        ; 16           ; 0            ; 14           ; no              ; no                     ; no            ; 2         ; no              ; no         ; no            ; no       ; Off          ; 2.5 V        ; Default          ; Series 50 Ohm without Calibration ; --                        ; no                         ; no                          ; User                 ; -                    ; -                   ;
; sine_out[5]  ; N8    ; 3        ; 16           ; 0            ; 21           ; no              ; no                     ; no            ; 2         ; no              ; no         ; no            ; no       ; Off          ; 2.5 V        ; Default          ; Series 50 Ohm without Calibration ; --                        ; no                         ; no                          ; User                 ; -                    ; -                   ;
; sine_out[6]  ; M8    ; 3        ; 13           ; 0            ; 0            ; no              ; no                     ; no            ; 2         ; no              ; no         ; no            ; no       ; Off          ; 2.5 V        ; Default          ; Series 50 Ohm without Calibration ; --                        ; no                         ; no                          ; User                 ; -                    ; -                   ;
; sine_out[7]  ; M9    ; 4        ; 21           ; 0            ; 21           ; no              ; no                     ; no            ; 2         ; no              ; no         ; no            ; no       ; Off          ; 2.5 V        ; Default          ; Series 50 Ohm without Calibration ; --                        ; no                         ; no                          ; User                 ; -                    ; -                   ;
; sine_out[8]  ; N9    ; 4        ; 21           ; 0            ; 14           ; no              ; no                     ; no            ; 2         ; no              ; no         ; no            ; no       ; Off          ; 2.5 V        ; Default          ; Series 50 Ohm without Calibration ; --                        ; no                         ; no                          ; User                 ; -                    ; -                   ;
; sine_out[9]  ; P9    ; 4        ; 25           ; 0            ; 0            ; no              ; no                     ; no            ; 2         ; no              ; no         ; no            ; no       ; Off          ; 2.5 V        ; Default          ; Series 50 Ohm without Calibration ; --                        ; no                         ; no                          ; User                 ; -                    ; -                   ;
+--------------+-------+----------+--------------+--------------+--------------+-----------------+------------------------+---------------+-----------+-----------------+------------+---------------+----------+--------------+--------------+------------------+-----------------------------------+---------------------------+----------------------------+-----------------------------+----------------------+----------------------+---------------------+


+-------------------------------------------------------------------------------------------------------------------------+
; Dual Purpose and Dedicated Pins                                                                                         ;
+----------+-----------------------------+--------------------------+-------------------------+---------------------------+
; Location ; Pin Name                    ; Reserved As              ; User Signal Name        ; Pin Type                  ;
+----------+-----------------------------+--------------------------+-------------------------+---------------------------+
; C1       ; DIFFIO_L1n, DATA1, ASDO     ; As input tri-stated      ; ~ALTERA_ASDO_DATA1~     ; Dual Purpose Pin          ;
; D2       ; DIFFIO_L2p, FLASH_nCE, nCSO ; As input tri-stated      ; ~ALTERA_FLASH_nCE_nCSO~ ; Dual Purpose Pin          ;
; F4       ; nSTATUS                     ; -                        ; -                       ; Dedicated Programming Pin ;
; H1       ; DCLK                        ; As output driving ground ; ~ALTERA_DCLK~           ; Dual Purpose Pin          ;
; H2       ; DATA0                       ; As input tri-stated      ; ~ALTERA_DATA0~          ; Dual Purpose Pin          ;
; H5       ; nCONFIG                     ; -                        ; -                       ; Dedicated Programming Pin ;
; J3       ; nCE                         ; -                        ; -                       ; Dedicated Programming Pin ;
; H14      ; CONF_DONE                   ; -                        ; -                       ; Dedicated Programming Pin ;
; H13      ; MSEL0                       ; -                        ; -                       ; Dedicated Programming Pin ;
; H12      ; MSEL1                       ; -                        ; -                       ; Dedicated Programming Pin ;
; G12      ; MSEL2                       ; -                        ; -                       ; Dedicated Programming Pin ;
; G12      ; MSEL3                       ; -                        ; -                       ; Dedicated Programming Pin ;
; F16      ; DIFFIO_R3n, nCEO            ; Use as programming pin   ; ~ALTERA_nCEO~           ; Dual Purpose Pin          ;
; E8       ; DIFFIO_T10n, DATA2          ; Use as regular IO        ; seg[2]                  ; Dual Purpose Pin          ;
+----------+-----------------------------+--------------------------+-------------------------+---------------------------+


+------------------------------------------------------------+
; I/O Bank Usage                                             ;
+----------+------------------+---------------+--------------+
; I/O Bank ; Usage            ; VCCIO Voltage ; VREF Voltage ;
+----------+------------------+---------------+--------------+
; 1        ; 5 / 17 ( 29 % )  ; 2.5V          ; --           ;
; 2        ; 0 / 19 ( 0 % )   ; 2.5V          ; --           ;
; 3        ; 5 / 26 ( 19 % )  ; 2.5V          ; --           ;
; 4        ; 12 / 27 ( 44 % ) ; 2.5V          ; --           ;
; 5        ; 6 / 25 ( 24 % )  ; 2.5V          ; --           ;
; 6        ; 4 / 14 ( 29 % )  ; 2.5V          ; --           ;
; 7        ; 10 / 26 ( 38 % ) ; 2.5V          ; --           ;
; 8        ; 4 / 26 ( 15 % )  ; 2.5V          ; --           ;
+----------+------------------+---------------+--------------+


+-----------------------------------------------------------------------------------------------------------------------------------------------------------------------------------------+
; All Package Pins                                                                                                                                                                        ;
+----------+------------+----------+-----------------------------------------------------------+--------+--------------+---------+------------+-----------------+----------+--------------+
; Location ; Pad Number ; I/O Bank ; Pin Name/Usage                                            ; Dir.   ; I/O Standard ; Voltage ; I/O Type   ; User Assignment ; Bus Hold ; Weak Pull Up ;
+----------+------------+----------+-----------------------------------------------------------+--------+--------------+---------+------------+-----------------+----------+--------------+
; A1       ;            ; 8        ; VCCIO8                                                    ; power  ;              ; 2.5V    ; --         ;                 ; --       ; --           ;
; A2       ; 194        ; 8        ; RESERVED_INPUT_WITH_WEAK_PULLUP                           ;        ;              ;         ; Column I/O ;                 ; no       ; On           ;
; A3       ; 200        ; 8        ; RESERVED_INPUT_WITH_WEAK_PULLUP                           ;        ;              ;         ; Column I/O ;                 ; no       ; On           ;
; A4       ; 196        ; 8        ; RESERVED_INPUT_WITH_WEAK_PULLUP                           ;        ;              ;         ; Column I/O ;                 ; no       ; On           ;
; A5       ; 192        ; 8        ; RESERVED_INPUT_WITH_WEAK_PULLUP                           ;        ;              ;         ; Column I/O ;                 ; no       ; On           ;
; A6       ; 188        ; 8        ; RESERVED_INPUT_WITH_WEAK_PULLUP                           ;        ;              ;         ; Column I/O ;                 ; no       ; On           ;
; A7       ; 183        ; 8        ; RESERVED_INPUT_WITH_WEAK_PULLUP                           ;        ;              ;         ; Column I/O ;                 ; no       ; On           ;
; A8       ; 177        ; 8        ; RESERVED_INPUT_WITH_WEAK_PULLUP                           ;        ;              ;         ; Column I/O ;                 ; no       ; On           ;
; A9       ; 175        ; 7        ; RESERVED_INPUT_WITH_WEAK_PULLUP                           ;        ;              ;         ; Column I/O ;                 ; no       ; On           ;
; A10      ; 168        ; 7        ; RESERVED_INPUT_WITH_WEAK_PULLUP                           ;        ;              ;         ; Column I/O ;                 ; no       ; On           ;
; A11      ; 161        ; 7        ; RESERVED_INPUT_WITH_WEAK_PULLUP                           ;        ;              ;         ; Column I/O ;                 ; no       ; On           ;
; A12      ; 159        ; 7        ; RESERVED_INPUT_WITH_WEAK_PULLUP                           ;        ;              ;         ; Column I/O ;                 ; no       ; On           ;
; A13      ; 153        ; 7        ; RESERVED_INPUT_WITH_WEAK_PULLUP                           ;        ;              ;         ; Column I/O ;                 ; no       ; On           ;
; A14      ; 155        ; 7        ; RESERVED_INPUT_WITH_WEAK_PULLUP                           ;        ;              ;         ; Column I/O ;                 ; no       ; On           ;
; A15      ; 167        ; 7        ; RESERVED_INPUT_WITH_WEAK_PULLUP                           ;        ;              ;         ; Column I/O ;                 ; no       ; On           ;
; A16      ;            ; 7        ; VCCIO7                                                    ; power  ;              ; 2.5V    ; --         ;                 ; --       ; --           ;
; B1       ; 3          ; 1        ; RESERVED_INPUT_WITH_WEAK_PULLUP                           ;        ;              ;         ; Row I/O    ;                 ; no       ; On           ;
; B2       ;            ;          ; GND                                                       ; gnd    ;              ;         ; --         ;                 ; --       ; --           ;
; B3       ; 201        ; 8        ; RESERVED_INPUT_WITH_WEAK_PULLUP                           ;        ;              ;         ; Column I/O ;                 ; no       ; On           ;
; B4       ; 197        ; 8        ; RESERVED_INPUT_WITH_WEAK_PULLUP                           ;        ;              ;         ; Column I/O ;                 ; no       ; On           ;
; B5       ; 195        ; 8        ; RESERVED_INPUT_WITH_WEAK_PULLUP                           ;        ;              ;         ; Column I/O ;                 ; no       ; On           ;
; B6       ; 189        ; 8        ; RESERVED_INPUT_WITH_WEAK_PULLUP                           ;        ;              ;         ; Column I/O ;                 ; no       ; On           ;
; B7       ; 184        ; 8        ; RESERVED_INPUT_WITH_WEAK_PULLUP                           ;        ;              ;         ; Column I/O ;                 ; no       ; On           ;
; B8       ; 178        ; 8        ; RESERVED_INPUT_WITH_WEAK_PULLUP                           ;        ;              ;         ; Column I/O ;                 ; no       ; On           ;
; B9       ; 176        ; 7        ; RESERVED_INPUT_WITH_WEAK_PULLUP                           ;        ;              ;         ; Column I/O ;                 ; no       ; On           ;
; B10      ; 169        ; 7        ; RESERVED_INPUT_WITH_WEAK_PULLUP                           ;        ;              ;         ; Column I/O ;                 ; no       ; On           ;
; B11      ; 162        ; 7        ; RESERVED_INPUT_WITH_WEAK_PULLUP                           ;        ;              ;         ; Column I/O ;                 ; no       ; On           ;
; B12      ; 160        ; 7        ; RESERVED_INPUT_WITH_WEAK_PULLUP                           ;        ;              ;         ; Column I/O ;                 ; no       ; On           ;
; B13      ; 154        ; 7        ; RESERVED_INPUT_WITH_WEAK_PULLUP                           ;        ;              ;         ; Column I/O ;                 ; no       ; On           ;
; B14      ; 156        ; 7        ; RESERVED_INPUT_WITH_WEAK_PULLUP                           ;        ;              ;         ; Column I/O ;                 ; no       ; On           ;
; B15      ;            ;          ; GND                                                       ; gnd    ;              ;         ; --         ;                 ; --       ; --           ;
; B16      ; 141        ; 6        ; RESERVED_INPUT_WITH_WEAK_PULLUP                           ;        ;              ;         ; Row I/O    ;                 ; no       ; On           ;
; C1       ; 5          ; 1        ; ~ALTERA_ASDO_DATA1~ / RESERVED_INPUT_WITH_WEAK_PULLUP     ; input  ; 2.5 V        ;         ; Row I/O    ; N               ; no       ; On           ;
; C2       ; 4          ; 1        ; RESERVED_INPUT_WITH_WEAK_PULLUP                           ;        ;              ;         ; Row I/O    ;                 ; no       ; On           ;
; C3       ; 202        ; 8        ; led                                                       ; output ; 2.5 V        ;         ; Column I/O ; Y               ; no       ; Off          ;
; C4       ;            ; 8        ; VCCIO8                                                    ; power  ;              ; 2.5V    ; --         ;                 ; --       ; --           ;
; C5       ;            ;          ; GND                                                       ; gnd    ;              ;         ; --         ;                 ; --       ; --           ;
; C6       ; 187        ; 8        ; RESERVED_INPUT_WITH_WEAK_PULLUP                           ;        ;              ;         ; Column I/O ;                 ; --       ; --           ;
; C7       ;            ; 8        ; VCCIO8                                                    ; power  ;              ; 2.5V    ; --         ;                 ; --       ; --           ;
; C8       ; 179        ; 8        ; seg[4]                                                    ; output ; 2.5 V        ;         ; Column I/O ; Y               ; no       ; Off          ;
; C9       ; 172        ; 7        ; seg[7]                                                    ; output ; 2.5 V        ;         ; Column I/O ; Y               ; no       ; Off          ;
; C10      ;            ; 7        ; VCCIO7                                                    ; power  ;              ; 2.5V    ; --         ;                 ; --       ; --           ;
; C11      ; 163        ; 7        ; sel[1]                                                    ; output ; 2.5 V        ;         ; Column I/O ; Y               ; no       ; Off          ;
; C12      ;            ;          ; GND                                                       ; gnd    ;              ;         ; --         ;                 ; --       ; --           ;
; C13      ;            ; 7        ; VCCIO7                                                    ; power  ;              ; 2.5V    ; --         ;                 ; --       ; --           ;
; C14      ; 149        ; 7        ; sel[5]                                                    ; output ; 2.5 V        ;         ; Column I/O ; Y               ; no       ; Off          ;
; C15      ; 147        ; 6        ; locked                                                    ; output ; 2.5 V        ;         ; Row I/O    ; Y               ; no       ; Off          ;
; C16      ; 146        ; 6        ; uart_rx                                                   ; input  ; 2.5 V        ;         ; Row I/O    ; Y               ; no       ; Off          ;
; D1       ; 8          ; 1        ; RESERVED_INPUT_WITH_WEAK_PULLUP                           ;        ;              ;         ; Row I/O    ;                 ; no       ; On           ;
; D2       ; 7          ; 1        ; ~ALTERA_FLASH_nCE_nCSO~ / RESERVED_INPUT_WITH_WEAK_PULLUP ; input  ; 2.5 V        ;         ; Row I/O    ; N               ; no       ; On           ;
; D3       ; 203        ; 8        ; RESERVED_INPUT_WITH_WEAK_PULLUP                           ;        ;              ;         ; Column I/O ;                 ; no       ; On           ;
; D4       ; 0          ; 1        ; RESERVED_INPUT_WITH_WEAK_PULLUP                           ;        ;              ;         ; Row I/O    ;                 ; no       ; On           ;
; D5       ; 198        ; 8        ; RESERVED_INPUT_WITH_WEAK_PULLUP                           ;        ;              ;         ; Column I/O ;                 ; no       ; On           ;
; D6       ; 199        ; 8        ; RESERVED_INPUT_WITH_WEAK_PULLUP                           ;        ;              ;         ; Column I/O ;                 ; no       ; On           ;
; D7       ;            ;          ; GND                                                       ; gnd    ;              ;         ; --         ;                 ; --       ; --           ;
; D8       ; 180        ; 8        ; seg[5]                                                    ; output ; 2.5 V        ;         ; Column I/O ; Y               ; no       ; Off          ;
; D9       ; 173        ; 7        ; seg[0]                                                    ; output ; 2.5 V        ;         ; Column I/O ; Y               ; no       ; Off          ;
; D10      ;            ;          ; GND                                                       ; gnd    ;              ;         ; --         ;                 ; --       ; --           ;
; D11      ; 151        ; 7        ; seg[3]                                                    ; output ; 2.5 V        ;         ; Column I/O ; Y               ; no       ; Off          ;
; D12      ; 152        ; 7        ; sel[0]                                                    ; output ; 2.5 V        ;         ; Column I/O ; Y               ; no       ; Off          ;
; D13      ;            ;          ; VCCD_PLL2                                                 ; power  ;              ; 1.2V    ; --         ;                 ; --       ; --           ;
; D14      ; 150        ; 7        ; sel[4]                                                    ; output ; 2.5 V        ;         ; Column I/O ; Y               ; no       ; Off          ;
; D15      ; 144        ; 6        ; RESERVED_INPUT_WITH_WEAK_PULLUP                           ;        ;              ;         ; Row I/O    ;                 ; no       ; On           ;
; D16      ; 143        ; 6        ; RESERVED_INPUT_WITH_WEAK_PULLUP                           ;        ;              ;         ; Row I/O    ;                 ; no       ; On           ;
; E1       ; 24         ; 1        ; clk                                                       ; input  ; 2.5 V        ;         ; Row I/O    ; Y               ; no       ; Off          ;
; E2       ;            ;          ; GND                                                       ; gnd    ;              ;         ; --         ;                 ; --       ; --           ;
; E3       ;            ; 1        ; VCCIO1                                                    ; power  ;              ; 2.5V    ; --         ;                 ; --       ; --           ;
; E4       ;            ;          ; GND                                                       ; gnd    ;              ;         ; --         ;                 ; --       ; --           ;
; E5       ; 1          ; 1        ; RESERVED_INPUT_WITH_WEAK_PULLUP                           ;        ;              ;         ; Row I/O    ;                 ; no       ; On           ;
; E6       ; 191        ; 8        ; RESERVED_INPUT_WITH_WEAK_PULLUP                           ;        ;              ;         ; Column I/O ;                 ; no       ; On           ;
; E7       ; 190        ; 8        ; RESERVED_INPUT_WITH_WEAK_PULLUP                           ;        ;              ;         ; Column I/O ;                 ; no       ; On           ;
; E8       ; 181        ; 8        ; seg[2]                                                    ; output ; 2.5 V        ;         ; Column I/O ; Y               ; no       ; Off          ;
; E9       ; 174        ; 7        ; seg[6]                                                    ; output ; 2.5 V        ;         ; Column I/O ; Y               ; no       ; Off          ;
; E10      ; 158        ; 7        ; seg[1]                                                    ; output ; 2.5 V        ;         ; Column I/O ; Y               ; no       ; Off          ;
; E11      ; 157        ; 7        ; RESERVED_INPUT_WITH_WEAK_PULLUP                           ;        ;              ;         ; Column I/O ;                 ; no       ; On           ;
; E12      ;            ;          ; GNDA2                                                     ; gnd    ;              ;         ; --         ;                 ; --       ; --           ;
; E13      ;            ;          ; GND                                                       ; gnd    ;              ;         ; --         ;                 ; --       ; --           ;
; E14      ;            ; 6        ; VCCIO6                                                    ; power  ;              ; 2.5V    ; --         ;                 ; --       ; --           ;
; E15      ; 128        ; 6        ; GND+                                                      ;        ;              ;         ; Row I/O    ;                 ; --       ; --           ;
; E16      ; 127        ; 6        ; GND+                                                      ;        ;              ;         ; Row I/O    ;                 ; --       ; --           ;
; F1       ; 12         ; 1        ; RESERVED_INPUT_WITH_WEAK_PULLUP                           ;        ;              ;         ; Row I/O    ;                 ; no       ; On           ;
; F2       ; 11         ; 1        ; RESERVED_INPUT_WITH_WEAK_PULLUP                           ;        ;              ;         ; Row I/O    ;                 ; no       ; On           ;
; F3       ; 6          ; 1        ; RESERVED_INPUT_WITH_WEAK_PULLUP                           ;        ;              ;         ; Row I/O    ;                 ; --       ; --           ;
; F4       ; 9          ; 1        ; ^nSTATUS                                                  ;        ;              ;         ; --         ;                 ; --       ; --           ;
; F5       ; 2          ; 1        ; RESERVED_INPUT_WITH_WEAK_PULLUP                           ;        ;              ;         ; Row I/O    ;                 ; no       ; On           ;
; F6       ; 185        ; 8        ; RESERVED_INPUT_WITH_WEAK_PULLUP                           ;        ;              ;         ; Column I/O ;                 ; no       ; On           ;
; F7       ; 186        ; 8        ; RESERVED_INPUT_WITH_WEAK_PULLUP                           ;        ;              ;         ; Column I/O ;                 ; no       ; On           ;
; F8       ; 182        ; 8        ; RESERVED_INPUT_WITH_WEAK_PULLUP                           ;        ;              ;         ; Column I/O ;                 ; no       ; On           ;
; F9       ; 165        ; 7        ; RESERVED_INPUT_WITH_WEAK_PULLUP                           ;        ;              ;         ; Column I/O ;                 ; no       ; On           ;
; F10      ; 164        ; 7        ; RESERVED_INPUT_WITH_WEAK_PULLUP                           ;        ;              ;         ; Column I/O ;                 ; no       ; On           ;
; F11      ; 166        ; 7        ; sel[2]                                                    ; output ; 2.5 V        ;         ; Column I/O ; Y               ; no       ; Off          ;
; F12      ;            ; --       ; VCCA2                                                     ; power  ;              ; 2.5V    ; --         ;                 ; --       ; --           ;
; F13      ; 138        ; 6        ; RESERVED_INPUT_WITH_WEAK_PULLUP                           ;        ;              ;         ; Row I/O    ;                 ; no       ; On           ;
; F14      ; 142        ; 6        ; RESERVED_INPUT_WITH_WEAK_PULLUP                           ;        ;              ;         ; Row I/O    ;                 ; --       ; --           ;
; F15      ; 140        ; 6        ; RESERVED_INPUT_WITH_WEAK_PULLUP                           ;        ;              ;         ; Row I/O    ;                 ; no       ; On           ;
; F16      ; 139        ; 6        ; ~ALTERA_nCEO~ / RESERVED_OUTPUT_OPEN_DRAIN                ; output ; 2.5 V        ;         ; Row I/O    ; N               ; no       ; Off          ;
; G1       ; 14         ; 1        ; RESERVED_INPUT_WITH_WEAK_PULLUP                           ;        ;              ;         ; Row I/O    ;                 ; no       ; On           ;
; G2       ; 13         ; 1        ; RESERVED_INPUT_WITH_WEAK_PULLUP                           ;        ;              ;         ; Row I/O    ;                 ; no       ; On           ;
; G3       ;            ; 1        ; VCCIO1                                                    ; power  ;              ; 2.5V    ; --         ;                 ; --       ; --           ;
; G4       ;            ;          ; GND                                                       ; gnd    ;              ;         ; --         ;                 ; --       ; --           ;
; G5       ; 10         ; 1        ; RESERVED_INPUT_WITH_WEAK_PULLUP                           ;        ;              ;         ; Row I/O    ;                 ; no       ; On           ;
; G6       ;            ;          ; VCCINT                                                    ; power  ;              ; 1.2V    ; --         ;                 ; --       ; --           ;
; G7       ;            ;          ; VCCINT                                                    ; power  ;              ; 1.2V    ; --         ;                 ; --       ; --           ;
; G8       ;            ;          ; VCCINT                                                    ; power  ;              ; 1.2V    ; --         ;                 ; --       ; --           ;
; G9       ;            ;          ; VCCINT                                                    ; power  ;              ; 1.2V    ; --         ;                 ; --       ; --           ;
; G10      ;            ;          ; VCCINT                                                    ; power  ;              ; 1.2V    ; --         ;                 ; --       ; --           ;
; G11      ; 145        ; 6        ; sel[3]                                                    ; output ; 2.5 V        ;         ; Row I/O    ; Y               ; no       ; Off          ;
; G12      ; 132        ; 6        ; ^MSEL2                                                    ;        ;              ;         ; --         ;                 ; --       ; --           ;
; G12      ; 133        ; 6        ; ^MSEL3                                                    ;        ;              ;         ; --         ;                 ; --       ; --           ;
; G13      ;            ;          ; GND                                                       ; gnd    ;              ;         ; --         ;                 ; --       ; --           ;
; G14      ;            ; 6        ; VCCIO6                                                    ; power  ;              ; 2.5V    ; --         ;                 ; --       ; --           ;
; G15      ; 137        ; 6        ; RESERVED_INPUT_WITH_WEAK_PULLUP                           ;        ;              ;         ; Row I/O    ;                 ; no       ; On           ;
; G16      ; 136        ; 6        ; RESERVED_INPUT_WITH_WEAK_PULLUP                           ;        ;              ;         ; Row I/O    ;                 ; no       ; On           ;
; H1       ; 15         ; 1        ; ~ALTERA_DCLK~                                             ; output ; 2.5 V        ;         ; Row I/O    ; N               ; no       ; On           ;
; H2       ; 16         ; 1        ; ~ALTERA_DATA0~ / RESERVED_INPUT_WITH_WEAK_PULLUP          ; input  ; 2.5 V        ;         ; Row I/O    ; N               ; no       ; On           ;
; H3       ; 19         ; 1        ; #TCK                                                      ; input  ;              ;         ; --         ;                 ; --       ; --           ;
; H4       ; 18         ; 1        ; #TDI                                                      ; input  ;              ;         ; --         ;                 ; --       ; --           ;
; H5       ; 17         ; 1        ; ^nCONFIG                                                  ;        ;              ;         ; --         ;                 ; --       ; --           ;
; H6       ;            ;          ; VCCINT                                                    ; power  ;              ; 1.2V    ; --         ;                 ; --       ; --           ;
; H7       ;            ;          ; GND                                                       ; gnd    ;              ;         ; --         ;                 ; --       ; --           ;
; H8       ;            ;          ; GND                                                       ; gnd    ;              ;         ; --         ;                 ; --       ; --           ;
; H9       ;            ;          ; GND                                                       ; gnd    ;              ;         ; --         ;                 ; --       ; --           ;
; H10      ;            ;          ; GND                                                       ; gnd    ;              ;         ; --         ;                 ; --       ; --           ;
; H11      ;            ;          ; VCCINT                                                    ; power  ;              ; 1.2V    ; --         ;                 ; --       ; --           ;
; H12      ; 131        ; 6        ; ^MSEL1                                                    ;        ;              ;         ; --         ;                 ; --       ; --           ;
; H13      ; 130        ; 6        ; ^MSEL0                                                    ;        ;              ;         ; --         ;                 ; --       ; --           ;
; H14      ; 129        ; 6        ; ^CONF_DONE                                                ;        ;              ;         ; --         ;                 ; --       ; --           ;
; H15      ;            ;          ; GND                                                       ; gnd    ;              ;         ; --         ;                 ; --       ; --           ;
; H16      ;            ;          ; GND                                                       ; gnd    ;              ;         ; --         ;                 ; --       ; --           ;
; J1       ; 28         ; 2        ; RESERVED_INPUT_WITH_WEAK_PULLUP                           ;        ;              ;         ; Row I/O    ;                 ; no       ; On           ;
; J2       ; 27         ; 2        ; RESERVED_INPUT_WITH_WEAK_PULLUP                           ;        ;              ;         ; Row I/O    ;                 ; no       ; On           ;
; J3       ; 22         ; 1        ; ^nCE                                                      ;        ;              ;         ; --         ;                 ; --       ; --           ;
; J4       ; 21         ; 1        ; #TDO                                                      ; output ;              ;         ; --         ;                 ; --       ; --           ;
; J5       ; 20         ; 1        ; #TMS                                                      ; input  ;              ;         ; --         ;                 ; --       ; --           ;
; J6       ; 29         ; 2        ; RESERVED_INPUT_WITH_WEAK_PULLUP                           ;        ;              ;         ; Row I/O    ;                 ; no       ; On           ;
; J7       ;            ;          ; GND                                                       ; gnd    ;              ;         ; --         ;                 ; --       ; --           ;
; J8       ;            ;          ; GND                                                       ; gnd    ;              ;         ; --         ;                 ; --       ; --           ;
; J9       ;            ;          ; GND                                                       ; gnd    ;              ;         ; --         ;                 ; --       ; --           ;
; J10      ;            ;          ; GND                                                       ; gnd    ;              ;         ; --         ;                 ; --       ; --           ;
; J11      ; 117        ; 5        ; RESERVED_INPUT_WITH_WEAK_PULLUP                           ;        ;              ;         ; Row I/O    ;                 ; no       ; On           ;
; J12      ; 123        ; 5        ; RESERVED_INPUT_WITH_WEAK_PULLUP                           ;        ;              ;         ; Row I/O    ;                 ; no       ; On           ;
; J13      ; 124        ; 5        ; RESERVED_INPUT_WITH_WEAK_PULLUP                           ;        ;              ;         ; Row I/O    ;                 ; no       ; On           ;
; J14      ; 122        ; 5        ; rst_n                                                     ; input  ; 2.5 V        ;         ; Row I/O    ; Y               ; no       ; Off          ;
; J15      ; 121        ; 5        ; RESERVED_INPUT_WITH_WEAK_PULLUP                           ;        ;              ;         ; Row I/O    ;                 ; no       ; On           ;
; J16      ; 120        ; 5        ; RESERVED_INPUT_WITH_WEAK_PULLUP                           ;        ;              ;         ; Row I/O    ;                 ; no       ; On           ;
; K1       ; 33         ; 2        ; RESERVED_INPUT_WITH_WEAK_PULLUP                           ;        ;              ;         ; Row I/O    ;                 ; no       ; On           ;
; K2       ; 32         ; 2        ; RESERVED_INPUT_WITH_WEAK_PULLUP                           ;        ;              ;         ; Row I/O    ;                 ; no       ; On           ;
; K3       ;            ; 2        ; VCCIO2                                                    ; power  ;              ; 2.5V    ; --         ;                 ; --       ; --           ;
; K4       ;            ;          ; GND                                                       ; gnd    ;              ;         ; --         ;                 ; --       ; --           ;
; K5       ; 39         ; 2        ; RESERVED_INPUT_WITH_WEAK_PULLUP                           ;        ;              ;         ; Row I/O    ;                 ; no       ; On           ;
; K6       ; 30         ; 2        ; RESERVED_INPUT_WITH_WEAK_PULLUP                           ;        ;              ;         ; Row I/O    ;                 ; no       ; On           ;
; K7       ;            ;          ; VCCINT                                                    ; power  ;              ; 1.2V    ; --         ;                 ; --       ; --           ;
; K8       ; 60         ; 3        ; RESERVED_INPUT_WITH_WEAK_PULLUP                           ;        ;              ;         ; Column I/O ;                 ; no       ; On           ;
; K9       ; 76         ; 4        ; RESERVED_INPUT_WITH_WEAK_PULLUP                           ;        ;              ;         ; Column I/O ;                 ; no       ; On           ;
; K10      ; 87         ; 4        ; RESERVED_INPUT_WITH_WEAK_PULLUP                           ;        ;              ;         ; Column I/O ;                 ; no       ; On           ;
; K11      ; 110        ; 5        ; RESERVED_INPUT_WITH_WEAK_PULLUP                           ;        ;              ;         ; Row I/O    ;                 ; no       ; On           ;
; K12      ; 105        ; 5        ; RESERVED_INPUT_WITH_WEAK_PULLUP                           ;        ;              ;         ; Row I/O    ;                 ; no       ; On           ;
; K13      ;            ;          ; GND                                                       ; gnd    ;              ;         ; --         ;                 ; --       ; --           ;
; K14      ;            ; 5        ; VCCIO5                                                    ; power  ;              ; 2.5V    ; --         ;                 ; --       ; --           ;
; K15      ; 119        ; 5        ; RESERVED_INPUT_WITH_WEAK_PULLUP                           ;        ;              ;         ; Row I/O    ;                 ; no       ; On           ;
; K16      ; 118        ; 5        ; RESERVED_INPUT_WITH_WEAK_PULLUP                           ;        ;              ;         ; Row I/O    ;                 ; no       ; On           ;
; L1       ; 35         ; 2        ; RESERVED_INPUT_WITH_WEAK_PULLUP                           ;        ;              ;         ; Row I/O    ;                 ; no       ; On           ;
; L2       ; 34         ; 2        ; RESERVED_INPUT_WITH_WEAK_PULLUP                           ;        ;              ;         ; Row I/O    ;                 ; no       ; On           ;
; L3       ; 36         ; 2        ; RESERVED_INPUT_WITH_WEAK_PULLUP                           ;        ;              ;         ; Row I/O    ;                 ; --       ; --           ;
; L4       ; 40         ; 2        ; RESERVED_INPUT_WITH_WEAK_PULLUP                           ;        ;              ;         ; Row I/O    ;                 ; no       ; On           ;
; L5       ;            ; --       ; VCCA1                                                     ; power  ;              ; 2.5V    ; --         ;                 ; --       ; --           ;
; L6       ; 31         ; 2        ; RESERVED_INPUT_WITH_WEAK_PULLUP                           ;        ;              ;         ; Row I/O    ;                 ; no       ; On           ;
; L7       ; 65         ; 3        ; RESERVED_INPUT_WITH_WEAK_PULLUP                           ;        ;              ;         ; Column I/O ;                 ; no       ; On           ;
; L8       ; 68         ; 3        ; RESERVED_INPUT_WITH_WEAK_PULLUP                           ;        ;              ;         ; Column I/O ;                 ; no       ; On           ;
; L9       ; 77         ; 4        ; RESERVED_INPUT_WITH_WEAK_PULLUP                           ;        ;              ;         ; Column I/O ;                 ; no       ; On           ;
; L10      ; 88         ; 4        ; RESERVED_INPUT_WITH_WEAK_PULLUP                           ;        ;              ;         ; Column I/O ;                 ; no       ; On           ;
; L11      ; 99         ; 4        ; RESERVED_INPUT_WITH_WEAK_PULLUP                           ;        ;              ;         ; Column I/O ;                 ; no       ; On           ;
; L12      ; 104        ; 5        ; RESERVED_INPUT_WITH_WEAK_PULLUP                           ;        ;              ;         ; Row I/O    ;                 ; no       ; On           ;
; L13      ; 114        ; 5        ; RESERVED_INPUT_WITH_WEAK_PULLUP                           ;        ;              ;         ; Row I/O    ;                 ; no       ; On           ;
; L14      ; 113        ; 5        ; RESERVED_INPUT_WITH_WEAK_PULLUP                           ;        ;              ;         ; Row I/O    ;                 ; --       ; --           ;
; L15      ; 116        ; 5        ; RESERVED_INPUT_WITH_WEAK_PULLUP                           ;        ;              ;         ; Row I/O    ;                 ; no       ; On           ;
; L16      ; 115        ; 5        ; RESERVED_INPUT_WITH_WEAK_PULLUP                           ;        ;              ;         ; Row I/O    ;                 ; no       ; On           ;
; M1       ; 26         ; 2        ; GND+                                                      ;        ;              ;         ; Row I/O    ;                 ; --       ; --           ;
; M2       ; 25         ; 2        ; GND+                                                      ;        ;              ;         ; Row I/O    ;                 ; --       ; --           ;
; M3       ;            ; 2        ; VCCIO2                                                    ; power  ;              ; 2.5V    ; --         ;                 ; --       ; --           ;
; M4       ;            ;          ; GND                                                       ; gnd    ;              ;         ; --         ;                 ; --       ; --           ;
; M5       ;            ;          ; GNDA1                                                     ; gnd    ;              ;         ; --         ;                 ; --       ; --           ;
; M6       ; 57         ; 3        ; RESERVED_INPUT_WITH_WEAK_PULLUP                           ;        ;              ;         ; Column I/O ;                 ; no       ; On           ;
; M7       ; 59         ; 3        ; RESERVED_INPUT_WITH_WEAK_PULLUP                           ;        ;              ;         ; Column I/O ;                 ; no       ; On           ;
; M8       ; 69         ; 3        ; sine_out[6]                                               ; output ; 2.5 V        ;         ; Column I/O ; Y               ; no       ; Off          ;
; M9       ; 78         ; 4        ; sine_out[7]                                               ; output ; 2.5 V        ;         ; Column I/O ; Y               ; no       ; Off          ;
; M10      ; 93         ; 4        ; sine_out[10]                                              ; output ; 2.5 V        ;         ; Column I/O ; Y               ; no       ; Off          ;
; M11      ; 100        ; 4        ; sine_out[2]                                               ; output ; 2.5 V        ;         ; Column I/O ; Y               ; no       ; Off          ;
; M12      ; 103        ; 5        ; sw_change_a                                               ; input  ; 2.5 V        ;         ; Row I/O    ; Y               ; no       ; Off          ;
; M13      ;            ;          ; GND                                                       ; gnd    ;              ;         ; --         ;                 ; --       ; --           ;
; M14      ;            ; 5        ; VCCIO5                                                    ; power  ;              ; 2.5V    ; --         ;                 ; --       ; --           ;
; M15      ; 126        ; 5        ; GND+                                                      ;        ;              ;         ; Row I/O    ;                 ; --       ; --           ;
; M16      ; 125        ; 5        ; GND+                                                      ;        ;              ;         ; Row I/O    ;                 ; --       ; --           ;
; N1       ; 38         ; 2        ; RESERVED_INPUT_WITH_WEAK_PULLUP                           ;        ;              ;         ; Row I/O    ;                 ; no       ; On           ;
; N2       ; 37         ; 2        ; RESERVED_INPUT_WITH_WEAK_PULLUP                           ;        ;              ;         ; Row I/O    ;                 ; no       ; On           ;
; N3       ; 45         ; 3        ; RESERVED_INPUT_WITH_WEAK_PULLUP                           ;        ;              ;         ; Column I/O ;                 ; no       ; On           ;
; N4       ;            ;          ; VCCD_PLL1                                                 ; power  ;              ; 1.2V    ; --         ;                 ; --       ; --           ;
; N5       ; 55         ; 3        ; RESERVED_INPUT_WITH_WEAK_PULLUP                           ;        ;              ;         ; Column I/O ;                 ; no       ; On           ;
; N6       ; 56         ; 3        ; RESERVED_INPUT_WITH_WEAK_PULLUP                           ;        ;              ;         ; Column I/O ;                 ; no       ; On           ;
; N7       ;            ;          ; GND                                                       ; gnd    ;              ;         ; --         ;                 ; --       ; --           ;
; N8       ; 70         ; 3        ; sine_out[5]                                               ; output ; 2.5 V        ;         ; Column I/O ; Y               ; no       ; Off          ;
; N9       ; 79         ; 4        ; sine_out[8]                                               ; output ; 2.5 V        ;         ; Column I/O ; Y               ; no       ; Off          ;
; N10      ;            ;          ; GND                                                       ; gnd    ;              ;         ; --         ;                 ; --       ; --           ;
; N11      ; 94         ; 4        ; RESERVED_INPUT_WITH_WEAK_PULLUP                           ;        ;              ;         ; Column I/O ;                 ; no       ; On           ;
; N12      ; 101        ; 4        ; sine_out[3]                                               ; output ; 2.5 V        ;         ; Column I/O ; Y               ; no       ; Off          ;
; N13      ; 102        ; 5        ; sw_ask                                                    ; input  ; 2.5 V        ;         ; Row I/O    ; Y               ; no       ; Off          ;
; N14      ; 106        ; 5        ; sw_psk                                                    ; input  ; 2.5 V        ;         ; Row I/O    ; Y               ; no       ; Off          ;
; N15      ; 112        ; 5        ; RESERVED_INPUT_WITH_WEAK_PULLUP                           ;        ;              ;         ; Row I/O    ;                 ; no       ; On           ;
; N16      ; 111        ; 5        ; sw_liss                                                   ; input  ; 2.5 V        ;         ; Row I/O    ; Y               ; no       ; Off          ;
; P1       ; 44         ; 2        ; RESERVED_INPUT_WITH_WEAK_PULLUP                           ;        ;              ;         ; Row I/O    ;                 ; no       ; On           ;
; P2       ; 43         ; 2        ; RESERVED_INPUT_WITH_WEAK_PULLUP                           ;        ;              ;         ; Row I/O    ;                 ; no       ; On           ;
; P3       ; 46         ; 3        ; RESERVED_INPUT_WITH_WEAK_PULLUP                           ;        ;              ;         ; Column I/O ;                 ; no       ; On           ;
; P4       ;            ; 3        ; VCCIO3                                                    ; power  ;              ; 2.5V    ; --         ;                 ; --       ; --           ;
; P5       ;            ;          ; GND                                                       ; gnd    ;              ;         ; --         ;                 ; --       ; --           ;
; P6       ; 58         ; 3        ; RESERVED_INPUT_WITH_WEAK_PULLUP                           ;        ;              ;         ; Column I/O ;                 ; --       ; --           ;
; P7       ;            ; 3        ; VCCIO3                                                    ; power  ;              ; 2.5V    ; --         ;                 ; --       ; --           ;
; P8       ; 71         ; 3        ; sine_out[4]                                               ; output ; 2.5 V        ;         ; Column I/O ; Y               ; no       ; Off          ;
; P9       ; 89         ; 4        ; sine_out[9]                                               ; output ; 2.5 V        ;         ; Column I/O ; Y               ; no       ; Off          ;
; P10      ;            ; 4        ; VCCIO4                                                    ; power  ;              ; 2.5V    ; --         ;                 ; --       ; --           ;
; P11      ; 90         ; 4        ; RESERVED_INPUT_WITH_WEAK_PULLUP                           ;        ;              ;         ; Column I/O ;                 ; --       ; --           ;
; P12      ;            ;          ; GND                                                       ; gnd    ;              ;         ; --         ;                 ; --       ; --           ;
; P13      ;            ; 4        ; VCCIO4                                                    ; power  ;              ; 2.5V    ; --         ;                 ; --       ; --           ;
; P14      ; 98         ; 4        ; RESERVED_INPUT_WITH_WEAK_PULLUP                           ;        ;              ;         ; Column I/O ;                 ; no       ; On           ;
; P15      ; 107        ; 5        ; RESERVED_INPUT_WITH_WEAK_PULLUP                           ;        ;              ;         ; Row I/O    ;                 ; no       ; On           ;
; P16      ; 108        ; 5        ; RESERVED_INPUT_WITH_WEAK_PULLUP                           ;        ;              ;         ; Row I/O    ;                 ; no       ; On           ;
; R1       ; 42         ; 2        ; RESERVED_INPUT_WITH_WEAK_PULLUP                           ;        ;              ;         ; Row I/O    ;                 ; no       ; On           ;
; R2       ;            ;          ; GND                                                       ; gnd    ;              ;         ; --         ;                 ; --       ; --           ;
; R3       ; 47         ; 3        ; RESERVED_INPUT_WITH_WEAK_PULLUP                           ;        ;              ;         ; Column I/O ;                 ; no       ; On           ;
; R4       ; 53         ; 3        ; RESERVED_INPUT_WITH_WEAK_PULLUP                           ;        ;              ;         ; Column I/O ;                 ; no       ; On           ;
; R5       ; 61         ; 3        ; RESERVED_INPUT_WITH_WEAK_PULLUP                           ;        ;              ;         ; Column I/O ;                 ; no       ; On           ;
; R6       ; 63         ; 3        ; RESERVED_INPUT_WITH_WEAK_PULLUP                           ;        ;              ;         ; Column I/O ;                 ; no       ; On           ;
; R7       ; 66         ; 3        ; RESERVED_INPUT_WITH_WEAK_PULLUP                           ;        ;              ;         ; Column I/O ;                 ; no       ; On           ;
; R8       ; 72         ; 3        ; pwm_out                                                   ; output ; 2.5 V        ;         ; Column I/O ; Y               ; no       ; Off          ;
; R9       ; 74         ; 4        ; RESERVED_INPUT_WITH_WEAK_PULLUP                           ;        ;              ;         ; Column I/O ;                 ; no       ; On           ;
; R10      ; 80         ; 4        ; sine_out[0]                                               ; output ; 2.5 V        ;         ; Column I/O ; Y               ; no       ; Off          ;
; R11      ; 83         ; 4        ; sine_out[11]                                              ; output ; 2.5 V        ;         ; Column I/O ; Y               ; no       ; Off          ;
; R12      ; 85         ; 4        ; RESERVED_INPUT_WITH_WEAK_PULLUP                           ;        ;              ;         ; Column I/O ;                 ; no       ; On           ;
; R13      ; 91         ; 4        ; sine_out[13]                                              ; output ; 2.5 V        ;         ; Column I/O ; Y               ; no       ; Off          ;
; R14      ; 97         ; 4        ; RESERVED_INPUT_WITH_WEAK_PULLUP                           ;        ;              ;         ; Column I/O ;                 ; no       ; On           ;
; R15      ;            ;          ; GND                                                       ; gnd    ;              ;         ; --         ;                 ; --       ; --           ;
; R16      ; 109        ; 5        ; switch                                                    ; input  ; 2.5 V        ;         ; Row I/O    ; Y               ; no       ; Off          ;
; T1       ;            ; 3        ; VCCIO3                                                    ; power  ;              ; 2.5V    ; --         ;                 ; --       ; --           ;
; T2       ; 52         ; 3        ; RESERVED_INPUT_WITH_WEAK_PULLUP                           ;        ;              ;         ; Column I/O ;                 ; no       ; On           ;
; T3       ; 48         ; 3        ; RESERVED_INPUT_WITH_WEAK_PULLUP                           ;        ;              ;         ; Column I/O ;                 ; no       ; On           ;
; T4       ; 54         ; 3        ; RESERVED_INPUT_WITH_WEAK_PULLUP                           ;        ;              ;         ; Column I/O ;                 ; no       ; On           ;
; T5       ; 62         ; 3        ; RESERVED_INPUT_WITH_WEAK_PULLUP                           ;        ;              ;         ; Column I/O ;                 ; no       ; On           ;
; T6       ; 64         ; 3        ; RESERVED_INPUT_WITH_WEAK_PULLUP                           ;        ;              ;         ; Column I/O ;                 ; no       ; On           ;
; T7       ; 67         ; 3        ; RESERVED_INPUT_WITH_WEAK_PULLUP                           ;        ;              ;         ; Column I/O ;                 ; no       ; On           ;
; T8       ; 73         ; 3        ; baseband_out                                              ; output ; 2.5 V        ;         ; Column I/O ; Y               ; no       ; Off          ;
; T9       ; 75         ; 4        ; RESERVED_INPUT_WITH_WEAK_PULLUP                           ;        ;              ;         ; Column I/O ;                 ; no       ; On           ;
; T10      ; 81         ; 4        ; RESERVED_INPUT_WITH_WEAK_PULLUP                           ;        ;              ;         ; Column I/O ;                 ; no       ; On           ;
; T11      ; 84         ; 4        ; sine_out[1]                                               ; output ; 2.5 V        ;         ; Column I/O ; Y               ; no       ; Off          ;
; T12      ; 86         ; 4        ; RESERVED_INPUT_WITH_WEAK_PULLUP                           ;        ;              ;         ; Column I/O ;                 ; no       ; On           ;
; T13      ; 92         ; 4        ; sine_out[12]                                              ; output ; 2.5 V        ;         ; Column I/O ; Y               ; no       ; Off          ;
; T14      ; 95         ; 4        ; out_dacclk                                                ; output ; 2.5 V        ;         ; Column I/O ; Y               ; no       ; Off          ;
; T15      ; 96         ; 4        ; RESERVED_INPUT_WITH_WEAK_PULLUP                           ;        ;              ;         ; Column I/O ;                 ; no       ; On           ;
; T16      ;            ; 4        ; VCCIO4                                                    ; power  ;              ; 2.5V    ; --         ;                 ; --       ; --           ;
+----------+------------+----------+-----------------------------------------------------------+--------+--------------+---------+------------+-----------------+----------+--------------+
Note: Pin directions (input, output or bidir) are based on device operating in user mode.


+----------------------------------------------------------------------------------------------------------------+
; PLL Summary                                                                                                    ;
+-------------------------------+--------------------------------------------------------------------------------+
; Name                          ; dac904_pll:u_pll|altpll:altpll_component|dac904_pll_altpll:auto_generated|pll1 ;
+-------------------------------+--------------------------------------------------------------------------------+
; SDC pin name                  ; u_pll|altpll_component|auto_generated|pll1                                     ;
; PLL mode                      ; Normal                                                                         ;
; Compensate clock              ; clock0                                                                         ;
; Compensated input/output pins ; --                                                                             ;
; Switchover type               ; --                                                                             ;
; Input frequency 0             ; 50.0 MHz                                                                       ;
; Input frequency 1             ; --                                                                             ;
; Nominal PFD frequency         ; 50.0 MHz                                                                       ;
; Nominal VCO frequency         ; 600.0 MHz                                                                      ;
; VCO post scale K counter      ; 2                                                                              ;
; VCO frequency control         ; Auto                                                                           ;
; VCO phase shift step          ; 208 ps                                                                         ;
; VCO multiply                  ; --                                                                             ;
; VCO divide                    ; --                                                                             ;
; Freq min lock                 ; 25.0 MHz                                                                       ;
; Freq max lock                 ; 54.18 MHz                                                                      ;
; M VCO Tap                     ; 0                                                                              ;
; M Initial                     ; 1                                                                              ;
; M value                       ; 12                                                                             ;
; N value                       ; 1                                                                              ;
; Charge pump current           ; setting 1                                                                      ;
; Loop filter resistance        ; setting 27                                                                     ;
; Loop filter capacitance       ; setting 0                                                                      ;
; Bandwidth                     ; 680 kHz to 980 kHz                                                             ;
; Bandwidth type                ; Medium                                                                         ;
; Real time reconfigurable      ; Off                                                                            ;
; Scan chain MIF file           ; --                                                                             ;
; Preserve PLL counter order    ; Off                                                                            ;
; PLL location                  ; PLL_1                                                                          ;
; Inclk0 signal                 ; clk                                                                            ;
; Inclk1 signal                 ; --                                                                             ;
; Inclk0 signal type            ; Dedicated Pin                                                                  ;
; Inclk1 signal type            ; --                                                                             ;
+-------------------------------+--------------------------------------------------------------------------------+


+------------------------------------------------------------------------------------------------------------------------------------------------------------------------------------------------------------------------------------------------------------------------------------------------------------------------+
; PLL Usage                                                                                                                                                                                                                                                                                                              ;
+--------------------------------------------------------------------------------------------+--------------+------+-----+------------------+-------------+------------------+------------+---------+---------------+------------+---------------+---------+---------+---------------------------------------------------+
; Name                                                                                       ; Output Clock ; Mult ; Div ; Output Frequency ; Phase Shift ; Phase Shift Step ; Duty Cycle ; Counter ; Counter Value ; High / Low ; Cascade Input ; Initial ; VCO Tap ; SDC Pin Name                                      ;
+--------------------------------------------------------------------------------------------+--------------+------+-----+------------------+-------------+------------------+------------+---------+---------------+------------+---------------+---------+---------+---------------------------------------------------+
; dac904_pll:u_pll|altpll:altpll_component|dac904_pll_altpll:auto_generated|wire_pll1_clk[0] ; clock0       ; 4    ; 1   ; 200.0 MHz        ; 0 (0 ps)    ; 15.00 (208 ps)   ; 50/50      ; C0      ; 3             ; 2/1 Odd    ; --            ; 1       ; 0       ; u_pll|altpll_component|auto_generated|pll1|clk[0] ;
+--------------------------------------------------------------------------------------------+--------------+------+-----+------------------+-------------+------------------+------------+---------+---------------+------------+---------------+---------+---------+---------------------------------------------------+


+----------------------------------------------+
; I/O Assignment Warnings                      ;
+--------------+-------------------------------+
; Pin Name     ; Reason                        ;
+--------------+-------------------------------+
; led          ; Incomplete set of assignments ;
; sine_out[0]  ; Incomplete set of assignments ;
; sine_out[1]  ; Incomplete set of assignments ;
; sine_out[2]  ; Incomplete set of assignments ;
; sine_out[3]  ; Incomplete set of assignments ;
; sine_out[4]  ; Incomplete set of assignments ;
; sine_out[5]  ; Incomplete set of assignments ;
; sine_out[6]  ; Incomplete set of assignments ;
; sine_out[7]  ; Incomplete set of assignments ;
; sine_out[8]  ; Incomplete set of assignments ;
; sine_out[9]  ; Incomplete set of assignments ;
; sine_out[10] ; Incomplete set of assignments ;
; sine_out[11] ; Incomplete set of assignments ;
; sine_out[12] ; Incomplete set of assignments ;
; sine_out[13] ; Incomplete set of assignments ;
; baseband_out ; Incomplete set of assignments ;
; seg[0]       ; Incomplete set of assignments ;
; seg[1]       ; Incomplete set of assignments ;
; seg[2]       ; Incomplete set of assignments ;
; seg[3]       ; Incomplete set of assignments ;
; seg[4]       ; Incomplete set of assignments ;
; seg[5]       ; Incomplete set of assignments ;
; seg[6]       ; Incomplete set of assignments ;
; seg[7]       ; Incomplete set of assignments ;
; sel[0]       ; Incomplete set of assignments ;
; sel[1]       ; Incomplete set of assignments ;
; sel[2]       ; Incomplete set of assignments ;
; sel[3]       ; Incomplete set of assignments ;
; sel[4]       ; Incomplete set of assignments ;
; sel[5]       ; Incomplete set of assignments ;
; out_dacclk   ; Incomplete set of assignments ;
; locked       ; Incomplete set of assignments ;
; pwm_out      ; Incomplete set of assignments ;
; sw_ask       ; Incomplete set of assignments ;
; sw_psk       ; Incomplete set of assignments ;
; sw_change_a  ; Incomplete set of assignments ;
; switch       ; Incomplete set of assignments ;
; sw_liss      ; Incomplete set of assignments ;
; clk          ; Incomplete set of assignments ;
; rst_n        ; Incomplete set of assignments ;
; uart_rx      ; Incomplete set of assignments ;
+--------------+-------------------------------+


+-----------------------------------------------------------------------------------------------------------------------------------------------------------------------------------------------------------------------------------------------------------------------------------------------------------------------------------------------------------------------------------------------------------------------------+
; Fitter Resource Utilization by Entity                                                                                                                                                                                                                                                                                                                                                                                       ;
+------------------------------------------------+-------------+---------------------------+---------------+-------------+------+--------------+---------+-----------+------+--------------+--------------+-------------------+------------------+---------------------------------------------------------------------------------------------------------------------------------------+---------------------+--------------+
; Compilation Hierarchy Node                     ; Logic Cells ; Dedicated Logic Registers ; I/O Registers ; Memory Bits ; M9Ks ; DSP Elements ; DSP 9x9 ; DSP 18x18 ; Pins ; Virtual Pins ; LUT-Only LCs ; Register-Only LCs ; LUT/Register LCs ; Full Hierarchy Name                                                                                                                   ; Entity Name         ; Library Name ;
+------------------------------------------------+-------------+---------------------------+---------------+-------------+------+--------------+---------+-----------+------+--------------+--------------+-------------------+------------------+---------------------------------------------------------------------------------------------------------------------------------------+---------------------+--------------+
; |DDS_simple                                    ; 3645 (937)  ; 671 (414)                 ; 0 (0)         ; 24576       ; 6    ; 24           ; 0       ; 12        ; 41   ; 0            ; 2974 (495)   ; 48 (32)           ; 623 (429)        ; |DDS_simple                                                                                                                           ; DDS_simple          ; work         ;
;    |MCU_uart:u_mcu_uart|                       ; 190 (190)   ; 113 (113)                 ; 0 (0)         ; 0           ; 0    ; 0            ; 0       ; 0         ; 0    ; 0            ; 77 (77)      ; 9 (9)             ; 104 (104)        ; |DDS_simple|MCU_uart:u_mcu_uart                                                                                                       ; MCU_uart            ; work         ;
;    |dac904_pll:u_pll|                          ; 0 (0)       ; 0 (0)                     ; 0 (0)         ; 0           ; 0    ; 0            ; 0       ; 0         ; 0    ; 0            ; 0 (0)        ; 0 (0)             ; 0 (0)            ; |DDS_simple|dac904_pll:u_pll                                                                                                          ; dac904_pll          ; work         ;
;       |altpll:altpll_component|                ; 0 (0)       ; 0 (0)                     ; 0 (0)         ; 0           ; 0    ; 0            ; 0       ; 0         ; 0    ; 0            ; 0 (0)        ; 0 (0)             ; 0 (0)            ; |DDS_simple|dac904_pll:u_pll|altpll:altpll_component                                                                                  ; altpll              ; work         ;
;          |dac904_pll_altpll:auto_generated|    ; 0 (0)       ; 0 (0)                     ; 0 (0)         ; 0           ; 0    ; 0            ; 0       ; 0         ; 0    ; 0            ; 0 (0)        ; 0 (0)             ; 0 (0)            ; |DDS_simple|dac904_pll:u_pll|altpll:altpll_component|dac904_pll_altpll:auto_generated                                                 ; dac904_pll_altpll   ; work         ;
;    |dds_freq_ctrlword:u_freq_ctrlword|         ; 31 (31)     ; 31 (31)                   ; 0 (0)         ; 0           ; 0    ; 4            ; 0       ; 2         ; 0    ; 0            ; 0 (0)        ; 0 (0)             ; 31 (31)          ; |DDS_simple|dds_freq_ctrlword:u_freq_ctrlword                                                                                         ; dds_freq_ctrlword   ; work         ;
;       |lpm_mult:Mult0|                         ; 0 (0)       ; 0 (0)                     ; 0 (0)         ; 0           ; 0    ; 4            ; 0       ; 2         ; 0    ; 0            ; 0 (0)        ; 0 (0)             ; 0 (0)            ; |DDS_simple|dds_freq_ctrlword:u_freq_ctrlword|lpm_mult:Mult0                                                                          ; lpm_mult            ; work         ;
;          |mult_fft:auto_generated|             ; 0 (0)       ; 0 (0)                     ; 0 (0)         ; 0           ; 0    ; 4            ; 0       ; 2         ; 0    ; 0            ; 0 (0)        ; 0 (0)             ; 0 (0)            ; |DDS_simple|dds_freq_ctrlword:u_freq_ctrlword|lpm_mult:Mult0|mult_fft:auto_generated                                                  ; mult_fft            ; work         ;
;    |lpm_add_sub:Add15|                         ; 29 (0)      ; 0 (0)                     ; 0 (0)         ; 0           ; 0    ; 0            ; 0       ; 0         ; 0    ; 0            ; 29 (0)       ; 0 (0)             ; 0 (0)            ; |DDS_simple|lpm_add_sub:Add15                                                                                                         ; lpm_add_sub         ; work         ;
;       |add_sub_pvi:auto_generated|             ; 29 (29)     ; 0 (0)                     ; 0 (0)         ; 0           ; 0    ; 0            ; 0       ; 0         ; 0    ; 0            ; 29 (29)      ; 0 (0)             ; 0 (0)            ; |DDS_simple|lpm_add_sub:Add15|add_sub_pvi:auto_generated                                                                              ; add_sub_pvi         ; work         ;
;    |lpm_divide:Div0|                           ; 371 (0)     ; 0 (0)                     ; 0 (0)         ; 0           ; 0    ; 0            ; 0       ; 0         ; 0    ; 0            ; 371 (0)      ; 0 (0)             ; 0 (0)            ; |DDS_simple|lpm_divide:Div0                                                                                                           ; lpm_divide          ; work         ;
;       |lpm_divide_0jm:auto_generated|          ; 371 (0)     ; 0 (0)                     ; 0 (0)         ; 0           ; 0    ; 0            ; 0       ; 0         ; 0    ; 0            ; 371 (0)      ; 0 (0)             ; 0 (0)            ; |DDS_simple|lpm_divide:Div0|lpm_divide_0jm:auto_generated                                                                             ; lpm_divide_0jm      ; work         ;
;          |sign_div_unsign_olh:divider|         ; 371 (0)     ; 0 (0)                     ; 0 (0)         ; 0           ; 0    ; 0            ; 0       ; 0         ; 0    ; 0            ; 371 (0)      ; 0 (0)             ; 0 (0)            ; |DDS_simple|lpm_divide:Div0|lpm_divide_0jm:auto_generated|sign_div_unsign_olh:divider                                                 ; sign_div_unsign_olh ; work         ;
;             |alt_u_div_47f:divider|            ; 371 (371)   ; 0 (0)                     ; 0 (0)         ; 0           ; 0    ; 0            ; 0       ; 0         ; 0    ; 0            ; 371 (371)    ; 0 (0)             ; 0 (0)            ; |DDS_simple|lpm_divide:Div0|lpm_divide_0jm:auto_generated|sign_div_unsign_olh:divider|alt_u_div_47f:divider                           ; alt_u_div_47f       ; work         ;
;    |lpm_divide:Div1|                           ; 633 (0)     ; 0 (0)                     ; 0 (0)         ; 0           ; 0    ; 0            ; 0       ; 0         ; 0    ; 0            ; 633 (0)      ; 0 (0)             ; 0 (0)            ; |DDS_simple|lpm_divide:Div1                                                                                                           ; lpm_divide          ; work         ;
;       |lpm_divide_dkm:auto_generated|          ; 633 (0)     ; 0 (0)                     ; 0 (0)         ; 0           ; 0    ; 0            ; 0       ; 0         ; 0    ; 0            ; 633 (0)      ; 0 (0)             ; 0 (0)            ; |DDS_simple|lpm_divide:Div1|lpm_divide_dkm:auto_generated                                                                             ; lpm_divide_dkm      ; work         ;
;          |sign_div_unsign_5nh:divider|         ; 633 (0)     ; 0 (0)                     ; 0 (0)         ; 0           ; 0    ; 0            ; 0       ; 0         ; 0    ; 0            ; 633 (0)      ; 0 (0)             ; 0 (0)            ; |DDS_simple|lpm_divide:Div1|lpm_divide_dkm:auto_generated|sign_div_unsign_5nh:divider                                                 ; sign_div_unsign_5nh ; work         ;
;             |alt_u_div_u9f:divider|            ; 633 (633)   ; 0 (0)                     ; 0 (0)         ; 0           ; 0    ; 0            ; 0       ; 0         ; 0    ; 0            ; 633 (633)    ; 0 (0)             ; 0 (0)            ; |DDS_simple|lpm_divide:Div1|lpm_divide_dkm:auto_generated|sign_div_unsign_5nh:divider|alt_u_div_u9f:divider                           ; alt_u_div_u9f       ; work         ;
;    |lpm_mult:Mult0|                            ; 67 (0)      ; 0 (0)                     ; 0 (0)         ; 0           ; 0    ; 0            ; 0       ; 0         ; 0    ; 0            ; 67 (0)       ; 0 (0)             ; 0 (0)            ; |DDS_simple|lpm_mult:Mult0                                                                                                            ; lpm_mult            ; work         ;
;       |multcore:mult_core|                     ; 67 (31)     ; 0 (0)                     ; 0 (0)         ; 0           ; 0    ; 0            ; 0       ; 0         ; 0    ; 0            ; 67 (31)      ; 0 (0)             ; 0 (0)            ; |DDS_simple|lpm_mult:Mult0|multcore:mult_core                                                                                         ; multcore            ; work         ;
;          |mpar_add:padder|                     ; 36 (0)      ; 0 (0)                     ; 0 (0)         ; 0           ; 0    ; 0            ; 0       ; 0         ; 0    ; 0            ; 36 (0)       ; 0 (0)             ; 0 (0)            ; |DDS_simple|lpm_mult:Mult0|multcore:mult_core|mpar_add:padder                                                                         ; mpar_add            ; work         ;
;             |lpm_add_sub:adder[0]|             ; 12 (0)      ; 0 (0)                     ; 0 (0)         ; 0           ; 0    ; 0            ; 0       ; 0         ; 0    ; 0            ; 12 (0)       ; 0 (0)             ; 0 (0)            ; |DDS_simple|lpm_mult:Mult0|multcore:mult_core|mpar_add:padder|lpm_add_sub:adder[0]                                                    ; lpm_add_sub         ; work         ;
;                |add_sub_i9h:auto_generated|    ; 12 (12)     ; 0 (0)                     ; 0 (0)         ; 0           ; 0    ; 0            ; 0       ; 0         ; 0    ; 0            ; 12 (12)      ; 0 (0)             ; 0 (0)            ; |DDS_simple|lpm_mult:Mult0|multcore:mult_core|mpar_add:padder|lpm_add_sub:adder[0]|add_sub_i9h:auto_generated                         ; add_sub_i9h         ; work         ;
;             |lpm_add_sub:adder[1]|             ; 10 (0)      ; 0 (0)                     ; 0 (0)         ; 0           ; 0    ; 0            ; 0       ; 0         ; 0    ; 0            ; 10 (0)       ; 0 (0)             ; 0 (0)            ; |DDS_simple|lpm_mult:Mult0|multcore:mult_core|mpar_add:padder|lpm_add_sub:adder[1]                                                    ; lpm_add_sub         ; work         ;
;                |add_sub_ckh:auto_generated|    ; 10 (10)     ; 0 (0)                     ; 0 (0)         ; 0           ; 0    ; 0            ; 0       ; 0         ; 0    ; 0            ; 10 (10)      ; 0 (0)             ; 0 (0)            ; |DDS_simple|lpm_mult:Mult0|multcore:mult_core|mpar_add:padder|lpm_add_sub:adder[1]|add_sub_ckh:auto_generated                         ; add_sub_ckh         ; work         ;
;             |mpar_add:sub_par_add|             ; 14 (0)      ; 0 (0)                     ; 0 (0)         ; 0           ; 0    ; 0            ; 0       ; 0         ; 0    ; 0            ; 14 (0)       ; 0 (0)             ; 0 (0)            ; |DDS_simple|lpm_mult:Mult0|multcore:mult_core|mpar_add:padder|mpar_add:sub_par_add                                                    ; mpar_add            ; work         ;
;                |lpm_add_sub:adder[0]|          ; 14 (0)      ; 0 (0)                     ; 0 (0)         ; 0           ; 0    ; 0            ; 0       ; 0         ; 0    ; 0            ; 14 (0)       ; 0 (0)             ; 0 (0)            ; |DDS_simple|lpm_mult:Mult0|multcore:mult_core|mpar_add:padder|mpar_add:sub_par_add|lpm_add_sub:adder[0]                               ; lpm_add_sub         ; work         ;
;                   |add_sub_gkh:auto_generated| ; 14 (14)     ; 0 (0)                     ; 0 (0)         ; 0           ; 0    ; 0            ; 0       ; 0         ; 0    ; 0            ; 14 (14)      ; 0 (0)             ; 0 (0)            ; |DDS_simple|lpm_mult:Mult0|multcore:mult_core|mpar_add:padder|mpar_add:sub_par_add|lpm_add_sub:adder[0]|add_sub_gkh:auto_generated    ; add_sub_gkh         ; work         ;
;    |lpm_mult:Mult1|                            ; 14 (0)      ; 0 (0)                     ; 0 (0)         ; 0           ; 0    ; 4            ; 0       ; 2         ; 0    ; 0            ; 14 (0)       ; 0 (0)             ; 0 (0)            ; |DDS_simple|lpm_mult:Mult1                                                                                                            ; lpm_mult            ; work         ;
;       |mult_fft:auto_generated|                ; 14 (14)     ; 0 (0)                     ; 0 (0)         ; 0           ; 0    ; 4            ; 0       ; 2         ; 0    ; 0            ; 14 (14)      ; 0 (0)             ; 0 (0)            ; |DDS_simple|lpm_mult:Mult1|mult_fft:auto_generated                                                                                    ; mult_fft            ; work         ;
;    |lpm_mult:Mult2|                            ; 41 (0)      ; 0 (0)                     ; 0 (0)         ; 0           ; 0    ; 4            ; 0       ; 2         ; 0    ; 0            ; 41 (0)       ; 0 (0)             ; 0 (0)            ; |DDS_simple|lpm_mult:Mult2                                                                                                            ; lpm_mult            ; work         ;
;       |mult_66t:auto_generated|                ; 41 (41)     ; 0 (0)                     ; 0 (0)         ; 0           ; 0    ; 4            ; 0       ; 2         ; 0    ; 0            ; 41 (41)      ; 0 (0)             ; 0 (0)            ; |DDS_simple|lpm_mult:Mult2|mult_66t:auto_generated                                                                                    ; mult_66t            ; work         ;
;    |lpm_mult:Mult3|                            ; 21 (0)      ; 0 (0)                     ; 0 (0)         ; 0           ; 0    ; 4            ; 0       ; 2         ; 0    ; 0            ; 21 (0)       ; 0 (0)             ; 0 (0)            ; |DDS_simple|lpm_mult:Mult3                                                                                                            ; lpm_mult            ; work         ;
;       |mult_58t:auto_generated|                ; 21 (21)     ; 0 (0)                     ; 0 (0)         ; 0           ; 0    ; 4            ; 0       ; 2         ; 0    ; 0            ; 21 (21)      ; 0 (0)             ; 0 (0)            ; |DDS_simple|lpm_mult:Mult3|mult_58t:auto_generated                                                                                    ; mult_58t            ; work         ;
;    |lpm_mult:Mult4|                            ; 0 (0)       ; 0 (0)                     ; 0 (0)         ; 0           ; 0    ; 2            ; 0       ; 1         ; 0    ; 0            ; 0 (0)        ; 0 (0)             ; 0 (0)            ; |DDS_simple|lpm_mult:Mult4                                                                                                            ; lpm_mult            ; work         ;
;       |mult_k4t:auto_generated|                ; 0 (0)       ; 0 (0)                     ; 0 (0)         ; 0           ; 0    ; 2            ; 0       ; 1         ; 0    ; 0            ; 0 (0)        ; 0 (0)             ; 0 (0)            ; |DDS_simple|lpm_mult:Mult4|mult_k4t:auto_generated                                                                                    ; mult_k4t            ; work         ;
;    |lpm_mult:Mult5|                            ; 19 (0)      ; 0 (0)                     ; 0 (0)         ; 0           ; 0    ; 4            ; 0       ; 2         ; 0    ; 0            ; 19 (0)       ; 0 (0)             ; 0 (0)            ; |DDS_simple|lpm_mult:Mult5                                                                                                            ; lpm_mult            ; work         ;
;       |mult_k9t:auto_generated|                ; 19 (19)     ; 0 (0)                     ; 0 (0)         ; 0           ; 0    ; 4            ; 0       ; 2         ; 0    ; 0            ; 19 (19)      ; 0 (0)             ; 0 (0)            ; |DDS_simple|lpm_mult:Mult5|mult_k9t:auto_generated                                                                                    ; mult_k9t            ; work         ;
;    |lpm_mult:Mult6|                            ; 0 (0)       ; 0 (0)                     ; 0 (0)         ; 0           ; 0    ; 2            ; 0       ; 1         ; 0    ; 0            ; 0 (0)        ; 0 (0)             ; 0 (0)            ; |DDS_simple|lpm_mult:Mult6                                                                                                            ; lpm_mult            ; work         ;
;       |mult_76t:auto_generated|                ; 0 (0)       ; 0 (0)                     ; 0 (0)         ; 0           ; 0    ; 2            ; 0       ; 1         ; 0    ; 0            ; 0 (0)        ; 0 (0)             ; 0 (0)            ; |DDS_simple|lpm_mult:Mult6|mult_76t:auto_generated                                                                                    ; mult_76t            ; work         ;
;    |lpm_mult:Mult7|                            ; 42 (0)      ; 0 (0)                     ; 0 (0)         ; 0           ; 0    ; 0            ; 0       ; 0         ; 0    ; 0            ; 40 (0)       ; 0 (0)             ; 2 (0)            ; |DDS_simple|lpm_mult:Mult7                                                                                                            ; lpm_mult            ; work         ;
;       |multcore:mult_core|                     ; 42 (42)     ; 0 (0)                     ; 0 (0)         ; 0           ; 0    ; 0            ; 0       ; 0         ; 0    ; 0            ; 40 (40)      ; 0 (0)             ; 2 (2)            ; |DDS_simple|lpm_mult:Mult7|multcore:mult_core                                                                                         ; multcore            ; work         ;
;    |seg_display:u_seg_display|                 ; 1261 (354)  ; 95 (95)                   ; 0 (0)         ; 0           ; 0    ; 0            ; 0       ; 0         ; 0    ; 0            ; 1164 (259)   ; 6 (6)             ; 91 (86)          ; |DDS_simple|seg_display:u_seg_display                                                                                                 ; seg_display         ; work         ;
;       |lpm_divide:Div0|                        ; 38 (0)      ; 0 (0)                     ; 0 (0)         ; 0           ; 0    ; 0            ; 0       ; 0         ; 0    ; 0            ; 38 (0)       ; 0 (0)             ; 0 (0)            ; |DDS_simple|seg_display:u_seg_display|lpm_divide:Div0                                                                                 ; lpm_divide          ; work         ;
;          |lpm_divide_ihm:auto_generated|       ; 38 (0)      ; 0 (0)                     ; 0 (0)         ; 0           ; 0    ; 0            ; 0       ; 0         ; 0    ; 0            ; 38 (0)       ; 0 (0)             ; 0 (0)            ; |DDS_simple|seg_display:u_seg_display|lpm_divide:Div0|lpm_divide_ihm:auto_generated                                                   ; lpm_divide_ihm      ; work         ;
;             |sign_div_unsign_akh:divider|      ; 38 (0)      ; 0 (0)                     ; 0 (0)         ; 0           ; 0    ; 0            ; 0       ; 0         ; 0    ; 0            ; 38 (0)       ; 0 (0)             ; 0 (0)            ; |DDS_simple|seg_display:u_seg_display|lpm_divide:Div0|lpm_divide_ihm:auto_generated|sign_div_unsign_akh:divider                       ; sign_div_unsign_akh ; work         ;
;                |alt_u_div_84f:divider|         ; 38 (38)     ; 0 (0)                     ; 0 (0)         ; 0           ; 0    ; 0            ; 0       ; 0         ; 0    ; 0            ; 38 (38)      ; 0 (0)             ; 0 (0)            ; |DDS_simple|seg_display:u_seg_display|lpm_divide:Div0|lpm_divide_ihm:auto_generated|sign_div_unsign_akh:divider|alt_u_div_84f:divider ; alt_u_div_84f       ; work         ;
;       |lpm_divide:Div1|                        ; 236 (0)     ; 0 (0)                     ; 0 (0)         ; 0           ; 0    ; 0            ; 0       ; 0         ; 0    ; 0            ; 236 (0)      ; 0 (0)             ; 0 (0)            ; |DDS_simple|seg_display:u_seg_display|lpm_divide:Div1                                                                                 ; lpm_divide          ; work         ;
;          |lpm_divide_0jm:auto_generated|       ; 236 (0)     ; 0 (0)                     ; 0 (0)         ; 0           ; 0    ; 0            ; 0       ; 0         ; 0    ; 0            ; 236 (0)      ; 0 (0)             ; 0 (0)            ; |DDS_simple|seg_display:u_seg_display|lpm_divide:Div1|lpm_divide_0jm:auto_generated                                                   ; lpm_divide_0jm      ; work         ;
;             |sign_div_unsign_olh:divider|      ; 236 (0)     ; 0 (0)                     ; 0 (0)         ; 0           ; 0    ; 0            ; 0       ; 0         ; 0    ; 0            ; 236 (0)      ; 0 (0)             ; 0 (0)            ; |DDS_simple|seg_display:u_seg_display|lpm_divide:Div1|lpm_divide_0jm:auto_generated|sign_div_unsign_olh:divider                       ; sign_div_unsign_olh ; work         ;
;                |alt_u_div_47f:divider|         ; 236 (236)   ; 0 (0)                     ; 0 (0)         ; 0           ; 0    ; 0            ; 0       ; 0         ; 0    ; 0            ; 236 (236)    ; 0 (0)             ; 0 (0)            ; |DDS_simple|seg_display:u_seg_display|lpm_divide:Div1|lpm_divide_0jm:auto_generated|sign_div_unsign_olh:divider|alt_u_div_47f:divider ; alt_u_div_47f       ; work         ;
;       |lpm_divide:Mod0|                        ; 369 (0)     ; 0 (0)                     ; 0 (0)         ; 0           ; 0    ; 0            ; 0       ; 0         ; 0    ; 0            ; 367 (0)      ; 0 (0)             ; 2 (0)            ; |DDS_simple|seg_display:u_seg_display|lpm_divide:Mod0                                                                                 ; lpm_divide          ; work         ;
;          |lpm_divide_6bm:auto_generated|       ; 369 (0)     ; 0 (0)                     ; 0 (0)         ; 0           ; 0    ; 0            ; 0       ; 0         ; 0    ; 0            ; 367 (0)      ; 0 (0)             ; 2 (0)            ; |DDS_simple|seg_display:u_seg_display|lpm_divide:Mod0|lpm_divide_6bm:auto_generated                                                   ; lpm_divide_6bm      ; work         ;
;             |sign_div_unsign_rlh:divider|      ; 369 (0)     ; 0 (0)                     ; 0 (0)         ; 0           ; 0    ; 0            ; 0       ; 0         ; 0    ; 0            ; 367 (0)      ; 0 (0)             ; 2 (0)            ; |DDS_simple|seg_display:u_seg_display|lpm_divide:Mod0|lpm_divide_6bm:auto_generated|sign_div_unsign_rlh:divider                       ; sign_div_unsign_rlh ; work         ;
;                |alt_u_div_a7f:divider|         ; 369 (369)   ; 0 (0)                     ; 0 (0)         ; 0           ; 0    ; 0            ; 0       ; 0         ; 0    ; 0            ; 367 (367)    ; 0 (0)             ; 2 (2)            ; |DDS_simple|seg_display:u_seg_display|lpm_divide:Mod0|lpm_divide_6bm:auto_generated|sign_div_unsign_rlh:divider|alt_u_div_a7f:divider ; alt_u_div_a7f       ; work         ;
;       |lpm_divide:Mod1|                        ; 267 (0)     ; 0 (0)                     ; 0 (0)         ; 0           ; 0    ; 0            ; 0       ; 0         ; 0    ; 0            ; 264 (0)      ; 0 (0)             ; 3 (0)            ; |DDS_simple|seg_display:u_seg_display|lpm_divide:Mod1                                                                                 ; lpm_divide          ; work         ;
;          |lpm_divide_3bm:auto_generated|       ; 267 (0)     ; 0 (0)                     ; 0 (0)         ; 0           ; 0    ; 0            ; 0       ; 0         ; 0    ; 0            ; 264 (0)      ; 0 (0)             ; 3 (0)            ; |DDS_simple|seg_display:u_seg_display|lpm_divide:Mod1|lpm_divide_3bm:auto_generated                                                   ; lpm_divide_3bm      ; work         ;
;             |sign_div_unsign_olh:divider|      ; 267 (0)     ; 0 (0)                     ; 0 (0)         ; 0           ; 0    ; 0            ; 0       ; 0         ; 0    ; 0            ; 264 (0)      ; 0 (0)             ; 3 (0)            ; |DDS_simple|seg_display:u_seg_display|lpm_divide:Mod1|lpm_divide_3bm:auto_generated|sign_div_unsign_olh:divider                       ; sign_div_unsign_olh ; work         ;
;                |alt_u_div_47f:divider|         ; 267 (267)   ; 0 (0)                     ; 0 (0)         ; 0           ; 0    ; 0            ; 0       ; 0         ; 0    ; 0            ; 264 (264)    ; 0 (0)             ; 3 (3)            ; |DDS_simple|seg_display:u_seg_display|lpm_divide:Mod1|lpm_divide_3bm:auto_generated|sign_div_unsign_olh:divider|alt_u_div_47f:divider ; alt_u_div_47f       ; work         ;
;    |sine_12bit_256:u_rom_carrier_12|           ; 0 (0)       ; 0 (0)                     ; 0 (0)         ; 3072        ; 1    ; 0            ; 0       ; 0         ; 0    ; 0            ; 0 (0)        ; 0 (0)             ; 0 (0)            ; |DDS_simple|sine_12bit_256:u_rom_carrier_12                                                                                           ; sine_12bit_256      ; work         ;
;       |altsyncram:altsyncram_component|        ; 0 (0)       ; 0 (0)                     ; 0 (0)         ; 3072        ; 1    ; 0            ; 0       ; 0         ; 0    ; 0            ; 0 (0)        ; 0 (0)             ; 0 (0)            ; |DDS_simple|sine_12bit_256:u_rom_carrier_12|altsyncram:altsyncram_component                                                           ; altsyncram          ; work         ;
;          |altsyncram_nq91:auto_generated|      ; 0 (0)       ; 0 (0)                     ; 0 (0)         ; 3072        ; 1    ; 0            ; 0       ; 0         ; 0    ; 0            ; 0 (0)        ; 0 (0)             ; 0 (0)            ; |DDS_simple|sine_12bit_256:u_rom_carrier_12|altsyncram:altsyncram_component|altsyncram_nq91:auto_generated                            ; altsyncram_nq91     ; work         ;
;    |sine_14bit_256:u_rom_1k|                   ; 0 (0)       ; 0 (0)                     ; 0 (0)         ; 3584        ; 1    ; 0            ; 0       ; 0         ; 0    ; 0            ; 0 (0)        ; 0 (0)             ; 0 (0)            ; |DDS_simple|sine_14bit_256:u_rom_1k                                                                                                   ; sine_14bit_256      ; work         ;
;       |altsyncram:altsyncram_component|        ; 0 (0)       ; 0 (0)                     ; 0 (0)         ; 3584        ; 1    ; 0            ; 0       ; 0         ; 0    ; 0            ; 0 (0)        ; 0 (0)             ; 0 (0)            ; |DDS_simple|sine_14bit_256:u_rom_1k|altsyncram:altsyncram_component                                                                   ; altsyncram          ; work         ;
;          |altsyncram_rq91:auto_generated|      ; 0 (0)       ; 0 (0)                     ; 0 (0)         ; 3584        ; 1    ; 0            ; 0       ; 0         ; 0    ; 0            ; 0 (0)        ; 0 (0)             ; 0 (0)            ; |DDS_simple|sine_14bit_256:u_rom_1k|altsyncram:altsyncram_component|altsyncram_rq91:auto_generated                                    ; altsyncram_rq91     ; work         ;
;    |sine_14bit_256:u_rom_2k|                   ; 0 (0)       ; 0 (0)                     ; 0 (0)         ; 3584        ; 1    ; 0            ; 0       ; 0         ; 0    ; 0            ; 0 (0)        ; 0 (0)             ; 0 (0)            ; |DDS_simple|sine_14bit_256:u_rom_2k                                                                                                   ; sine_14bit_256      ; work         ;
;       |altsyncram:altsyncram_component|        ; 0 (0)       ; 0 (0)                     ; 0 (0)         ; 3584        ; 1    ; 0            ; 0       ; 0         ; 0    ; 0            ; 0 (0)        ; 0 (0)             ; 0 (0)            ; |DDS_simple|sine_14bit_256:u_rom_2k|altsyncram:altsyncram_component                                                                   ; altsyncram          ; work         ;
;          |altsyncram_rq91:auto_generated|      ; 0 (0)       ; 0 (0)                     ; 0 (0)         ; 3584        ; 1    ; 0            ; 0       ; 0         ; 0    ; 0            ; 0 (0)        ; 0 (0)             ; 0 (0)            ; |DDS_simple|sine_14bit_256:u_rom_2k|altsyncram:altsyncram_component|altsyncram_rq91:auto_generated                                    ; altsyncram_rq91     ; work         ;
;    |sine_14bit_256:u_rom_ask|                  ; 0 (0)       ; 0 (0)                     ; 0 (0)         ; 3584        ; 1    ; 0            ; 0       ; 0         ; 0    ; 0            ; 0 (0)        ; 0 (0)             ; 0 (0)            ; |DDS_simple|sine_14bit_256:u_rom_ask                                                                                                  ; sine_14bit_256      ; work         ;
;       |altsyncram:altsyncram_component|        ; 0 (0)       ; 0 (0)                     ; 0 (0)         ; 3584        ; 1    ; 0            ; 0       ; 0         ; 0    ; 0            ; 0 (0)        ; 0 (0)             ; 0 (0)            ; |DDS_simple|sine_14bit_256:u_rom_ask|altsyncram:altsyncram_component                                                                  ; altsyncram          ; work         ;
;          |altsyncram_rq91:auto_generated|      ; 0 (0)       ; 0 (0)                     ; 0 (0)         ; 3584        ; 1    ; 0            ; 0       ; 0         ; 0    ; 0            ; 0 (0)        ; 0 (0)             ; 0 (0)            ; |DDS_simple|sine_14bit_256:u_rom_ask|altsyncram:altsyncram_component|altsyncram_rq91:auto_generated                                   ; altsyncram_rq91     ; work         ;
;    |sine_14bit_256:u_rom_carrier_14|           ; 0 (0)       ; 0 (0)                     ; 0 (0)         ; 3584        ; 0    ; 0            ; 0       ; 0         ; 0    ; 0            ; 0 (0)        ; 0 (0)             ; 0 (0)            ; |DDS_simple|sine_14bit_256:u_rom_carrier_14                                                                                           ; sine_14bit_256      ; work         ;
;       |altsyncram:altsyncram_component|        ; 0 (0)       ; 0 (0)                     ; 0 (0)         ; 3584        ; 0    ; 0            ; 0       ; 0         ; 0    ; 0            ; 0 (0)        ; 0 (0)             ; 0 (0)            ; |DDS_simple|sine_14bit_256:u_rom_carrier_14|altsyncram:altsyncram_component                                                           ; altsyncram          ; work         ;
;          |altsyncram_rq91:auto_generated|      ; 0 (0)       ; 0 (0)                     ; 0 (0)         ; 3584        ; 0    ; 0            ; 0       ; 0         ; 0    ; 0            ; 0 (0)        ; 0 (0)             ; 0 (0)            ; |DDS_simple|sine_14bit_256:u_rom_carrier_14|altsyncram:altsyncram_component|altsyncram_rq91:auto_generated                            ; altsyncram_rq91     ; work         ;
;    |sine_14bit_256:u_rom_mod|                  ; 0 (0)       ; 0 (0)                     ; 0 (0)         ; 3584        ; 1    ; 0            ; 0       ; 0         ; 0    ; 0            ; 0 (0)        ; 0 (0)             ; 0 (0)            ; |DDS_simple|sine_14bit_256:u_rom_mod                                                                                                  ; sine_14bit_256      ; work         ;
;       |altsyncram:altsyncram_component|        ; 0 (0)       ; 0 (0)                     ; 0 (0)         ; 3584        ; 1    ; 0            ; 0       ; 0         ; 0    ; 0            ; 0 (0)        ; 0 (0)             ; 0 (0)            ; |DDS_simple|sine_14bit_256:u_rom_mod|altsyncram:altsyncram_component                                                                  ; altsyncram          ; work         ;
;          |altsyncram_rq91:auto_generated|      ; 0 (0)       ; 0 (0)                     ; 0 (0)         ; 3584        ; 1    ; 0            ; 0       ; 0         ; 0    ; 0            ; 0 (0)        ; 0 (0)             ; 0 (0)            ; |DDS_simple|sine_14bit_256:u_rom_mod|altsyncram:altsyncram_component|altsyncram_rq91:auto_generated                                   ; altsyncram_rq91     ; work         ;
;    |sine_14bit_256:u_rom_psk|                  ; 0 (0)       ; 0 (0)                     ; 0 (0)         ; 3584        ; 1    ; 0            ; 0       ; 0         ; 0    ; 0            ; 0 (0)        ; 0 (0)             ; 0 (0)            ; |DDS_simple|sine_14bit_256:u_rom_psk                                                                                                  ; sine_14bit_256      ; work         ;
;       |altsyncram:altsyncram_component|        ; 0 (0)       ; 0 (0)                     ; 0 (0)         ; 3584        ; 1    ; 0            ; 0       ; 0         ; 0    ; 0            ; 0 (0)        ; 0 (0)             ; 0 (0)            ; |DDS_simple|sine_14bit_256:u_rom_psk|altsyncram:altsyncram_component                                                                  ; altsyncram          ; work         ;
;          |altsyncram_rq91:auto_generated|      ; 0 (0)       ; 0 (0)                     ; 0 (0)         ; 3584        ; 1    ; 0            ; 0       ; 0         ; 0    ; 0            ; 0 (0)        ; 0 (0)             ; 0 (0)            ; |DDS_simple|sine_14bit_256:u_rom_psk|altsyncram:altsyncram_component|altsyncram_rq91:auto_generated                                   ; altsyncram_rq91     ; work         ;
;    |sintopwm:u_pwm_inst|                       ; 21 (21)     ; 18 (18)                   ; 0 (0)         ; 0           ; 0    ; 0            ; 0       ; 0         ; 0    ; 0            ; 3 (3)        ; 1 (1)             ; 17 (17)          ; |DDS_simple|sintopwm:u_pwm_inst                                                                                                       ; sintopwm            ; work         ;
+------------------------------------------------+-------------+---------------------------+---------------+-------------+------+--------------+---------+-----------+------+--------------+--------------+-------------------+------------------+---------------------------------------------------------------------------------------------------------------------------------------+---------------------+--------------+
Note: For table entries with two numbers listed, the numbers in parentheses indicate the number of resources of the given type used by the specific entity alone. The numbers listed outside of parentheses indicate the total resources of the given type used by the specific entity and all of its sub-entities in the hierarchy.


+----------------------------------------------------------------------------------------------+
; Delay Chain Summary                                                                          ;
+--------------+----------+---------------+---------------+-----------------------+-----+------+
; Name         ; Pin Type ; Pad to Core 0 ; Pad to Core 1 ; Pad to Input Register ; TCO ; TCOE ;
+--------------+----------+---------------+---------------+-----------------------+-----+------+
; led          ; Output   ; --            ; --            ; --                    ; --  ; --   ;
; sine_out[0]  ; Output   ; --            ; --            ; --                    ; --  ; --   ;
; sine_out[1]  ; Output   ; --            ; --            ; --                    ; --  ; --   ;
; sine_out[2]  ; Output   ; --            ; --            ; --                    ; --  ; --   ;
; sine_out[3]  ; Output   ; --            ; --            ; --                    ; --  ; --   ;
; sine_out[4]  ; Output   ; --            ; --            ; --                    ; --  ; --   ;
; sine_out[5]  ; Output   ; --            ; --            ; --                    ; --  ; --   ;
; sine_out[6]  ; Output   ; --            ; --            ; --                    ; --  ; --   ;
; sine_out[7]  ; Output   ; --            ; --            ; --                    ; --  ; --   ;
; sine_out[8]  ; Output   ; --            ; --            ; --                    ; --  ; --   ;
; sine_out[9]  ; Output   ; --            ; --            ; --                    ; --  ; --   ;
; sine_out[10] ; Output   ; --            ; --            ; --                    ; --  ; --   ;
; sine_out[11] ; Output   ; --            ; --            ; --                    ; --  ; --   ;
; sine_out[12] ; Output   ; --            ; --            ; --                    ; --  ; --   ;
; sine_out[13] ; Output   ; --            ; --            ; --                    ; --  ; --   ;
; baseband_out ; Output   ; --            ; --            ; --                    ; --  ; --   ;
; seg[0]       ; Output   ; --            ; --            ; --                    ; --  ; --   ;
; seg[1]       ; Output   ; --            ; --            ; --                    ; --  ; --   ;
; seg[2]       ; Output   ; --            ; --            ; --                    ; --  ; --   ;
; seg[3]       ; Output   ; --            ; --            ; --                    ; --  ; --   ;
; seg[4]       ; Output   ; --            ; --            ; --                    ; --  ; --   ;
; seg[5]       ; Output   ; --            ; --            ; --                    ; --  ; --   ;
; seg[6]       ; Output   ; --            ; --            ; --                    ; --  ; --   ;
; seg[7]       ; Output   ; --            ; --            ; --                    ; --  ; --   ;
; sel[0]       ; Output   ; --            ; --            ; --                    ; --  ; --   ;
; sel[1]       ; Output   ; --            ; --            ; --                    ; --  ; --   ;
; sel[2]       ; Output   ; --            ; --            ; --                    ; --  ; --   ;
; sel[3]       ; Output   ; --            ; --            ; --                    ; --  ; --   ;
; sel[4]       ; Output   ; --            ; --            ; --                    ; --  ; --   ;
; sel[5]       ; Output   ; --            ; --            ; --                    ; --  ; --   ;
; out_dacclk   ; Output   ; --            ; --            ; --                    ; --  ; --   ;
; locked       ; Output   ; --            ; --            ; --                    ; --  ; --   ;
; pwm_out      ; Output   ; --            ; --            ; --                    ; --  ; --   ;
; sw_ask       ; Input    ; --            ; (6) 1314 ps   ; --                    ; --  ; --   ;
; sw_psk       ; Input    ; (6) 1314 ps   ; --            ; --                    ; --  ; --   ;
; sw_change_a  ; Input    ; (6) 1314 ps   ; --            ; --                    ; --  ; --   ;
; switch       ; Input    ; (6) 1314 ps   ; --            ; --                    ; --  ; --   ;
; sw_liss      ; Input    ; --            ; (6) 1314 ps   ; --                    ; --  ; --   ;
; clk          ; Input    ; (0) 0 ps      ; --            ; --                    ; --  ; --   ;
; rst_n        ; Input    ; (6) 1314 ps   ; --            ; --                    ; --  ; --   ;
; uart_rx      ; Input    ; --            ; (6) 1314 ps   ; --                    ; --  ; --   ;
+--------------+----------+---------------+---------------+-----------------------+-----+------+


+----------------------------------------------------------------------------------------+
; Pad To Core Delay Chain Fanout                                                         ;
+----------------------------------------------------------+-------------------+---------+
; Source Pin / Fanout                                      ; Pad To Core Index ; Setting ;
+----------------------------------------------------------+-------------------+---------+
; sw_ask                                                   ;                   ;         ;
;      - always11~0                                        ; 1                 ; 6       ;
;      - always11~1                                        ; 1                 ; 6       ;
;      - dac_comb[0]~34                                    ; 1                 ; 6       ;
;      - dac_comb[12]~42                                   ; 1                 ; 6       ;
;      - dac_comb[12]~43                                   ; 1                 ; 6       ;
;      - baseband_out~0                                    ; 1                 ; 6       ;
;      - seg_display:u_seg_display|Selector22~0            ; 1                 ; 6       ;
;      - display_freq[6]~42                                ; 1                 ; 6       ;
;      - display_freq[8]~51                                ; 1                 ; 6       ;
;      - display_freq[10]~57                               ; 1                 ; 6       ;
;      - display_freq[8]~58                                ; 1                 ; 6       ;
;      - pwm_input_mux[13]~0                               ; 1                 ; 6       ;
;      - pwm_input_mux[12]~1                               ; 1                 ; 6       ;
;      - pwm_input_mux[11]~2                               ; 1                 ; 6       ;
;      - pwm_input_mux[10]~3                               ; 1                 ; 6       ;
;      - pwm_input_mux[9]~4                                ; 1                 ; 6       ;
;      - pwm_input_mux[8]~5                                ; 1                 ; 6       ;
;      - pwm_input_mux[7]~6                                ; 1                 ; 6       ;
;      - pwm_input_mux[6]~7                                ; 1                 ; 6       ;
;      - pwm_input_mux[5]~8                                ; 1                 ; 6       ;
;      - pwm_input_mux[4]~9                                ; 1                 ; 6       ;
;      - pwm_input_mux[3]~10                               ; 1                 ; 6       ;
;      - pwm_input_mux[2]~11                               ; 1                 ; 6       ;
;      - pwm_input_mux[1]~12                               ; 1                 ; 6       ;
;      - pwm_input_mux[0]~13                               ; 1                 ; 6       ;
;      - dac_comb[3]~78                                    ; 1                 ; 6       ;
;      - dac_comb[0]~79                                    ; 1                 ; 6       ;
;      - dac_comb[11]~80                                   ; 1                 ; 6       ;
;      - dac_comb[10]~81                                   ; 1                 ; 6       ;
;      - dac_comb[8]~82                                    ; 1                 ; 6       ;
;      - dac_comb[9]~83                                    ; 1                 ; 6       ;
;      - dac_comb[3]~84                                    ; 1                 ; 6       ;
;      - dac_comb[1]~85                                    ; 1                 ; 6       ;
;      - dac_comb[2]~86                                    ; 1                 ; 6       ;
;      - dac_comb[4]~87                                    ; 1                 ; 6       ;
;      - dac_comb[5]~88                                    ; 1                 ; 6       ;
;      - dac_comb[6]~89                                    ; 1                 ; 6       ;
;      - dac_comb[7]~90                                    ; 1                 ; 6       ;
;      - seg_display:u_seg_display|LessThan3~6             ; 1                 ; 6       ;
;      - display_freq[16]~92                               ; 1                 ; 6       ;
;      - display_freq[15]~93                               ; 1                 ; 6       ;
; sw_psk                                                   ;                   ;         ;
;      - always11~0                                        ; 0                 ; 6       ;
;      - always11~1                                        ; 0                 ; 6       ;
;      - dac_comb[0]~34                                    ; 0                 ; 6       ;
;      - dac_comb[12]~42                                   ; 0                 ; 6       ;
;      - dac_comb[12]~43                                   ; 0                 ; 6       ;
;      - baseband_out~0                                    ; 0                 ; 6       ;
;      - seg_display:u_seg_display|Selector22~0            ; 0                 ; 6       ;
;      - display_freq[6]~42                                ; 0                 ; 6       ;
;      - display_freq[8]~51                                ; 0                 ; 6       ;
;      - display_freq[10]~57                               ; 0                 ; 6       ;
;      - display_freq[8]~58                                ; 0                 ; 6       ;
;      - pwm_input_mux[13]~0                               ; 0                 ; 6       ;
;      - pwm_input_mux[12]~1                               ; 0                 ; 6       ;
;      - pwm_input_mux[11]~2                               ; 0                 ; 6       ;
;      - pwm_input_mux[10]~3                               ; 0                 ; 6       ;
;      - pwm_input_mux[9]~4                                ; 0                 ; 6       ;
;      - pwm_input_mux[8]~5                                ; 0                 ; 6       ;
;      - pwm_input_mux[7]~6                                ; 0                 ; 6       ;
;      - pwm_input_mux[6]~7                                ; 0                 ; 6       ;
;      - pwm_input_mux[5]~8                                ; 0                 ; 6       ;
;      - pwm_input_mux[4]~9                                ; 0                 ; 6       ;
;      - pwm_input_mux[3]~10                               ; 0                 ; 6       ;
;      - pwm_input_mux[2]~11                               ; 0                 ; 6       ;
;      - pwm_input_mux[1]~12                               ; 0                 ; 6       ;
;      - pwm_input_mux[0]~13                               ; 0                 ; 6       ;
;      - dac_comb[3]~78                                    ; 0                 ; 6       ;
;      - dac_comb[0]~79                                    ; 0                 ; 6       ;
;      - dac_comb[11]~80                                   ; 0                 ; 6       ;
;      - dac_comb[10]~81                                   ; 0                 ; 6       ;
;      - dac_comb[8]~82                                    ; 0                 ; 6       ;
;      - dac_comb[9]~83                                    ; 0                 ; 6       ;
;      - dac_comb[3]~84                                    ; 0                 ; 6       ;
;      - dac_comb[1]~85                                    ; 0                 ; 6       ;
;      - dac_comb[2]~86                                    ; 0                 ; 6       ;
;      - dac_comb[4]~87                                    ; 0                 ; 6       ;
;      - dac_comb[5]~88                                    ; 0                 ; 6       ;
;      - dac_comb[6]~89                                    ; 0                 ; 6       ;
;      - dac_comb[7]~90                                    ; 0                 ; 6       ;
;      - seg_display:u_seg_display|LessThan3~6             ; 0                 ; 6       ;
;      - display_freq[16]~92                               ; 0                 ; 6       ;
;      - display_freq[15]~93                               ; 0                 ; 6       ;
; sw_change_a                                              ;                   ;         ;
;      - carrier_signed[0]~0                               ; 0                 ; 6       ;
;      - carrier_signed[7]~1                               ; 0                 ; 6       ;
;      - carrier_signed[5]~2                               ; 0                 ; 6       ;
;      - carrier_signed[6]~3                               ; 0                 ; 6       ;
;      - carrier_signed[4]~4                               ; 0                 ; 6       ;
;      - carrier_signed[3]~5                               ; 0                 ; 6       ;
;      - carrier_signed[2]~6                               ; 0                 ; 6       ;
;      - carrier_signed[1]~7                               ; 0                 ; 6       ;
;      - lpm_mult:Mult0|multcore:mult_core|_~3             ; 0                 ; 6       ;
;      - lpm_mult:Mult0|multcore:mult_core|_~4             ; 0                 ; 6       ;
;      - carrier_signed[12]~8                              ; 0                 ; 6       ;
;      - rom_data[13]~0                                    ; 0                 ; 6       ;
;      - lpm_mult:Mult0|multcore:mult_core|romout[3][1]~21 ; 0                 ; 6       ;
;      - carrier_signed[9]~9                               ; 0                 ; 6       ;
;      - carrier_signed[10]~10                             ; 0                 ; 6       ;
;      - carrier_signed[11]~11                             ; 0                 ; 6       ;
;      - carrier_signed[8]~12                              ; 0                 ; 6       ;
;      - WideOr0~3                                         ; 0                 ; 6       ;
;      - lpm_mult:Mult0|multcore:mult_core|romout[1][1]~30 ; 0                 ; 6       ;
;      - lpm_mult:Mult0|multcore:mult_core|romout[2][1]~31 ; 0                 ; 6       ;
; switch                                                   ;                   ;         ;
;      - dac_comb[3]~29                                    ; 0                 ; 6       ;
;      - dac_comb[12]~38                                   ; 0                 ; 6       ;
;      - dac_comb[12]~39                                   ; 0                 ; 6       ;
;      - phase_step[24]~0                                  ; 0                 ; 6       ;
;      - phase_step[23]~1                                  ; 0                 ; 6       ;
;      - phase_step[22]~2                                  ; 0                 ; 6       ;
;      - phase_step[21]~3                                  ; 0                 ; 6       ;
;      - phase_step[20]~4                                  ; 0                 ; 6       ;
;      - phase_step[19]~5                                  ; 0                 ; 6       ;
;      - phase_step[18]~6                                  ; 0                 ; 6       ;
;      - phase_step[17]~7                                  ; 0                 ; 6       ;
;      - phase_step[16]~8                                  ; 0                 ; 6       ;
;      - phase_step[15]~9                                  ; 0                 ; 6       ;
;      - phase_step[14]~10                                 ; 0                 ; 6       ;
;      - phase_step[13]~11                                 ; 0                 ; 6       ;
;      - phase_step[12]~12                                 ; 0                 ; 6       ;
;      - phase_step[11]~13                                 ; 0                 ; 6       ;
;      - phase_step[10]~14                                 ; 0                 ; 6       ;
;      - phase_step[9]~15                                  ; 0                 ; 6       ;
;      - phase_step[8]~16                                  ; 0                 ; 6       ;
;      - phase_step[7]~17                                  ; 0                 ; 6       ;
;      - phase_step[6]~18                                  ; 0                 ; 6       ;
;      - phase_step[5]~19                                  ; 0                 ; 6       ;
;      - phase_step[4]~20                                  ; 0                 ; 6       ;
;      - phase_step[3]~21                                  ; 0                 ; 6       ;
;      - phase_step[2]~22                                  ; 0                 ; 6       ;
;      - phase_step[1]~23                                  ; 0                 ; 6       ;
;      - phase_step[25]~24                                 ; 0                 ; 6       ;
;      - phase_step[26]~25                                 ; 0                 ; 6       ;
;      - phase_step[27]~26                                 ; 0                 ; 6       ;
;      - phase_step[28]~27                                 ; 0                 ; 6       ;
;      - phase_step[29]~28                                 ; 0                 ; 6       ;
;      - phase_step[30]~29                                 ; 0                 ; 6       ;
;      - phase_step[31]~30                                 ; 0                 ; 6       ;
;      - seg_display:u_seg_display|Selector22~0            ; 0                 ; 6       ;
;      - display_freq[8]~58                                ; 0                 ; 6       ;
;      - seg_display:u_seg_display|LessThan0~2             ; 0                 ; 6       ;
;      - seg_display:u_seg_display|LessThan1~3             ; 0                 ; 6       ;
; sw_liss                                                  ;                   ;         ;
;      - always11~1                                        ; 1                 ; 6       ;
;      - dac_comb[12]~43                                   ; 1                 ; 6       ;
;      - seg_display:u_seg_display|Selector22~0            ; 1                 ; 6       ;
;      - display_freq[8]~58                                ; 1                 ; 6       ;
;      - pwm_input_mux[13]~0                               ; 1                 ; 6       ;
;      - pwm_input_mux[12]~1                               ; 1                 ; 6       ;
;      - pwm_input_mux[11]~2                               ; 1                 ; 6       ;
;      - pwm_input_mux[10]~3                               ; 1                 ; 6       ;
;      - pwm_input_mux[9]~4                                ; 1                 ; 6       ;
;      - pwm_input_mux[8]~5                                ; 1                 ; 6       ;
;      - pwm_input_mux[7]~6                                ; 1                 ; 6       ;
;      - pwm_input_mux[6]~7                                ; 1                 ; 6       ;
;      - pwm_input_mux[5]~8                                ; 1                 ; 6       ;
;      - pwm_input_mux[4]~9                                ; 1                 ; 6       ;
;      - pwm_input_mux[3]~10                               ; 1                 ; 6       ;
;      - pwm_input_mux[2]~11                               ; 1                 ; 6       ;
;      - pwm_input_mux[1]~12                               ; 1                 ; 6       ;
;      - pwm_input_mux[0]~13                               ; 1                 ; 6       ;
;      - dac_comb[3]~78                                    ; 1                 ; 6       ;
;      - seg_display:u_seg_display|LessThan3~6             ; 1                 ; 6       ;
; clk                                                      ;                   ;         ;
; rst_n                                                    ;                   ;         ;
;      - work_mode[1]                                      ; 0                 ; 6       ;
;      - work_mode[2]                                      ; 0                 ; 6       ;
;      - bb_shift_reg[0]                                   ; 0                 ; 6       ;
;      - am_out[0]                                         ; 0                 ; 6       ;
;      - am_out[1]                                         ; 0                 ; 6       ;
;      - am_out[2]                                         ; 0                 ; 6       ;
;      - am_out[3]                                         ; 0                 ; 6       ;
;      - am_out[4]                                         ; 0                 ; 6       ;
;      - am_out[5]                                         ; 0                 ; 6       ;
;      - am_out[6]                                         ; 0                 ; 6       ;
;      - am_out[7]                                         ; 0                 ; 6       ;
;      - am_out[8]                                         ; 0                 ; 6       ;
;      - am_out[9]                                         ; 0                 ; 6       ;
;      - am_out[10]                                        ; 0                 ; 6       ;
;      - am_out[11]                                        ; 0                 ; 6       ;
;      - am_out[12]                                        ; 0                 ; 6       ;
;      - seg_display:u_seg_display|ma_ones[0]              ; 0                 ; 6       ;
;      - seg_display:u_seg_display|ma_ones[1]              ; 0                 ; 6       ;
;      - seg_display:u_seg_display|ma_ones[2]              ; 0                 ; 6       ;
;      - seg_display:u_seg_display|ma_ones[3]              ; 0                 ; 6       ;
;      - seg_display:u_seg_display|ma_tens[1]              ; 0                 ; 6       ;
;      - seg_display:u_seg_display|ma_tens[2]              ; 0                 ; 6       ;
;      - seg_display:u_seg_display|ma_tens[3]              ; 0                 ; 6       ;
;      - seg_display:u_seg_display|z_show[0]               ; 0                 ; 6       ;
;      - seg_display:u_seg_display|z_show[1]               ; 0                 ; 6       ;
;      - seg_display:u_seg_display|z_show[2]               ; 0                 ; 6       ;
;      - seg_display:u_seg_display|y_show[0]               ; 0                 ; 6       ;
;      - seg_display:u_seg_display|y_show[1]               ; 0                 ; 6       ;
;      - seg_display:u_seg_display|y_show[2]               ; 0                 ; 6       ;
;      - seg_display:u_seg_display|y_show[3]               ; 0                 ; 6       ;
;      - seg_display:u_seg_display|x_show[0]               ; 0                 ; 6       ;
;      - seg_display:u_seg_display|x_show[1]               ; 0                 ; 6       ;
;      - seg_display:u_seg_display|x_show[2]               ; 0                 ; 6       ;
;      - seg_display:u_seg_display|x_show[3]               ; 0                 ; 6       ;
;      - MCU_uart:u_mcu_uart|data_valid                    ; 0                 ; 6       ;
;      - square_out_reg.SQUARE_MID                         ; 0                 ; 6       ;
;      - square_out_reg.SQUARE_LOW                         ; 0                 ; 6       ;
;      - phase[24]                                         ; 0                 ; 6       ;
;      - phase[25]                                         ; 0                 ; 6       ;
;      - phase[26]                                         ; 0                 ; 6       ;
;      - phase[27]                                         ; 0                 ; 6       ;
;      - phase[28]                                         ; 0                 ; 6       ;
;      - phase[29]                                         ; 0                 ; 6       ;
;      - phase[30]                                         ; 0                 ; 6       ;
;      - phase[31]                                         ; 0                 ; 6       ;
;      - phase_1k[24]                                      ; 0                 ; 6       ;
;      - phase_1k[25]                                      ; 0                 ; 6       ;
;      - phase_1k[26]                                      ; 0                 ; 6       ;
;      - phase_1k[27]                                      ; 0                 ; 6       ;
;      - phase_1k[28]                                      ; 0                 ; 6       ;
;      - phase_1k[29]                                      ; 0                 ; 6       ;
;      - phase_1k[30]                                      ; 0                 ; 6       ;
;      - phase_1k[31]                                      ; 0                 ; 6       ;
;      - digital_mod_phase[24]                             ; 0                 ; 6       ;
;      - digital_mod_phase[25]                             ; 0                 ; 6       ;
;      - digital_mod_phase[26]                             ; 0                 ; 6       ;
;      - digital_mod_phase[27]                             ; 0                 ; 6       ;
;      - digital_mod_phase[28]                             ; 0                 ; 6       ;
;      - digital_mod_phase[29]                             ; 0                 ; 6       ;
;      - digital_mod_phase[30]                             ; 0                 ; 6       ;
;      - digital_mod_phase[31]                             ; 0                 ; 6       ;
;      - bb_cnt[0]                                         ; 0                 ; 6       ;
;      - bb_cnt[1]                                         ; 0                 ; 6       ;
;      - bb_cnt[2]                                         ; 0                 ; 6       ;
;      - bb_cnt[3]                                         ; 0                 ; 6       ;
;      - bb_cnt[4]                                         ; 0                 ; 6       ;
;      - bb_cnt[5]                                         ; 0                 ; 6       ;
;      - bb_cnt[6]                                         ; 0                 ; 6       ;
;      - bb_cnt[7]                                         ; 0                 ; 6       ;
;      - bb_cnt[8]                                         ; 0                 ; 6       ;
;      - bb_cnt[9]                                         ; 0                 ; 6       ;
;      - bb_cnt[10]                                        ; 0                 ; 6       ;
;      - bb_cnt[11]                                        ; 0                 ; 6       ;
;      - bb_cnt[12]                                        ; 0                 ; 6       ;
;      - phase[23]                                         ; 0                 ; 6       ;
;      - phase_1k[23]                                      ; 0                 ; 6       ;
;      - digital_mod_phase[23]                             ; 0                 ; 6       ;
;      - mod_phase[24]                                     ; 0                 ; 6       ;
;      - mod_phase[25]                                     ; 0                 ; 6       ;
;      - mod_phase[26]                                     ; 0                 ; 6       ;
;      - mod_phase[27]                                     ; 0                 ; 6       ;
;      - mod_phase[28]                                     ; 0                 ; 6       ;
;      - mod_phase[29]                                     ; 0                 ; 6       ;
;      - mod_phase[30]                                     ; 0                 ; 6       ;
;      - mod_phase[31]                                     ; 0                 ; 6       ;
;      - phase[22]                                         ; 0                 ; 6       ;
;      - MCU_uart:u_mcu_uart|baud_cnt[0]                   ; 0                 ; 6       ;
;      - MCU_uart:u_mcu_uart|baud_cnt[1]                   ; 0                 ; 6       ;
;      - MCU_uart:u_mcu_uart|baud_cnt[2]                   ; 0                 ; 6       ;
;      - MCU_uart:u_mcu_uart|baud_cnt[3]                   ; 0                 ; 6       ;
;      - MCU_uart:u_mcu_uart|baud_cnt[4]                   ; 0                 ; 6       ;
;      - MCU_uart:u_mcu_uart|baud_cnt[5]                   ; 0                 ; 6       ;
;      - MCU_uart:u_mcu_uart|baud_cnt[6]                   ; 0                 ; 6       ;
;      - MCU_uart:u_mcu_uart|baud_cnt[7]                   ; 0                 ; 6       ;
;      - MCU_uart:u_mcu_uart|baud_cnt[8]                   ; 0                 ; 6       ;
;      - MCU_uart:u_mcu_uart|baud_cnt[9]                   ; 0                 ; 6       ;
;      - MCU_uart:u_mcu_uart|baud_cnt[10]                  ; 0                 ; 6       ;
;      - MCU_uart:u_mcu_uart|baud_cnt[11]                  ; 0                 ; 6       ;
;      - MCU_uart:u_mcu_uart|baud_cnt[12]                  ; 0                 ; 6       ;
;      - MCU_uart:u_mcu_uart|baud_cnt[13]                  ; 0                 ; 6       ;
;      - MCU_uart:u_mcu_uart|baud_cnt[14]                  ; 0                 ; 6       ;
;      - MCU_uart:u_mcu_uart|baud_cnt[15]                  ; 0                 ; 6       ;
;      - phase_1k[22]                                      ; 0                 ; 6       ;
;      - digital_mod_phase[22]                             ; 0                 ; 6       ;
;      - MCU_uart:u_mcu_uart|freq_temp[31]                 ; 0                 ; 6       ;
;      - MCU_uart:u_mcu_uart|freq_temp[30]                 ; 0                 ; 6       ;
;      - MCU_uart:u_mcu_uart|freq_temp[29]                 ; 0                 ; 6       ;
;      - MCU_uart:u_mcu_uart|freq_temp[28]                 ; 0                 ; 6       ;
;      - MCU_uart:u_mcu_uart|freq_temp[27]                 ; 0                 ; 6       ;
;      - MCU_uart:u_mcu_uart|freq_temp[26]                 ; 0                 ; 6       ;
;      - MCU_uart:u_mcu_uart|freq_temp[25]                 ; 0                 ; 6       ;
;      - MCU_uart:u_mcu_uart|freq_temp[24]                 ; 0                 ; 6       ;
;      - MCU_uart:u_mcu_uart|freq_temp[23]                 ; 0                 ; 6       ;
;      - MCU_uart:u_mcu_uart|freq_temp[22]                 ; 0                 ; 6       ;
;      - MCU_uart:u_mcu_uart|freq_temp[21]                 ; 0                 ; 6       ;
;      - MCU_uart:u_mcu_uart|freq_temp[20]                 ; 0                 ; 6       ;
;      - MCU_uart:u_mcu_uart|freq_temp[19]                 ; 0                 ; 6       ;
;      - MCU_uart:u_mcu_uart|freq_temp[18]                 ; 0                 ; 6       ;
;      - MCU_uart:u_mcu_uart|freq_temp[17]                 ; 0                 ; 6       ;
;      - MCU_uart:u_mcu_uart|freq_temp[16]                 ; 0                 ; 6       ;
;      - MCU_uart:u_mcu_uart|freq_temp[15]                 ; 0                 ; 6       ;
;      - MCU_uart:u_mcu_uart|freq_temp[14]                 ; 0                 ; 6       ;
;      - MCU_uart:u_mcu_uart|freq_temp[13]                 ; 0                 ; 6       ;
;      - MCU_uart:u_mcu_uart|freq_temp[12]                 ; 0                 ; 6       ;
;      - MCU_uart:u_mcu_uart|freq_temp[11]                 ; 0                 ; 6       ;
;      - MCU_uart:u_mcu_uart|freq_temp[10]                 ; 0                 ; 6       ;
;      - MCU_uart:u_mcu_uart|freq_temp[9]                  ; 0                 ; 6       ;
;      - MCU_uart:u_mcu_uart|freq_temp[8]                  ; 0                 ; 6       ;
;      - MCU_uart:u_mcu_uart|freq_temp[7]                  ; 0                 ; 6       ;
;      - MCU_uart:u_mcu_uart|freq_temp[6]                  ; 0                 ; 6       ;
;      - MCU_uart:u_mcu_uart|freq_temp[5]                  ; 0                 ; 6       ;
;      - MCU_uart:u_mcu_uart|freq_temp[4]                  ; 0                 ; 6       ;
;      - MCU_uart:u_mcu_uart|freq_temp[3]                  ; 0                 ; 6       ;
;      - MCU_uart:u_mcu_uart|freq_temp[2]                  ; 0                 ; 6       ;
;      - MCU_uart:u_mcu_uart|freq_temp[1]                  ; 0                 ; 6       ;
;      - sweep_cnt[0]                                      ; 0                 ; 6       ;
;      - sweep_cnt[1]                                      ; 0                 ; 6       ;
;      - sweep_cnt[2]                                      ; 0                 ; 6       ;
;      - sweep_cnt[3]                                      ; 0                 ; 6       ;
;      - sweep_cnt[4]                                      ; 0                 ; 6       ;
;      - sweep_cnt[5]                                      ; 0                 ; 6       ;
;      - sweep_cnt[6]                                      ; 0                 ; 6       ;
;      - sweep_cnt[7]                                      ; 0                 ; 6       ;
;      - sweep_cnt[8]                                      ; 0                 ; 6       ;
;      - sweep_cnt[9]                                      ; 0                 ; 6       ;
;      - sweep_cnt[10]                                     ; 0                 ; 6       ;
;      - sweep_cnt[11]                                     ; 0                 ; 6       ;
;      - sweep_cnt[12]                                     ; 0                 ; 6       ;
;      - sweep_cnt[13]                                     ; 0                 ; 6       ;
;      - sweep_cnt[14]                                     ; 0                 ; 6       ;
;      - sweep_cnt[15]                                     ; 0                 ; 6       ;
;      - sweep_cnt[16]                                     ; 0                 ; 6       ;
;      - sweep_cnt[17]                                     ; 0                 ; 6       ;
;      - sweep_cnt[18]                                     ; 0                 ; 6       ;
;      - sweep_cnt[19]                                     ; 0                 ; 6       ;
;      - sweep_cnt[20]                                     ; 0                 ; 6       ;
;      - sweep_cnt[21]                                     ; 0                 ; 6       ;
;      - sweep_cnt[22]                                     ; 0                 ; 6       ;
;      - sweep_cnt[23]                                     ; 0                 ; 6       ;
;      - sweep_cnt[24]                                     ; 0                 ; 6       ;
;      - sweep_cnt[25]                                     ; 0                 ; 6       ;
;      - sweep_cnt[26]                                     ; 0                 ; 6       ;
;      - sweep_cnt[27]                                     ; 0                 ; 6       ;
;      - sweep_cnt[28]                                     ; 0                 ; 6       ;
;      - sweep_cnt[29]                                     ; 0                 ; 6       ;
;      - sweep_cnt[30]                                     ; 0                 ; 6       ;
;      - sweep_cnt[31]                                     ; 0                 ; 6       ;
;      - mod_phase[23]                                     ; 0                 ; 6       ;
;      - phase[21]                                         ; 0                 ; 6       ;
;      - phase_1k[21]                                      ; 0                 ; 6       ;
;      - digital_mod_phase[21]                             ; 0                 ; 6       ;
;      - mod_phase[22]                                     ; 0                 ; 6       ;
;      - phase[20]                                         ; 0                 ; 6       ;
;      - phase_1k[20]                                      ; 0                 ; 6       ;
;      - digital_mod_phase[20]                             ; 0                 ; 6       ;
;      - phase_2k[24]                                      ; 0                 ; 6       ;
;      - phase_2k[25]                                      ; 0                 ; 6       ;
;      - phase_2k[26]                                      ; 0                 ; 6       ;
;      - phase_2k[27]                                      ; 0                 ; 6       ;
;      - phase_2k[28]                                      ; 0                 ; 6       ;
;      - phase_2k[29]                                      ; 0                 ; 6       ;
;      - phase_2k[30]                                      ; 0                 ; 6       ;
;      - phase_2k[31]                                      ; 0                 ; 6       ;
;      - mod_phase[21]                                     ; 0                 ; 6       ;
;      - phase[19]                                         ; 0                 ; 6       ;
;      - phase_1k[19]                                      ; 0                 ; 6       ;
;      - digital_mod_phase[19]                             ; 0                 ; 6       ;
;      - phase_2k[23]                                      ; 0                 ; 6       ;
;      - mod_phase[20]                                     ; 0                 ; 6       ;
;      - phase[18]                                         ; 0                 ; 6       ;
;      - phase_1k[18]                                      ; 0                 ; 6       ;
;      - digital_mod_phase[18]                             ; 0                 ; 6       ;
;      - phase_2k[22]                                      ; 0                 ; 6       ;
;      - mod_phase[19]                                     ; 0                 ; 6       ;
;      - phase[17]                                         ; 0                 ; 6       ;
;      - phase_1k[17]                                      ; 0                 ; 6       ;
;      - digital_mod_phase[17]                             ; 0                 ; 6       ;
;      - phase_2k[21]                                      ; 0                 ; 6       ;
;      - mod_phase[18]                                     ; 0                 ; 6       ;
;      - phase[16]                                         ; 0                 ; 6       ;
;      - phase_1k[16]                                      ; 0                 ; 6       ;
;      - digital_mod_phase[16]                             ; 0                 ; 6       ;
;      - phase_2k[20]                                      ; 0                 ; 6       ;
;      - mod_phase[17]                                     ; 0                 ; 6       ;
;      - phase[15]                                         ; 0                 ; 6       ;
;      - phase_1k[15]                                      ; 0                 ; 6       ;
;      - digital_mod_phase[15]                             ; 0                 ; 6       ;
;      - phase_2k[19]                                      ; 0                 ; 6       ;
;      - mod_phase[16]                                     ; 0                 ; 6       ;
;      - phase[14]                                         ; 0                 ; 6       ;
;      - phase_1k[14]                                      ; 0                 ; 6       ;
;      - digital_mod_phase[14]                             ; 0                 ; 6       ;
;      - phase_2k[18]                                      ; 0                 ; 6       ;
;      - mod_phase[15]                                     ; 0                 ; 6       ;
;      - phase[13]                                         ; 0                 ; 6       ;
;      - phase_1k[13]                                      ; 0                 ; 6       ;
;      - digital_mod_phase[13]                             ; 0                 ; 6       ;
;      - phase_2k[17]                                      ; 0                 ; 6       ;
;      - mod_phase[14]                                     ; 0                 ; 6       ;
;      - phase[12]                                         ; 0                 ; 6       ;
;      - phase_1k[12]                                      ; 0                 ; 6       ;
;      - digital_mod_phase[12]                             ; 0                 ; 6       ;
;      - phase_2k[16]                                      ; 0                 ; 6       ;
;      - mod_phase[13]                                     ; 0                 ; 6       ;
;      - phase[11]                                         ; 0                 ; 6       ;
;      - phase_1k[11]                                      ; 0                 ; 6       ;
;      - digital_mod_phase[11]                             ; 0                 ; 6       ;
;      - phase_2k[15]                                      ; 0                 ; 6       ;
;      - mod_phase[12]                                     ; 0                 ; 6       ;
;      - phase[10]                                         ; 0                 ; 6       ;
;      - phase_1k[10]                                      ; 0                 ; 6       ;
;      - digital_mod_phase[10]                             ; 0                 ; 6       ;
;      - mod_phase[11]                                     ; 0                 ; 6       ;
;      - phase[9]                                          ; 0                 ; 6       ;
;      - phase_1k[9]                                       ; 0                 ; 6       ;
;      - digital_mod_phase[9]                              ; 0                 ; 6       ;
;      - mod_phase[10]                                     ; 0                 ; 6       ;
;      - phase[8]                                          ; 0                 ; 6       ;
;      - phase_1k[8]                                       ; 0                 ; 6       ;
;      - digital_mod_phase[8]                              ; 0                 ; 6       ;
;      - mod_phase[9]                                      ; 0                 ; 6       ;
;      - phase[7]                                          ; 0                 ; 6       ;
;      - phase_1k[7]                                       ; 0                 ; 6       ;
;      - digital_mod_phase[7]                              ; 0                 ; 6       ;
;      - mod_phase[8]                                      ; 0                 ; 6       ;
;      - phase[6]                                          ; 0                 ; 6       ;
;      - phase_1k[6]                                       ; 0                 ; 6       ;
;      - digital_mod_phase[6]                              ; 0                 ; 6       ;
;      - phase[5]                                          ; 0                 ; 6       ;
;      - phase_1k[5]                                       ; 0                 ; 6       ;
;      - digital_mod_phase[5]                              ; 0                 ; 6       ;
;      - digital_mod_phase[3]                              ; 0                 ; 6       ;
;      - phase[4]                                          ; 0                 ; 6       ;
;      - phase_1k[4]                                       ; 0                 ; 6       ;
;      - digital_mod_phase[4]                              ; 0                 ; 6       ;
;      - digital_mod_phase[2]                              ; 0                 ; 6       ;
;      - phase[3]                                          ; 0                 ; 6       ;
;      - phase_1k[3]                                       ; 0                 ; 6       ;
;      - digital_mod_phase[1]                              ; 0                 ; 6       ;
;      - phase[2]                                          ; 0                 ; 6       ;
;      - phase_1k[2]                                       ; 0                 ; 6       ;
;      - phase[1]                                          ; 0                 ; 6       ;
;      - fm_dev[31]                                        ; 0                 ; 6       ;
;      - fm_dev[30]                                        ; 0                 ; 6       ;
;      - fm_dev[29]                                        ; 0                 ; 6       ;
;      - fm_dev[28]                                        ; 0                 ; 6       ;
;      - fm_dev[27]                                        ; 0                 ; 6       ;
;      - fm_dev[26]                                        ; 0                 ; 6       ;
;      - fm_dev[25]                                        ; 0                 ; 6       ;
;      - fm_dev[24]                                        ; 0                 ; 6       ;
;      - fm_dev[23]                                        ; 0                 ; 6       ;
;      - fm_dev[22]                                        ; 0                 ; 6       ;
;      - fm_dev[21]                                        ; 0                 ; 6       ;
;      - fm_dev[20]                                        ; 0                 ; 6       ;
;      - fm_dev[19]                                        ; 0                 ; 6       ;
;      - fm_dev[18]                                        ; 0                 ; 6       ;
;      - fm_dev[17]                                        ; 0                 ; 6       ;
;      - fm_dev[16]                                        ; 0                 ; 6       ;
;      - fm_dev[15]                                        ; 0                 ; 6       ;
;      - fm_dev[14]                                        ; 0                 ; 6       ;
;      - fm_dev[13]                                        ; 0                 ; 6       ;
;      - fm_dev[11]                                        ; 0                 ; 6       ;
;      - fm_dev[10]                                        ; 0                 ; 6       ;
;      - fm_dev[6]                                         ; 0                 ; 6       ;
;      - fm_dev[5]                                         ; 0                 ; 6       ;
;      - fm_dev[4]                                         ; 0                 ; 6       ;
;      - fm_dev[2]                                         ; 0                 ; 6       ;
;      - seg_display:u_seg_display|ma_tens[0]              ; 0                 ; 6       ;
;      - dds_freq_ctrlword:u_freq_ctrlword|ctrl_reg[24]    ; 0                 ; 6       ;
;      - dds_freq_ctrlword:u_freq_ctrlword|ctrl_reg[23]    ; 0                 ; 6       ;
;      - dds_freq_ctrlword:u_freq_ctrlword|ctrl_reg[22]    ; 0                 ; 6       ;
;      - dds_freq_ctrlword:u_freq_ctrlword|ctrl_reg[21]    ; 0                 ; 6       ;
;      - dds_freq_ctrlword:u_freq_ctrlword|ctrl_reg[20]    ; 0                 ; 6       ;
;      - dds_freq_ctrlword:u_freq_ctrlword|ctrl_reg[19]    ; 0                 ; 6       ;
;      - dds_freq_ctrlword:u_freq_ctrlword|ctrl_reg[18]    ; 0                 ; 6       ;
;      - dds_freq_ctrlword:u_freq_ctrlword|ctrl_reg[25]    ; 0                 ; 6       ;
;      - dds_freq_ctrlword:u_freq_ctrlword|ctrl_reg[26]    ; 0                 ; 6       ;
;      - dds_freq_ctrlword:u_freq_ctrlword|ctrl_reg[27]    ; 0                 ; 6       ;
;      - dds_freq_ctrlword:u_freq_ctrlword|ctrl_reg[28]    ; 0                 ; 6       ;
;      - dds_freq_ctrlword:u_freq_ctrlword|ctrl_reg[29]    ; 0                 ; 6       ;
;      - dds_freq_ctrlword:u_freq_ctrlword|ctrl_reg[30]    ; 0                 ; 6       ;
;      - dds_freq_ctrlword:u_freq_ctrlword|ctrl_reg[31]    ; 0                 ; 6       ;
;      - duty_threshold_reg[31]                            ; 0                 ; 6       ;
;      - duty_threshold_reg[30]                            ; 0                 ; 6       ;
;      - duty_threshold_reg[29]                            ; 0                 ; 6       ;
;      - duty_threshold_reg[28]                            ; 0                 ; 6       ;
;      - duty_threshold_reg[27]                            ; 0                 ; 6       ;
;      - duty_threshold_reg[26]                            ; 0                 ; 6       ;
;      - duty_threshold_reg[25]                            ; 0                 ; 6       ;
;      - duty_threshold_reg[24]                            ; 0                 ; 6       ;
;      - duty_threshold_reg[23]                            ; 0                 ; 6       ;
;      - duty_threshold_reg[22]                            ; 0                 ; 6       ;
;      - duty_threshold_reg[21]                            ; 0                 ; 6       ;
;      - duty_threshold_reg[20]                            ; 0                 ; 6       ;
;      - duty_threshold_reg[19]                            ; 0                 ; 6       ;
;      - duty_threshold_reg[18]                            ; 0                 ; 6       ;
;      - duty_threshold_reg[17]                            ; 0                 ; 6       ;
;      - duty_threshold_reg[16]                            ; 0                 ; 6       ;
;      - duty_threshold_reg[15]                            ; 0                 ; 6       ;
;      - duty_threshold_reg[14]                            ; 0                 ; 6       ;
;      - duty_threshold_reg[13]                            ; 0                 ; 6       ;
;      - duty_threshold_reg[12]                            ; 0                 ; 6       ;
;      - duty_threshold_reg[11]                            ; 0                 ; 6       ;
;      - duty_threshold_reg[10]                            ; 0                 ; 6       ;
;      - duty_threshold_reg[9]                             ; 0                 ; 6       ;
;      - duty_threshold_reg[8]                             ; 0                 ; 6       ;
;      - duty_threshold_reg[7]                             ; 0                 ; 6       ;
;      - sweep_freq[31]                                    ; 0                 ; 6       ;
;      - sweep_freq[30]                                    ; 0                 ; 6       ;
;      - sweep_freq[29]                                    ; 0                 ; 6       ;
;      - sweep_freq[28]                                    ; 0                 ; 6       ;
;      - sweep_freq[27]                                    ; 0                 ; 6       ;
;      - sweep_freq[26]                                    ; 0                 ; 6       ;
;      - sweep_freq[25]                                    ; 0                 ; 6       ;
;      - sweep_freq[24]                                    ; 0                 ; 6       ;
;      - sweep_freq[23]                                    ; 0                 ; 6       ;
;      - sweep_freq[22]                                    ; 0                 ; 6       ;
;      - sweep_freq[21]                                    ; 0                 ; 6       ;
;      - sweep_freq[20]                                    ; 0                 ; 6       ;
;      - sweep_freq[19]                                    ; 0                 ; 6       ;
;      - sweep_freq[18]                                    ; 0                 ; 6       ;
;      - sweep_freq[17]                                    ; 0                 ; 6       ;
;      - sweep_freq[16]                                    ; 0                 ; 6       ;
;      - sweep_freq[15]                                    ; 0                 ; 6       ;
;      - sweep_freq[14]                                    ; 0                 ; 6       ;
;      - sweep_freq[13]                                    ; 0                 ; 6       ;
;      - sweep_freq[12]                                    ; 0                 ; 6       ;
;      - sweep_freq[11]                                    ; 0                 ; 6       ;
;      - sweep_freq[10]                                    ; 0                 ; 6       ;
;      - sweep_freq[9]                                     ; 0                 ; 6       ;
;      - sweep_freq[8]                                     ; 0                 ; 6       ;
;      - sweep_freq[7]                                     ; 0                 ; 6       ;
;      - sweep_freq[6]                                     ; 0                 ; 6       ;
;      - sweep_freq[5]                                     ; 0                 ; 6       ;
;      - sweep_freq[4]                                     ; 0                 ; 6       ;
;      - sweep_freq[3]                                     ; 0                 ; 6       ;
;      - sweep_freq[2]                                     ; 0                 ; 6       ;
;      - sweep_freq[1]                                     ; 0                 ; 6       ;
;      - sweep_freq[0]                                     ; 0                 ; 6       ;
;      - work_mode[0]                                      ; 0                 ; 6       ;
;      - am_out[13]                                        ; 0                 ; 6       ;
;      - bb_shift_reg[7]                                   ; 0                 ; 6       ;
;      - MCU_uart:u_mcu_uart|mode_sel[2]                   ; 0                 ; 6       ;
;      - MCU_uart:u_mcu_uart|mode_valid                    ; 0                 ; 6       ;
;      - MCU_uart:u_mcu_uart|mode_sel[1]                   ; 0                 ; 6       ;
;      - MCU_uart:u_mcu_uart|mode_sel[0]                   ; 0                 ; 6       ;
;      - square_prev.SQUARE_HIGH                           ; 0                 ; 6       ;
;      - square_raw.SQUARE_HIGH                            ; 0                 ; 6       ;
;      - seg_display:u_seg_display|state.010               ; 0                 ; 6       ;
;      - fm_dev[12]                                        ; 0                 ; 6       ;
;      - square_duty[7]                                    ; 0                 ; 6       ;
;      - am_ma[7]                                          ; 0                 ; 6       ;
;      - square_duty[6]                                    ; 0                 ; 6       ;
;      - am_ma[6]                                          ; 0                 ; 6       ;
;      - fm_dev[9]                                         ; 0                 ; 6       ;
;      - am_ma[5]                                          ; 0                 ; 6       ;
;      - square_duty[5]                                    ; 0                 ; 6       ;
;      - fm_dev[8]                                         ; 0                 ; 6       ;
;      - am_ma[4]                                          ; 0                 ; 6       ;
;      - square_duty[4]                                    ; 0                 ; 6       ;
;      - fm_dev[7]                                         ; 0                 ; 6       ;
;      - square_duty[3]                                    ; 0                 ; 6       ;
;      - am_ma[3]                                          ; 0                 ; 6       ;
;      - square_duty[2]                                    ; 0                 ; 6       ;
;      - am_ma[2]                                          ; 0                 ; 6       ;
;      - am_ma[1]                                          ; 0                 ; 6       ;
;      - square_duty[1]                                    ; 0                 ; 6       ;
;      - seg_display:u_seg_display|state.000               ; 0                 ; 6       ;
;      - seg_display:u_seg_display|y_cnt[0]                ; 0                 ; 6       ;
;      - seg_display:u_seg_display|y_cnt[1]                ; 0                 ; 6       ;
;      - seg_display:u_seg_display|y_cnt[2]                ; 0                 ; 6       ;
;      - seg_display:u_seg_display|y_cnt[3]                ; 0                 ; 6       ;
;      - seg_display:u_seg_display|x_cnt[0]                ; 0                 ; 6       ;
;      - seg_display:u_seg_display|x_cnt[1]                ; 0                 ; 6       ;
;      - seg_display:u_seg_display|x_cnt[2]                ; 0                 ; 6       ;
;      - seg_display:u_seg_display|x_cnt[3]                ; 0                 ; 6       ;
;      - square_duty[0]                                    ; 0                 ; 6       ;
;      - am_ma[0]                                          ; 0                 ; 6       ;
;      - fm_dev[3]                                         ; 0                 ; 6       ;
;      - digital_mod_phase[0]                              ; 0                 ; 6       ;
;      - bb_shift_reg[6]                                   ; 0                 ; 6       ;
;      - dds_freq_ctrlword:u_freq_ctrlword|ctrl_reg[17]    ; 0                 ; 6       ;
;      - dds_freq_ctrlword:u_freq_ctrlword|ctrl_reg[16]    ; 0                 ; 6       ;
;      - dds_freq_ctrlword:u_freq_ctrlword|ctrl_reg[15]    ; 0                 ; 6       ;
;      - dds_freq_ctrlword:u_freq_ctrlword|ctrl_reg[14]    ; 0                 ; 6       ;
;      - dds_freq_ctrlword:u_freq_ctrlword|ctrl_reg[13]    ; 0                 ; 6       ;
;      - dds_freq_ctrlword:u_freq_ctrlword|ctrl_reg[12]    ; 0                 ; 6       ;
;      - dds_freq_ctrlword:u_freq_ctrlword|ctrl_reg[11]    ; 0                 ; 6       ;
;      - dds_freq_ctrlword:u_freq_ctrlword|ctrl_reg[10]    ; 0                 ; 6       ;
;      - dds_freq_ctrlword:u_freq_ctrlword|ctrl_reg[9]     ; 0                 ; 6       ;
;      - dds_freq_ctrlword:u_freq_ctrlword|ctrl_reg[8]     ; 0                 ; 6       ;
;      - dds_freq_ctrlword:u_freq_ctrlword|ctrl_reg[7]     ; 0                 ; 6       ;
;      - dds_freq_ctrlword:u_freq_ctrlword|ctrl_reg[6]     ; 0                 ; 6       ;
;      - dds_freq_ctrlword:u_freq_ctrlword|ctrl_reg[5]     ; 0                 ; 6       ;
;      - dds_freq_ctrlword:u_freq_ctrlword|ctrl_reg[4]     ; 0                 ; 6       ;
;      - dds_freq_ctrlword:u_freq_ctrlword|ctrl_reg[3]     ; 0                 ; 6       ;
;      - dds_freq_ctrlword:u_freq_ctrlword|ctrl_reg[2]     ; 0                 ; 6       ;
;      - dds_freq_ctrlword:u_freq_ctrlword|ctrl_reg[1]     ; 0                 ; 6       ;
;      - MCU_uart:u_mcu_uart|rx_data_reg[6]                ; 0                 ; 6       ;
;      - MCU_uart:u_mcu_uart|rx_data_reg[7]                ; 0                 ; 6       ;
;      - MCU_uart:u_mcu_uart|rx_data_reg[5]                ; 0                 ; 6       ;
;      - MCU_uart:u_mcu_uart|rx_data_reg[4]                ; 0                 ; 6       ;
;      - MCU_uart:u_mcu_uart|rx_data_reg[3]                ; 0                 ; 6       ;
;      - MCU_uart:u_mcu_uart|rx_data_reg[0]                ; 0                 ; 6       ;
;      - MCU_uart:u_mcu_uart|rx_data_reg[1]                ; 0                 ; 6       ;
;      - MCU_uart:u_mcu_uart|rx_data_reg[2]                ; 0                 ; 6       ;
;      - MCU_uart:u_mcu_uart|rx_done_sig                   ; 0                 ; 6       ;
;      - duty_threshold_reg[6]                             ; 0                 ; 6       ;
;      - duty_threshold_reg[5]                             ; 0                 ; 6       ;
;      - duty_threshold_reg[4]                             ; 0                 ; 6       ;
;      - duty_threshold_reg[3]                             ; 0                 ; 6       ;
;      - am_fc[28]                                         ; 0                 ; 6       ;
;      - sine_freq[28]                                     ; 0                 ; 6       ;
;      - fm_fc[28]                                         ; 0                 ; 6       ;
;      - sine_freq[27]                                     ; 0                 ; 6       ;
;      - am_fc[27]                                         ; 0                 ; 6       ;
;      - fm_fc[27]                                         ; 0                 ; 6       ;
;      - am_fc[26]                                         ; 0                 ; 6       ;
;      - sine_freq[26]                                     ; 0                 ; 6       ;
;      - fm_fc[26]                                         ; 0                 ; 6       ;
;      - sine_freq[25]                                     ; 0                 ; 6       ;
;      - am_fc[25]                                         ; 0                 ; 6       ;
;      - fm_fc[25]                                         ; 0                 ; 6       ;
;      - am_fc[24]                                         ; 0                 ; 6       ;
;      - sine_freq[24]                                     ; 0                 ; 6       ;
;      - fm_fc[24]                                         ; 0                 ; 6       ;
;      - sine_freq[29]                                     ; 0                 ; 6       ;
;      - am_fc[29]                                         ; 0                 ; 6       ;
;      - fm_fc[29]                                         ; 0                 ; 6       ;
;      - am_fc[18]                                         ; 0                 ; 6       ;
;      - sine_freq[18]                                     ; 0                 ; 6       ;
;      - fm_fc[18]                                         ; 0                 ; 6       ;
;      - sine_freq[17]                                     ; 0                 ; 6       ;
;      - am_fc[17]                                         ; 0                 ; 6       ;
;      - fm_fc[17]                                         ; 0                 ; 6       ;
;      - am_fc[22]                                         ; 0                 ; 6       ;
;      - sine_freq[22]                                     ; 0                 ; 6       ;
;      - fm_fc[22]                                         ; 0                 ; 6       ;
;      - sine_freq[21]                                     ; 0                 ; 6       ;
;      - am_fc[21]                                         ; 0                 ; 6       ;
;      - fm_fc[21]                                         ; 0                 ; 6       ;
;      - sine_freq[23]                                     ; 0                 ; 6       ;
;      - am_fc[23]                                         ; 0                 ; 6       ;
;      - fm_fc[23]                                         ; 0                 ; 6       ;
;      - sine_freq[20]                                     ; 0                 ; 6       ;
;      - am_fc[20]                                         ; 0                 ; 6       ;
;      - fm_fc[20]                                         ; 0                 ; 6       ;
;      - am_fc[19]                                         ; 0                 ; 6       ;
;      - sine_freq[19]                                     ; 0                 ; 6       ;
;      - fm_fc[19]                                         ; 0                 ; 6       ;
;      - am_fc[12]                                         ; 0                 ; 6       ;
;      - sine_freq[12]                                     ; 0                 ; 6       ;
;      - fm_fc[12]                                         ; 0                 ; 6       ;
;      - sine_freq[11]                                     ; 0                 ; 6       ;
;      - am_fc[11]                                         ; 0                 ; 6       ;
;      - fm_fc[11]                                         ; 0                 ; 6       ;
;      - sine_freq[13]                                     ; 0                 ; 6       ;
;      - am_fc[13]                                         ; 0                 ; 6       ;
;      - fm_fc[13]                                         ; 0                 ; 6       ;
;      - am_fc[14]                                         ; 0                 ; 6       ;
;      - sine_freq[14]                                     ; 0                 ; 6       ;
;      - fm_fc[14]                                         ; 0                 ; 6       ;
;      - sine_freq[6]                                      ; 0                 ; 6       ;
;      - am_fc[6]                                          ; 0                 ; 6       ;
;      - fm_fc[6]                                          ; 0                 ; 6       ;
;      - am_fc[5]                                          ; 0                 ; 6       ;
;      - sine_freq[5]                                      ; 0                 ; 6       ;
;      - fm_fc[5]                                          ; 0                 ; 6       ;
;      - am_fc[7]                                          ; 0                 ; 6       ;
;      - sine_freq[7]                                      ; 0                 ; 6       ;
;      - fm_fc[7]                                          ; 0                 ; 6       ;
;      - am_fc[8]                                          ; 0                 ; 6       ;
;      - sine_freq[8]                                      ; 0                 ; 6       ;
;      - fm_fc[8]                                          ; 0                 ; 6       ;
;      - sine_freq[9]                                      ; 0                 ; 6       ;
;      - am_fc[9]                                          ; 0                 ; 6       ;
;      - fm_fc[9]                                          ; 0                 ; 6       ;
;      - sine_freq[10]                                     ; 0                 ; 6       ;
;      - am_fc[10]                                         ; 0                 ; 6       ;
;      - fm_fc[10]                                         ; 0                 ; 6       ;
;      - am_fc[15]                                         ; 0                 ; 6       ;
;      - sine_freq[15]                                     ; 0                 ; 6       ;
;      - fm_fc[15]                                         ; 0                 ; 6       ;
;      - sine_freq[16]                                     ; 0                 ; 6       ;
;      - am_fc[16]                                         ; 0                 ; 6       ;
;      - fm_fc[16]                                         ; 0                 ; 6       ;
;      - am_fc[30]                                         ; 0                 ; 6       ;
;      - sine_freq[30]                                     ; 0                 ; 6       ;
;      - fm_fc[30]                                         ; 0                 ; 6       ;
;      - sine_freq[4]                                      ; 0                 ; 6       ;
;      - am_fc[4]                                          ; 0                 ; 6       ;
;      - fm_fc[4]                                          ; 0                 ; 6       ;
;      - sine_freq[31]                                     ; 0                 ; 6       ;
;      - am_fc[31]                                         ; 0                 ; 6       ;
;      - fm_fc[31]                                         ; 0                 ; 6       ;
;      - seg_display:u_seg_display|base[12]~13             ; 0                 ; 6       ;
;      - seg_display:u_seg_display|state.001               ; 0                 ; 6       ;
;      - seg_display:u_seg_display|temp_f[31]~30           ; 0                 ; 6       ;
;      - am_fc[3]                                          ; 0                 ; 6       ;
;      - sine_freq[3]                                      ; 0                 ; 6       ;
;      - fm_fc[3]                                          ; 0                 ; 6       ;
;      - am_fc[2]                                          ; 0                 ; 6       ;
;      - sine_freq[2]                                      ; 0                 ; 6       ;
;      - fm_fc[2]                                          ; 0                 ; 6       ;
;      - sine_freq[1]                                      ; 0                 ; 6       ;
;      - am_fc[1]                                          ; 0                 ; 6       ;
;      - fm_fc[1]                                          ; 0                 ; 6       ;
;      - seg_display:u_seg_display|temp_f[1]~31            ; 0                 ; 6       ;
;      - am_fc[0]                                          ; 0                 ; 6       ;
;      - sine_freq[0]                                      ; 0                 ; 6       ;
;      - fm_fc[0]                                          ; 0                 ; 6       ;
;      - MCU_uart:u_mcu_uart|data_out[28]~_Duplicate_1     ; 0                 ; 6       ;
;      - MCU_uart:u_mcu_uart|data_out[30]~_Duplicate_1     ; 0                 ; 6       ;
;      - MCU_uart:u_mcu_uart|data_out[27]~_Duplicate_1     ; 0                 ; 6       ;
;      - MCU_uart:u_mcu_uart|data_out[29]~_Duplicate_1     ; 0                 ; 6       ;
;      - MCU_uart:u_mcu_uart|data_out[26]~_Duplicate_1     ; 0                 ; 6       ;
;      - MCU_uart:u_mcu_uart|data_out[25]~_Duplicate_1     ; 0                 ; 6       ;
;      - MCU_uart:u_mcu_uart|data_out[24]~_Duplicate_1     ; 0                 ; 6       ;
;      - MCU_uart:u_mcu_uart|data_out[23]~_Duplicate_1     ; 0                 ; 6       ;
;      - MCU_uart:u_mcu_uart|data_out[22]~_Duplicate_1     ; 0                 ; 6       ;
;      - MCU_uart:u_mcu_uart|data_out[21]~_Duplicate_1     ; 0                 ; 6       ;
;      - MCU_uart:u_mcu_uart|data_out[20]~_Duplicate_1     ; 0                 ; 6       ;
;      - MCU_uart:u_mcu_uart|data_out[19]~_Duplicate_1     ; 0                 ; 6       ;
;      - MCU_uart:u_mcu_uart|data_out[18]~_Duplicate_1     ; 0                 ; 6       ;
;      - MCU_uart:u_mcu_uart|data_out[17]~_Duplicate_1     ; 0                 ; 6       ;
;      - MCU_uart:u_mcu_uart|data_out[16]~_Duplicate_1     ; 0                 ; 6       ;
;      - MCU_uart:u_mcu_uart|data_out[15]~_Duplicate_1     ; 0                 ; 6       ;
;      - MCU_uart:u_mcu_uart|data_out[14]~_Duplicate_1     ; 0                 ; 6       ;
;      - MCU_uart:u_mcu_uart|data_out[13]~_Duplicate_1     ; 0                 ; 6       ;
;      - MCU_uart:u_mcu_uart|data_out[12]~_Duplicate_1     ; 0                 ; 6       ;
;      - MCU_uart:u_mcu_uart|data_out[11]~_Duplicate_1     ; 0                 ; 6       ;
;      - MCU_uart:u_mcu_uart|data_out[10]~_Duplicate_1     ; 0                 ; 6       ;
;      - MCU_uart:u_mcu_uart|data_out[9]~_Duplicate_1      ; 0                 ; 6       ;
;      - MCU_uart:u_mcu_uart|data_out[8]~_Duplicate_1      ; 0                 ; 6       ;
;      - MCU_uart:u_mcu_uart|data_out[7]~_Duplicate_1      ; 0                 ; 6       ;
;      - MCU_uart:u_mcu_uart|data_out[6]~_Duplicate_1      ; 0                 ; 6       ;
;      - MCU_uart:u_mcu_uart|data_out[5]~_Duplicate_1      ; 0                 ; 6       ;
;      - MCU_uart:u_mcu_uart|data_out[4]~_Duplicate_1      ; 0                 ; 6       ;
;      - MCU_uart:u_mcu_uart|data_out[3]~_Duplicate_1      ; 0                 ; 6       ;
;      - MCU_uart:u_mcu_uart|data_out[2]~_Duplicate_1      ; 0                 ; 6       ;
;      - MCU_uart:u_mcu_uart|data_out[1]~_Duplicate_1      ; 0                 ; 6       ;
;      - MCU_uart:u_mcu_uart|data_out[0]~_Duplicate_1      ; 0                 ; 6       ;
;      - MCU_uart:u_mcu_uart|dot_cnt[1]                    ; 0                 ; 6       ;
;      - MCU_uart:u_mcu_uart|data_out[31]~_Duplicate_1     ; 0                 ; 6       ;
;      - MCU_uart:u_mcu_uart|dot_cnt[0]                    ; 0                 ; 6       ;
;      - MCU_uart:u_mcu_uart|dot_cnt[2]                    ; 0                 ; 6       ;
;      - bb_shift_reg[5]                                   ; 0                 ; 6       ;
;      - MCU_uart:u_mcu_uart|bit_cnt[1]                    ; 0                 ; 6       ;
;      - MCU_uart:u_mcu_uart|bit_cnt[2]                    ; 0                 ; 6       ;
;      - MCU_uart:u_mcu_uart|state.S_DATA                  ; 0                 ; 6       ;
;      - MCU_uart:u_mcu_uart|bit_cnt[3]                    ; 0                 ; 6       ;
;      - MCU_uart:u_mcu_uart|bit_cnt[0]                    ; 0                 ; 6       ;
;      - MCU_uart:u_mcu_uart|state.S_STOP                  ; 0                 ; 6       ;
;      - sweep_dir                                         ; 0                 ; 6       ;
;      - MCU_uart:u_mcu_uart|freq_temp[0]                  ; 0                 ; 6       ;
;      - MCU_uart:u_mcu_uart|dot_cnt_temp[1]               ; 0                 ; 6       ;
;      - MCU_uart:u_mcu_uart|dot_cnt_temp[0]               ; 0                 ; 6       ;
;      - MCU_uart:u_mcu_uart|dot_cnt_temp[2]               ; 0                 ; 6       ;
;      - MCU_uart:u_mcu_uart|idx_cnt[0]                    ; 0                 ; 6       ;
;      - MCU_uart:u_mcu_uart|data_idx[0]~1                 ; 0                 ; 6       ;
;      - MCU_uart:u_mcu_uart|idx_cnt[1]                    ; 0                 ; 6       ;
;      - bb_shift_reg[4]                                   ; 0                 ; 6       ;
;      - MCU_uart:u_mcu_uart|state.S_START                 ; 0                 ; 6       ;
;      - MCU_uart:u_mcu_uart|state.S_IDLE                  ; 0                 ; 6       ;
;      - MCU_uart:u_mcu_uart|dot_flag                      ; 0                 ; 6       ;
;      - bb_shift_reg[3]                                   ; 0                 ; 6       ;
;      - bb_shift_reg[2]                                   ; 0                 ; 6       ;
;      - fm_dev[0]                                         ; 0                 ; 6       ;
;      - fm_dev[1]                                         ; 0                 ; 6       ;
;      - bb_shift_reg[1]                                   ; 0                 ; 6       ;
;      - lpm_mult:Mult1|mult_fft:auto_generated|mac_mult1  ; 0                 ; 6       ;
;      - lpm_mult:Mult1|mult_fft:auto_generated|mac_mult3  ; 0                 ; 6       ;
; uart_rx                                                  ;                   ;         ;
;      - MCU_uart:u_mcu_uart|rx_data_reg[6]~0              ; 1                 ; 6       ;
;      - MCU_uart:u_mcu_uart|rx_data_reg[7]~1              ; 1                 ; 6       ;
;      - MCU_uart:u_mcu_uart|rx_data_reg[5]~2              ; 1                 ; 6       ;
;      - MCU_uart:u_mcu_uart|rx_data_reg[4]~3              ; 1                 ; 6       ;
;      - MCU_uart:u_mcu_uart|rx_data_reg[3]~4              ; 1                 ; 6       ;
;      - MCU_uart:u_mcu_uart|rx_data_reg[0]~5              ; 1                 ; 6       ;
;      - MCU_uart:u_mcu_uart|rx_data_reg[1]~6              ; 1                 ; 6       ;
;      - MCU_uart:u_mcu_uart|rx_data_reg[2]~7              ; 1                 ; 6       ;
;      - MCU_uart:u_mcu_uart|bit_cnt[3]~0                  ; 1                 ; 6       ;
;      - MCU_uart:u_mcu_uart|Selector0~1                   ; 1                 ; 6       ;
;      - MCU_uart:u_mcu_uart|baud_cnt[6]~23                ; 1                 ; 6       ;
;      - MCU_uart:u_mcu_uart|Selector1~4                   ; 1                 ; 6       ;
;      - MCU_uart:u_mcu_uart|Selector0~3                   ; 1                 ; 6       ;
;      - MCU_uart:u_mcu_uart|Selector2~5                   ; 1                 ; 6       ;
+----------------------------------------------------------+-------------------+---------+


+------------------------------------------------------------------------------------------------------------------------------------------------------------------------------------+
; Control Signals                                                                                                                                                                    ;
+-----------------------------------------+--------------------+---------+----------------------------+--------+----------------------+------------------+---------------------------+
; Name                                    ; Location           ; Fan-Out ; Usage                      ; Global ; Global Resource Used ; Global Line Name ; Enable Signal Source Name ;
+-----------------------------------------+--------------------+---------+----------------------------+--------+----------------------+------------------+---------------------------+
; Equal6~0                                ; LCCOMB_X23_Y10_N24 ; 33      ; Sync. load                 ; no     ; --                   ; --               ; --                        ;
; LessThan0~3                             ; LCCOMB_X26_Y2_N14  ; 21      ; Clock enable, Sync. clear  ; no     ; --                   ; --               ; --                        ;
; MCU_uart:u_mcu_uart|always1~2           ; LCCOMB_X28_Y8_N24  ; 37      ; Sync. clear                ; no     ; --                   ; --               ; --                        ;
; MCU_uart:u_mcu_uart|baud_cnt[6]~23      ; LCCOMB_X31_Y9_N2   ; 16      ; Clock enable               ; no     ; --                   ; --               ; --                        ;
; MCU_uart:u_mcu_uart|baud_cnt[6]~54      ; LCCOMB_X31_Y9_N6   ; 16      ; Sync. clear                ; no     ; --                   ; --               ; --                        ;
; MCU_uart:u_mcu_uart|data_idx[0]~0       ; LCCOMB_X24_Y6_N6   ; 37      ; Clock enable               ; no     ; --                   ; --               ; --                        ;
; MCU_uart:u_mcu_uart|data_idx[0]~1       ; LCCOMB_X24_Y6_N22  ; 2       ; Clock enable               ; no     ; --                   ; --               ; --                        ;
; MCU_uart:u_mcu_uart|freq_temp[0]~87     ; LCCOMB_X24_Y6_N0   ; 35      ; Clock enable               ; no     ; --                   ; --               ; --                        ;
; MCU_uart:u_mcu_uart|idx_cnt[0]~1        ; LCCOMB_X24_Y6_N4   ; 2       ; Clock enable               ; no     ; --                   ; --               ; --                        ;
; MCU_uart:u_mcu_uart|mode_sel[2]~3       ; LCCOMB_X24_Y6_N12  ; 4       ; Clock enable               ; no     ; --                   ; --               ; --                        ;
; MCU_uart:u_mcu_uart|mode_valid          ; FF_X22_Y10_N7      ; 3       ; Clock enable               ; no     ; --                   ; --               ; --                        ;
; MCU_uart:u_mcu_uart|rx_done_sig         ; FF_X31_Y9_N25      ; 8       ; Sync. clear                ; no     ; --                   ; --               ; --                        ;
; Mux30~0                                 ; LCCOMB_X23_Y6_N30  ; 36      ; Sync. load                 ; no     ; --                   ; --               ; --                        ;
; am_fc[31]~1                             ; LCCOMB_X25_Y6_N12  ; 32      ; Clock enable               ; no     ; --                   ; --               ; --                        ;
; am_ma[0]~0                              ; LCCOMB_X25_Y6_N16  ; 8       ; Clock enable               ; no     ; --                   ; --               ; --                        ;
; clk                                     ; PIN_E1             ; 2       ; Clock                      ; no     ; --                   ; --               ; --                        ;
; clk                                     ; PIN_E1             ; 679     ; Clock                      ; yes    ; Global Clock         ; GCLK2            ; --                        ;
; fm_dev[31]~27                           ; LCCOMB_X25_Y6_N22  ; 32      ; Clock enable               ; no     ; --                   ; --               ; --                        ;
; fm_fc[31]~2                             ; LCCOMB_X25_Y6_N2   ; 32      ; Clock enable               ; no     ; --                   ; --               ; --                        ;
; rst_n                                   ; PIN_J14            ; 592     ; Async. clear, Clock enable ; no     ; --                   ; --               ; --                        ;
; seg_display:u_seg_display|Selector40~0  ; LCCOMB_X18_Y15_N24 ; 12      ; Clock enable               ; no     ; --                   ; --               ; --                        ;
; seg_display:u_seg_display|base[12]~13   ; LCCOMB_X16_Y15_N4  ; 16      ; Clock enable               ; no     ; --                   ; --               ; --                        ;
; seg_display:u_seg_display|state.000     ; FF_X16_Y15_N15     ; 10      ; Clock enable               ; no     ; --                   ; --               ; --                        ;
; seg_display:u_seg_display|state.010     ; FF_X18_Y18_N15     ; 41      ; Sync. load                 ; no     ; --                   ; --               ; --                        ;
; seg_display:u_seg_display|temp_f[1]~31  ; LCCOMB_X18_Y18_N10 ; 2       ; Clock enable               ; no     ; --                   ; --               ; --                        ;
; seg_display:u_seg_display|temp_f[31]~30 ; LCCOMB_X18_Y18_N28 ; 30      ; Clock enable               ; no     ; --                   ; --               ; --                        ;
; sine_freq[31]~1                         ; LCCOMB_X25_Y6_N6   ; 32      ; Clock enable               ; no     ; --                   ; --               ; --                        ;
; square_duty[7]~2                        ; LCCOMB_X25_Y6_N20  ; 8       ; Clock enable               ; no     ; --                   ; --               ; --                        ;
; sweep_cnt[30]~98                        ; LCCOMB_X23_Y10_N30 ; 32      ; Sync. clear                ; no     ; --                   ; --               ; --                        ;
; sweep_freq[15]~101                      ; LCCOMB_X23_Y10_N4  ; 32      ; Clock enable               ; no     ; --                   ; --               ; --                        ;
+-----------------------------------------+--------------------+---------+----------------------------+--------+----------------------+------------------+---------------------------+


+------------------------------------------------------------------------------------------------------------------------------------------------------------------------------------------------------------------------------+
; Global & Other Fast Signals                                                                                                                                                                                                  ;
+--------------------------------------------------------------------------------------------+----------+---------+--------------------------------------+----------------------+------------------+---------------------------+
; Name                                                                                       ; Location ; Fan-Out ; Fan-Out Using Intentional Clock Skew ; Global Resource Used ; Global Line Name ; Enable Signal Source Name ;
+--------------------------------------------------------------------------------------------+----------+---------+--------------------------------------+----------------------+------------------+---------------------------+
; clk                                                                                        ; PIN_E1   ; 679     ; 25                                   ; Global Clock         ; GCLK2            ; --                        ;
; dac904_pll:u_pll|altpll:altpll_component|dac904_pll_altpll:auto_generated|wire_pll1_clk[0] ; PLL_1    ; 1       ; 0                                    ; Global Clock         ; GCLK3            ; --                        ;
+--------------------------------------------------------------------------------------------+----------+---------+--------------------------------------+----------------------+------------------+---------------------------+


+---------------------------------+
; Non-Global High Fan-Out Signals ;
+-------------+-------------------+
; Name        ; Fan-Out           ;
+-------------+-------------------+
; rst_n~input ; 592               ;
+-------------+-------------------+


+----------------------------------------------------------------------------------------------------------------------------------------------------------------------------------------------------------------------------------------------------------------------------------------------------------------------------------------------------------------------------------------------------------------------------------------------------------------------------------------------------------------------------------------------------------------------------------------------------------------------------------------+
; Fitter RAM Summary                                                                                                                                                                                                                                                                                                                                                                                                                                                                                                                                                                                                                     ;
+-----------------------------------------------------------------------------------------------------------+------+------+--------------+--------------+--------------+--------------+--------------+------------------------+-------------------------+------------------------+-------------------------+------+-----------------------------+-----------------------------+-----------------------------+-----------------------------+---------------------+------+--------------------+---------------+----------------------+------------------------+------------------------+----------+------------------------+---------------+
; Name                                                                                                      ; Type ; Mode ; Clock Mode   ; Port A Depth ; Port A Width ; Port B Depth ; Port B Width ; Port A Input Registers ; Port A Output Registers ; Port B Input Registers ; Port B Output Registers ; Size ; Implementation Port A Depth ; Implementation Port A Width ; Implementation Port B Depth ; Implementation Port B Width ; Implementation Bits ; M9Ks ; MIF                ; Location      ; Mixed Width RDW Mode ; Port A RDW Mode        ; Port B RDW Mode        ; ECC Mode ; ECC Pipeline Registers ; Fits in MLABs ;
+-----------------------------------------------------------------------------------------------------------+------+------+--------------+--------------+--------------+--------------+--------------+------------------------+-------------------------+------------------------+-------------------------+------+-----------------------------+-----------------------------+-----------------------------+-----------------------------+---------------------+------+--------------------+---------------+----------------------+------------------------+------------------------+----------+------------------------+---------------+
; sine_12bit_256:u_rom_carrier_12|altsyncram:altsyncram_component|altsyncram_nq91:auto_generated|ALTSYNCRAM ; AUTO ; ROM  ; Single Clock ; 256          ; 12           ; --           ; --           ; yes                    ; yes                     ; --                     ; --                      ; 3072 ; 256                         ; 12                          ; --                          ; --                          ; 3072                ; 1    ; sine_12bit_256.mif ; M9K_X27_Y7_N0 ; Don't care           ; New data with NBE Read ; New data with NBE Read ; Off      ; No                     ; No - Unknown  ;
; sine_14bit_256:u_rom_1k|altsyncram:altsyncram_component|altsyncram_rq91:auto_generated|ALTSYNCRAM         ; AUTO ; ROM  ; Single Clock ; 256          ; 14           ; --           ; --           ; yes                    ; yes                     ; --                     ; --                      ; 3584 ; 256                         ; 14                          ; --                          ; --                          ; 3584                ; 1    ; sine_14bit_256.mif ; M9K_X27_Y4_N0 ; Don't care           ; New data with NBE Read ; New data with NBE Read ; Off      ; No                     ; No - Unknown  ;
; sine_14bit_256:u_rom_2k|altsyncram:altsyncram_component|altsyncram_rq91:auto_generated|ALTSYNCRAM         ; AUTO ; ROM  ; Single Clock ; 256          ; 14           ; --           ; --           ; yes                    ; yes                     ; --                     ; --                      ; 3584 ; 256                         ; 14                          ; --                          ; --                          ; 3584                ; 1    ; sine_14bit_256.mif ; M9K_X27_Y5_N0 ; Don't care           ; New data with NBE Read ; New data with NBE Read ; Off      ; No                     ; No - Unknown  ;
; sine_14bit_256:u_rom_ask|altsyncram:altsyncram_component|altsyncram_rq91:auto_generated|ALTSYNCRAM        ; AUTO ; ROM  ; Single Clock ; 256          ; 14           ; --           ; --           ; yes                    ; yes                     ; --                     ; --                      ; 3584 ; 256                         ; 14                          ; --                          ; --                          ; 3584                ; 1    ; sine_14bit_256.mif ; M9K_X27_Y2_N0 ; Don't care           ; New data with NBE Read ; New data with NBE Read ; Off      ; No                     ; No - Unknown  ;
; sine_14bit_256:u_rom_carrier_14|altsyncram:altsyncram_component|altsyncram_rq91:auto_generated|ALTSYNCRAM ; AUTO ; ROM  ; Single Clock ; 256          ; 14           ; --           ; --           ; yes                    ; yes                     ; --                     ; --                      ; 3584 ; 256                         ; 14                          ; --                          ; --                          ; 3584                ; 1    ; sine_14bit_256.mif ; M9K_X27_Y7_N0 ; Don't care           ; New data with NBE Read ; New data with NBE Read ; Off      ; No                     ; No - Unknown  ;
; sine_14bit_256:u_rom_mod|altsyncram:altsyncram_component|altsyncram_rq91:auto_generated|ALTSYNCRAM        ; AUTO ; ROM  ; Single Clock ; 256          ; 14           ; --           ; --           ; yes                    ; yes                     ; --                     ; --                      ; 3584 ; 256                         ; 14                          ; --                          ; --                          ; 3584                ; 1    ; sine_14bit_256.mif ; M9K_X27_Y6_N0 ; Don't care           ; New data with NBE Read ; New data with NBE Read ; Off      ; No                     ; No - Unknown  ;
; sine_14bit_256:u_rom_psk|altsyncram:altsyncram_component|altsyncram_rq91:auto_generated|ALTSYNCRAM        ; AUTO ; ROM  ; Single Clock ; 256          ; 14           ; --           ; --           ; yes                    ; yes                     ; --                     ; --                      ; 3584 ; 256                         ; 14                          ; --                          ; --                          ; 3584                ; 1    ; sine_14bit_256.mif ; M9K_X27_Y3_N0 ; Don't care           ; New data with NBE Read ; New data with NBE Read ; Off      ; No                     ; No - Unknown  ;
+-----------------------------------------------------------------------------------------------------------+------+------+--------------+--------------+--------------+--------------+--------------+------------------------+-------------------------+------------------------+-------------------------+------+-----------------------------+-----------------------------+-----------------------------+-----------------------------+---------------------+------+--------------------+---------------+----------------------+------------------------+------------------------+----------+------------------------+---------------+
Note: Fitter may spread logical memories into multiple blocks to improve timing. The actual required RAM blocks can be found in the Fitter Resource Usage section.


RAM content values are presented in the following format: (Binary) (Octal) (Decimal) (Hexadecimal) 
+------------------------------------------------------------------------------------------------------------------------------------------------------------------------------------------------------------------------------------------------------------------+
; |DDS_simple|sine_14bit_256:u_rom_ask|altsyncram:altsyncram_component|altsyncram_rq91:auto_generated|ALTSYNCRAM                                                                                                                                                   ;
+------------------------------------------------------------------------------------------------------------------------------------------------------------------------------------------------------------------------------------------------------------------+
;   Addr   ;              +0              ;              +1              ;              +2              ;              +3              ;              +4              ;              +5              ;              +6              ;              +7              ;
+----------+------------------------------+------------------------------+------------------------------+------------------------------+------------------------------+------------------------------+------------------------------+------------------------------+
;0;(10000000000000) (20000) (8192) (2000)    ;(10000011001001) (20311) (8393) (20C9)   ;(10000110010001) (20621) (8593) (2191)   ;(10001001011010) (21132) (8794) (225A)   ;(10001100100010) (21442) (8994) (2322)   ;(10001111101010) (21752) (9194) (23EA)   ;(10010010110001) (22261) (9393) (24B1)   ;(10010101111000) (22570) (9592) (2578)   ;
;8;(10011000111110) (23076) (9790) (263E)    ;(10011100000010) (23402) (9986) (2702)   ;(10011111000110) (23706) (10182) (27C6)   ;(10100010001000) (24210) (10376) (2888)   ;(10100101001001) (24511) (10569) (2949)   ;(10101000001001) (25011) (10761) (2A09)   ;(10101011000111) (25307) (10951) (2AC7)   ;(10101110000100) (25604) (11140) (2B84)   ;
;16;(10110000111110) (26076) (11326) (2C3E)    ;(10110011110111) (26367) (11511) (2CF7)   ;(10110110101110) (26656) (11694) (2DAE)   ;(10111001100010) (27142) (11874) (2E62)   ;(10111100010101) (27425) (12053) (2F15)   ;(10111111000101) (27705) (12229) (2FC5)   ;(11000001110011) (30163) (12403) (3073)   ;(11000100011110) (30436) (12574) (311E)   ;
;24;(11000111000110) (30706) (12742) (31C6)    ;(11001001101100) (31154) (12908) (326C)   ;(11001100001111) (31417) (13071) (330F)   ;(11001110101111) (31657) (13231) (33AF)   ;(11010001001100) (32114) (13388) (344C)   ;(11010011100110) (32346) (13542) (34E6)   ;(11010101111101) (32575) (13693) (357D)   ;(11011000010000) (33020) (13840) (3610)   ;
;32;(11011010100000) (33240) (13984) (36A0)    ;(11011100101100) (33454) (14124) (372C)   ;(11011110110101) (33665) (14261) (37B5)   ;(11100000111010) (34072) (14394) (383A)   ;(11100010111100) (34274) (14524) (38BC)   ;(11100100111001) (34471) (14649) (3939)   ;(11100110110011) (34663) (14771) (39B3)   ;(11101000101001) (35051) (14889) (3A29)   ;
;40;(11101010011010) (35232) (15002) (3A9A)    ;(11101100001000) (35410) (15112) (3B08)   ;(11101101110010) (35562) (15218) (3B72)   ;(11101111010111) (35727) (15319) (3BD7)   ;(11110000111000) (36070) (15416) (3C38)   ;(11110010010100) (36224) (15508) (3C94)   ;(11110011101101) (36355) (15597) (3CED)   ;(11110101000000) (36500) (15680) (3D40)   ;
;48;(11110110001111) (36617) (15759) (3D8F)    ;(11110111011010) (36732) (15834) (3DDA)   ;(11111000100000) (37040) (15904) (3E20)   ;(11111001100010) (37142) (15970) (3E62)   ;(11111010011110) (37236) (16030) (3E9E)   ;(11111011010110) (37326) (16086) (3ED6)   ;(11111100001010) (37412) (16138) (3F0A)   ;(11111100111000) (37470) (16184) (3F38)   ;
;56;(11111101100010) (37542) (16226) (3F62)    ;(11111110000110) (37606) (16262) (3F86)   ;(11111110100110) (37646) (16294) (3FA6)   ;(11111111000001) (37701) (16321) (3FC1)   ;(11111111011000) (37730) (16344) (3FD8)   ;(11111111101001) (37751) (16361) (3FE9)   ;(11111111110101) (37765) (16373) (3FF5)   ;(11111111111101) (37775) (16381) (3FFD)   ;
;64;(11111111111111) (37777) (16383) (3FFF)    ;(11111111111101) (37775) (16381) (3FFD)   ;(11111111110101) (37765) (16373) (3FF5)   ;(11111111101001) (37751) (16361) (3FE9)   ;(11111111011000) (37730) (16344) (3FD8)   ;(11111111000001) (37701) (16321) (3FC1)   ;(11111110100110) (37646) (16294) (3FA6)   ;(11111110000110) (37606) (16262) (3F86)   ;
;72;(11111101100010) (37542) (16226) (3F62)    ;(11111100111000) (37470) (16184) (3F38)   ;(11111100001010) (37412) (16138) (3F0A)   ;(11111011010110) (37326) (16086) (3ED6)   ;(11111010011110) (37236) (16030) (3E9E)   ;(11111001100010) (37142) (15970) (3E62)   ;(11111000100000) (37040) (15904) (3E20)   ;(11110111011010) (36732) (15834) (3DDA)   ;
;80;(11110110001111) (36617) (15759) (3D8F)    ;(11110101000000) (36500) (15680) (3D40)   ;(11110011101101) (36355) (15597) (3CED)   ;(11110010010100) (36224) (15508) (3C94)   ;(11110000111000) (36070) (15416) (3C38)   ;(11101111010111) (35727) (15319) (3BD7)   ;(11101101110010) (35562) (15218) (3B72)   ;(11101100001000) (35410) (15112) (3B08)   ;
;88;(11101010011010) (35232) (15002) (3A9A)    ;(11101000101001) (35051) (14889) (3A29)   ;(11100110110011) (34663) (14771) (39B3)   ;(11100100111001) (34471) (14649) (3939)   ;(11100010111100) (34274) (14524) (38BC)   ;(11100000111010) (34072) (14394) (383A)   ;(11011110110101) (33665) (14261) (37B5)   ;(11011100101100) (33454) (14124) (372C)   ;
;96;(11011010100000) (33240) (13984) (36A0)    ;(11011000010000) (33020) (13840) (3610)   ;(11010101111101) (32575) (13693) (357D)   ;(11010011100110) (32346) (13542) (34E6)   ;(11010001001100) (32114) (13388) (344C)   ;(11001110101111) (31657) (13231) (33AF)   ;(11001100001111) (31417) (13071) (330F)   ;(11001001101100) (31154) (12908) (326C)   ;
;104;(11000111000110) (30706) (12742) (31C6)    ;(11000100011110) (30436) (12574) (311E)   ;(11000001110011) (30163) (12403) (3073)   ;(10111111000101) (27705) (12229) (2FC5)   ;(10111100010101) (27425) (12053) (2F15)   ;(10111001100010) (27142) (11874) (2E62)   ;(10110110101110) (26656) (11694) (2DAE)   ;(10110011110111) (26367) (11511) (2CF7)   ;
;112;(10110000111110) (26076) (11326) (2C3E)    ;(10101110000100) (25604) (11140) (2B84)   ;(10101011000111) (25307) (10951) (2AC7)   ;(10101000001001) (25011) (10761) (2A09)   ;(10100101001001) (24511) (10569) (2949)   ;(10100010001000) (24210) (10376) (2888)   ;(10011111000110) (23706) (10182) (27C6)   ;(10011100000010) (23402) (9986) (2702)   ;
;120;(10011000111110) (23076) (9790) (263E)    ;(10010101111000) (22570) (9592) (2578)   ;(10010010110001) (22261) (9393) (24B1)   ;(10001111101010) (21752) (9194) (23EA)   ;(10001100100010) (21442) (8994) (2322)   ;(10001001011010) (21132) (8794) (225A)   ;(10000110010001) (20621) (8593) (2191)   ;(10000011001001) (20311) (8393) (20C9)   ;
;128;(10000000000000) (20000) (8192) (2000)    ;(01111100110110) (17466) (7990) (1F36)   ;(01111001101110) (17156) (7790) (1E6E)   ;(01110110100101) (16645) (7589) (1DA5)   ;(01110011011101) (16335) (7389) (1CDD)   ;(01110000010101) (16025) (7189) (1C15)   ;(01101101001110) (15516) (6990) (1B4E)   ;(01101010000111) (15207) (6791) (1A87)   ;
;136;(01100111000001) (14701) (6593) (19C1)    ;(01100011111101) (14375) (6397) (18FD)   ;(01100000111001) (14071) (6201) (1839)   ;(01011101110111) (13567) (6007) (1777)   ;(01011010110110) (13266) (5814) (16B6)   ;(01010111110110) (12766) (5622) (15F6)   ;(01010100111000) (12470) (5432) (1538)   ;(01010001111011) (12173) (5243) (147B)   ;
;144;(01001111000001) (11701) (5057) (13C1)    ;(01001100001000) (11410) (4872) (1308)   ;(01001001010001) (11121) (4689) (1251)   ;(01000110011101) (10635) (4509) (119D)   ;(01000011101010) (10352) (4330) (10EA)   ;(01000000111010) (10072) (4154) (103A)   ;(00111110001100) (7614) (3980) (F8C)   ;(00111011100001) (7341) (3809) (EE1)   ;
;152;(00111000111001) (7071) (3641) (E39)    ;(00110110010011) (6623) (3475) (D93)   ;(00110011110000) (6360) (3312) (CF0)   ;(00110001010000) (6120) (3152) (C50)   ;(00101110110011) (5663) (2995) (BB3)   ;(00101100011001) (5431) (2841) (B19)   ;(00101010000010) (5202) (2690) (A82)   ;(00100111101111) (4757) (2543) (9EF)   ;
;160;(00100101011111) (4537) (2399) (95F)    ;(00100011010011) (4323) (2259) (8D3)   ;(00100001001010) (4112) (2122) (84A)   ;(00011111000101) (3705) (1989) (7C5)   ;(00011101000011) (3503) (1859) (743)   ;(00011011000110) (3306) (1734) (6C6)   ;(00011001001100) (3114) (1612) (64C)   ;(00010111010110) (2726) (1494) (5D6)   ;
;168;(00010101100101) (2545) (1381) (565)    ;(00010011110111) (2367) (1271) (4F7)   ;(00010010001101) (2215) (1165) (48D)   ;(00010000101000) (2050) (1064) (428)   ;(00001111000111) (1707) (967) (3C7)   ;(00001101101011) (1553) (875) (36B)   ;(00001100010010) (1422) (786) (312)   ;(00001010111111) (1277) (703) (2BF)   ;
;176;(00001001110000) (1160) (624) (270)    ;(00001000100101) (1045) (549) (225)   ;(00000111011111) (737) (479) (1DF)   ;(00000110011101) (635) (413) (19D)   ;(00000101100001) (541) (353) (161)   ;(00000100101001) (451) (297) (129)   ;(00000011110101) (365) (245) (F5)   ;(00000011000111) (307) (199) (C7)   ;
;184;(00000010011101) (235) (157) (9D)    ;(00000001111001) (171) (121) (79)   ;(00000001011001) (131) (89) (59)   ;(00000000111110) (76) (62) (3E)   ;(00000000100111) (47) (39) (27)   ;(00000000010110) (26) (22) (16)   ;(00000000001010) (12) (10) (0A)   ;(00000000000010) (2) (2) (02)   ;
;192;(00000000000000) (0) (0) (00)    ;(00000000000010) (2) (2) (02)   ;(00000000001010) (12) (10) (0A)   ;(00000000010110) (26) (22) (16)   ;(00000000100111) (47) (39) (27)   ;(00000000111110) (76) (62) (3E)   ;(00000001011001) (131) (89) (59)   ;(00000001111001) (171) (121) (79)   ;
;200;(00000010011101) (235) (157) (9D)    ;(00000011000111) (307) (199) (C7)   ;(00000011110101) (365) (245) (F5)   ;(00000100101001) (451) (297) (129)   ;(00000101100001) (541) (353) (161)   ;(00000110011101) (635) (413) (19D)   ;(00000111011111) (737) (479) (1DF)   ;(00001000100101) (1045) (549) (225)   ;
;208;(00001001110000) (1160) (624) (270)    ;(00001010111111) (1277) (703) (2BF)   ;(00001100010010) (1422) (786) (312)   ;(00001101101011) (1553) (875) (36B)   ;(00001111000111) (1707) (967) (3C7)   ;(00010000101000) (2050) (1064) (428)   ;(00010010001101) (2215) (1165) (48D)   ;(00010011110111) (2367) (1271) (4F7)   ;
;216;(00010101100101) (2545) (1381) (565)    ;(00010111010110) (2726) (1494) (5D6)   ;(00011001001100) (3114) (1612) (64C)   ;(00011011000110) (3306) (1734) (6C6)   ;(00011101000011) (3503) (1859) (743)   ;(00011111000101) (3705) (1989) (7C5)   ;(00100001001010) (4112) (2122) (84A)   ;(00100011010011) (4323) (2259) (8D3)   ;
;224;(00100101011111) (4537) (2399) (95F)    ;(00100111101111) (4757) (2543) (9EF)   ;(00101010000010) (5202) (2690) (A82)   ;(00101100011001) (5431) (2841) (B19)   ;(00101110110011) (5663) (2995) (BB3)   ;(00110001010000) (6120) (3152) (C50)   ;(00110011110000) (6360) (3312) (CF0)   ;(00110110010011) (6623) (3475) (D93)   ;
;232;(00111000111001) (7071) (3641) (E39)    ;(00111011100001) (7341) (3809) (EE1)   ;(00111110001100) (7614) (3980) (F8C)   ;(01000000111010) (10072) (4154) (103A)   ;(01000011101010) (10352) (4330) (10EA)   ;(01000110011101) (10635) (4509) (119D)   ;(01001001010001) (11121) (4689) (1251)   ;(01001100001000) (11410) (4872) (1308)   ;
;240;(01001111000001) (11701) (5057) (13C1)    ;(01010001111011) (12173) (5243) (147B)   ;(01010100111000) (12470) (5432) (1538)   ;(01010111110110) (12766) (5622) (15F6)   ;(01011010110110) (13266) (5814) (16B6)   ;(01011101110111) (13567) (6007) (1777)   ;(01100000111001) (14071) (6201) (1839)   ;(01100011111101) (14375) (6397) (18FD)   ;
;248;(01100111000001) (14701) (6593) (19C1)    ;(01101010000111) (15207) (6791) (1A87)   ;(01101101001110) (15516) (6990) (1B4E)   ;(01110000010101) (16025) (7189) (1C15)   ;(01110011011101) (16335) (7389) (1CDD)   ;(01110110100101) (16645) (7589) (1DA5)   ;(01111001101110) (17156) (7790) (1E6E)   ;(01111100110110) (17466) (7990) (1F36)   ;


RAM content values are presented in the following format: (Binary) (Octal) (Decimal) (Hexadecimal) 
+------------------------------------------------------------------------------------------------------------------------------------------------------------------------------------------------------------------------------------------------------------------+
; |DDS_simple|sine_14bit_256:u_rom_psk|altsyncram:altsyncram_component|altsyncram_rq91:auto_generated|ALTSYNCRAM                                                                                                                                                   ;
+------------------------------------------------------------------------------------------------------------------------------------------------------------------------------------------------------------------------------------------------------------------+
;   Addr   ;              +0              ;              +1              ;              +2              ;              +3              ;              +4              ;              +5              ;              +6              ;              +7              ;
+----------+------------------------------+------------------------------+------------------------------+------------------------------+------------------------------+------------------------------+------------------------------+------------------------------+
;0;(10000000000000) (20000) (8192) (2000)    ;(10000011001001) (20311) (8393) (20C9)   ;(10000110010001) (20621) (8593) (2191)   ;(10001001011010) (21132) (8794) (225A)   ;(10001100100010) (21442) (8994) (2322)   ;(10001111101010) (21752) (9194) (23EA)   ;(10010010110001) (22261) (9393) (24B1)   ;(10010101111000) (22570) (9592) (2578)   ;
;8;(10011000111110) (23076) (9790) (263E)    ;(10011100000010) (23402) (9986) (2702)   ;(10011111000110) (23706) (10182) (27C6)   ;(10100010001000) (24210) (10376) (2888)   ;(10100101001001) (24511) (10569) (2949)   ;(10101000001001) (25011) (10761) (2A09)   ;(10101011000111) (25307) (10951) (2AC7)   ;(10101110000100) (25604) (11140) (2B84)   ;
;16;(10110000111110) (26076) (11326) (2C3E)    ;(10110011110111) (26367) (11511) (2CF7)   ;(10110110101110) (26656) (11694) (2DAE)   ;(10111001100010) (27142) (11874) (2E62)   ;(10111100010101) (27425) (12053) (2F15)   ;(10111111000101) (27705) (12229) (2FC5)   ;(11000001110011) (30163) (12403) (3073)   ;(11000100011110) (30436) (12574) (311E)   ;
;24;(11000111000110) (30706) (12742) (31C6)    ;(11001001101100) (31154) (12908) (326C)   ;(11001100001111) (31417) (13071) (330F)   ;(11001110101111) (31657) (13231) (33AF)   ;(11010001001100) (32114) (13388) (344C)   ;(11010011100110) (32346) (13542) (34E6)   ;(11010101111101) (32575) (13693) (357D)   ;(11011000010000) (33020) (13840) (3610)   ;
;32;(11011010100000) (33240) (13984) (36A0)    ;(11011100101100) (33454) (14124) (372C)   ;(11011110110101) (33665) (14261) (37B5)   ;(11100000111010) (34072) (14394) (383A)   ;(11100010111100) (34274) (14524) (38BC)   ;(11100100111001) (34471) (14649) (3939)   ;(11100110110011) (34663) (14771) (39B3)   ;(11101000101001) (35051) (14889) (3A29)   ;
;40;(11101010011010) (35232) (15002) (3A9A)    ;(11101100001000) (35410) (15112) (3B08)   ;(11101101110010) (35562) (15218) (3B72)   ;(11101111010111) (35727) (15319) (3BD7)   ;(11110000111000) (36070) (15416) (3C38)   ;(11110010010100) (36224) (15508) (3C94)   ;(11110011101101) (36355) (15597) (3CED)   ;(11110101000000) (36500) (15680) (3D40)   ;
;48;(11110110001111) (36617) (15759) (3D8F)    ;(11110111011010) (36732) (15834) (3DDA)   ;(11111000100000) (37040) (15904) (3E20)   ;(11111001100010) (37142) (15970) (3E62)   ;(11111010011110) (37236) (16030) (3E9E)   ;(11111011010110) (37326) (16086) (3ED6)   ;(11111100001010) (37412) (16138) (3F0A)   ;(11111100111000) (37470) (16184) (3F38)   ;
;56;(11111101100010) (37542) (16226) (3F62)    ;(11111110000110) (37606) (16262) (3F86)   ;(11111110100110) (37646) (16294) (3FA6)   ;(11111111000001) (37701) (16321) (3FC1)   ;(11111111011000) (37730) (16344) (3FD8)   ;(11111111101001) (37751) (16361) (3FE9)   ;(11111111110101) (37765) (16373) (3FF5)   ;(11111111111101) (37775) (16381) (3FFD)   ;
;64;(11111111111111) (37777) (16383) (3FFF)    ;(11111111111101) (37775) (16381) (3FFD)   ;(11111111110101) (37765) (16373) (3FF5)   ;(11111111101001) (37751) (16361) (3FE9)   ;(11111111011000) (37730) (16344) (3FD8)   ;(11111111000001) (37701) (16321) (3FC1)   ;(11111110100110) (37646) (16294) (3FA6)   ;(11111110000110) (37606) (16262) (3F86)   ;
;72;(11111101100010) (37542) (16226) (3F62)    ;(11111100111000) (37470) (16184) (3F38)   ;(11111100001010) (37412) (16138) (3F0A)   ;(11111011010110) (37326) (16086) (3ED6)   ;(11111010011110) (37236) (16030) (3E9E)   ;(11111001100010) (37142) (15970) (3E62)   ;(11111000100000) (37040) (15904) (3E20)   ;(11110111011010) (36732) (15834) (3DDA)   ;
;80;(11110110001111) (36617) (15759) (3D8F)    ;(11110101000000) (36500) (15680) (3D40)   ;(11110011101101) (36355) (15597) (3CED)   ;(11110010010100) (36224) (15508) (3C94)   ;(11110000111000) (36070) (15416) (3C38)   ;(11101111010111) (35727) (15319) (3BD7)   ;(11101101110010) (35562) (15218) (3B72)   ;(11101100001000) (35410) (15112) (3B08)   ;
;88;(11101010011010) (35232) (15002) (3A9A)    ;(11101000101001) (35051) (14889) (3A29)   ;(11100110110011) (34663) (14771) (39B3)   ;(11100100111001) (34471) (14649) (3939)   ;(11100010111100) (34274) (14524) (38BC)   ;(11100000111010) (34072) (14394) (383A)   ;(11011110110101) (33665) (14261) (37B5)   ;(11011100101100) (33454) (14124) (372C)   ;
;96;(11011010100000) (33240) (13984) (36A0)    ;(11011000010000) (33020) (13840) (3610)   ;(11010101111101) (32575) (13693) (357D)   ;(11010011100110) (32346) (13542) (34E6)   ;(11010001001100) (32114) (13388) (344C)   ;(11001110101111) (31657) (13231) (33AF)   ;(11001100001111) (31417) (13071) (330F)   ;(11001001101100) (31154) (12908) (326C)   ;
;104;(11000111000110) (30706) (12742) (31C6)    ;(11000100011110) (30436) (12574) (311E)   ;(11000001110011) (30163) (12403) (3073)   ;(10111111000101) (27705) (12229) (2FC5)   ;(10111100010101) (27425) (12053) (2F15)   ;(10111001100010) (27142) (11874) (2E62)   ;(10110110101110) (26656) (11694) (2DAE)   ;(10110011110111) (26367) (11511) (2CF7)   ;
;112;(10110000111110) (26076) (11326) (2C3E)    ;(10101110000100) (25604) (11140) (2B84)   ;(10101011000111) (25307) (10951) (2AC7)   ;(10101000001001) (25011) (10761) (2A09)   ;(10100101001001) (24511) (10569) (2949)   ;(10100010001000) (24210) (10376) (2888)   ;(10011111000110) (23706) (10182) (27C6)   ;(10011100000010) (23402) (9986) (2702)   ;
;120;(10011000111110) (23076) (9790) (263E)    ;(10010101111000) (22570) (9592) (2578)   ;(10010010110001) (22261) (9393) (24B1)   ;(10001111101010) (21752) (9194) (23EA)   ;(10001100100010) (21442) (8994) (2322)   ;(10001001011010) (21132) (8794) (225A)   ;(10000110010001) (20621) (8593) (2191)   ;(10000011001001) (20311) (8393) (20C9)   ;
;128;(10000000000000) (20000) (8192) (2000)    ;(01111100110110) (17466) (7990) (1F36)   ;(01111001101110) (17156) (7790) (1E6E)   ;(01110110100101) (16645) (7589) (1DA5)   ;(01110011011101) (16335) (7389) (1CDD)   ;(01110000010101) (16025) (7189) (1C15)   ;(01101101001110) (15516) (6990) (1B4E)   ;(01101010000111) (15207) (6791) (1A87)   ;
;136;(01100111000001) (14701) (6593) (19C1)    ;(01100011111101) (14375) (6397) (18FD)   ;(01100000111001) (14071) (6201) (1839)   ;(01011101110111) (13567) (6007) (1777)   ;(01011010110110) (13266) (5814) (16B6)   ;(01010111110110) (12766) (5622) (15F6)   ;(01010100111000) (12470) (5432) (1538)   ;(01010001111011) (12173) (5243) (147B)   ;
;144;(01001111000001) (11701) (5057) (13C1)    ;(01001100001000) (11410) (4872) (1308)   ;(01001001010001) (11121) (4689) (1251)   ;(01000110011101) (10635) (4509) (119D)   ;(01000011101010) (10352) (4330) (10EA)   ;(01000000111010) (10072) (4154) (103A)   ;(00111110001100) (7614) (3980) (F8C)   ;(00111011100001) (7341) (3809) (EE1)   ;
;152;(00111000111001) (7071) (3641) (E39)    ;(00110110010011) (6623) (3475) (D93)   ;(00110011110000) (6360) (3312) (CF0)   ;(00110001010000) (6120) (3152) (C50)   ;(00101110110011) (5663) (2995) (BB3)   ;(00101100011001) (5431) (2841) (B19)   ;(00101010000010) (5202) (2690) (A82)   ;(00100111101111) (4757) (2543) (9EF)   ;
;160;(00100101011111) (4537) (2399) (95F)    ;(00100011010011) (4323) (2259) (8D3)   ;(00100001001010) (4112) (2122) (84A)   ;(00011111000101) (3705) (1989) (7C5)   ;(00011101000011) (3503) (1859) (743)   ;(00011011000110) (3306) (1734) (6C6)   ;(00011001001100) (3114) (1612) (64C)   ;(00010111010110) (2726) (1494) (5D6)   ;
;168;(00010101100101) (2545) (1381) (565)    ;(00010011110111) (2367) (1271) (4F7)   ;(00010010001101) (2215) (1165) (48D)   ;(00010000101000) (2050) (1064) (428)   ;(00001111000111) (1707) (967) (3C7)   ;(00001101101011) (1553) (875) (36B)   ;(00001100010010) (1422) (786) (312)   ;(00001010111111) (1277) (703) (2BF)   ;
;176;(00001001110000) (1160) (624) (270)    ;(00001000100101) (1045) (549) (225)   ;(00000111011111) (737) (479) (1DF)   ;(00000110011101) (635) (413) (19D)   ;(00000101100001) (541) (353) (161)   ;(00000100101001) (451) (297) (129)   ;(00000011110101) (365) (245) (F5)   ;(00000011000111) (307) (199) (C7)   ;
;184;(00000010011101) (235) (157) (9D)    ;(00000001111001) (171) (121) (79)   ;(00000001011001) (131) (89) (59)   ;(00000000111110) (76) (62) (3E)   ;(00000000100111) (47) (39) (27)   ;(00000000010110) (26) (22) (16)   ;(00000000001010) (12) (10) (0A)   ;(00000000000010) (2) (2) (02)   ;
;192;(00000000000000) (0) (0) (00)    ;(00000000000010) (2) (2) (02)   ;(00000000001010) (12) (10) (0A)   ;(00000000010110) (26) (22) (16)   ;(00000000100111) (47) (39) (27)   ;(00000000111110) (76) (62) (3E)   ;(00000001011001) (131) (89) (59)   ;(00000001111001) (171) (121) (79)   ;
;200;(00000010011101) (235) (157) (9D)    ;(00000011000111) (307) (199) (C7)   ;(00000011110101) (365) (245) (F5)   ;(00000100101001) (451) (297) (129)   ;(00000101100001) (541) (353) (161)   ;(00000110011101) (635) (413) (19D)   ;(00000111011111) (737) (479) (1DF)   ;(00001000100101) (1045) (549) (225)   ;
;208;(00001001110000) (1160) (624) (270)    ;(00001010111111) (1277) (703) (2BF)   ;(00001100010010) (1422) (786) (312)   ;(00001101101011) (1553) (875) (36B)   ;(00001111000111) (1707) (967) (3C7)   ;(00010000101000) (2050) (1064) (428)   ;(00010010001101) (2215) (1165) (48D)   ;(00010011110111) (2367) (1271) (4F7)   ;
;216;(00010101100101) (2545) (1381) (565)    ;(00010111010110) (2726) (1494) (5D6)   ;(00011001001100) (3114) (1612) (64C)   ;(00011011000110) (3306) (1734) (6C6)   ;(00011101000011) (3503) (1859) (743)   ;(00011111000101) (3705) (1989) (7C5)   ;(00100001001010) (4112) (2122) (84A)   ;(00100011010011) (4323) (2259) (8D3)   ;
;224;(00100101011111) (4537) (2399) (95F)    ;(00100111101111) (4757) (2543) (9EF)   ;(00101010000010) (5202) (2690) (A82)   ;(00101100011001) (5431) (2841) (B19)   ;(00101110110011) (5663) (2995) (BB3)   ;(00110001010000) (6120) (3152) (C50)   ;(00110011110000) (6360) (3312) (CF0)   ;(00110110010011) (6623) (3475) (D93)   ;
;232;(00111000111001) (7071) (3641) (E39)    ;(00111011100001) (7341) (3809) (EE1)   ;(00111110001100) (7614) (3980) (F8C)   ;(01000000111010) (10072) (4154) (103A)   ;(01000011101010) (10352) (4330) (10EA)   ;(01000110011101) (10635) (4509) (119D)   ;(01001001010001) (11121) (4689) (1251)   ;(01001100001000) (11410) (4872) (1308)   ;
;240;(01001111000001) (11701) (5057) (13C1)    ;(01010001111011) (12173) (5243) (147B)   ;(01010100111000) (12470) (5432) (1538)   ;(01010111110110) (12766) (5622) (15F6)   ;(01011010110110) (13266) (5814) (16B6)   ;(01011101110111) (13567) (6007) (1777)   ;(01100000111001) (14071) (6201) (1839)   ;(01100011111101) (14375) (6397) (18FD)   ;
;248;(01100111000001) (14701) (6593) (19C1)    ;(01101010000111) (15207) (6791) (1A87)   ;(01101101001110) (15516) (6990) (1B4E)   ;(01110000010101) (16025) (7189) (1C15)   ;(01110011011101) (16335) (7389) (1CDD)   ;(01110110100101) (16645) (7589) (1DA5)   ;(01111001101110) (17156) (7790) (1E6E)   ;(01111100110110) (17466) (7990) (1F36)   ;


RAM content values are presented in the following format: (Binary) (Octal) (Decimal) (Hexadecimal) 
+------------------------------------------------------------------------------------------------------------------------------------------------------------------------------------------------------------------------------------------------------------------+
; |DDS_simple|sine_12bit_256:u_rom_carrier_12|altsyncram:altsyncram_component|altsyncram_nq91:auto_generated|ALTSYNCRAM                                                                                                                                            ;
+------------------------------------------------------------------------------------------------------------------------------------------------------------------------------------------------------------------------------------------------------------------+
;   Addr   ;              +0              ;              +1              ;              +2              ;              +3              ;              +4              ;              +5              ;              +6              ;              +7              ;
+----------+------------------------------+------------------------------+------------------------------+------------------------------+------------------------------+------------------------------+------------------------------+------------------------------+
;0;(100000000000) (4000) (2048) (800)    ;(100000110010) (4062) (2098) (832)   ;(100001100100) (4144) (2148) (864)   ;(100010010111) (4227) (2199) (897)   ;(100011001001) (4311) (2249) (8C9)   ;(100011111011) (4373) (2299) (8FB)   ;(100100101101) (4455) (2349) (92D)   ;(100101011110) (4536) (2398) (95E)   ;
;8;(100110010000) (4620) (2448) (990)    ;(100111000001) (4701) (2497) (9C1)   ;(100111110010) (4762) (2546) (9F2)   ;(101000100010) (5042) (2594) (A22)   ;(101001010011) (5123) (2643) (A53)   ;(101010000010) (5202) (2690) (A82)   ;(101010110010) (5262) (2738) (AB2)   ;(101011100001) (5341) (2785) (AE1)   ;
;16;(101100010000) (5420) (2832) (B10)    ;(101100111110) (5476) (2878) (B3E)   ;(101101101100) (5554) (2924) (B6C)   ;(101110011001) (5631) (2969) (B99)   ;(101111000101) (5705) (3013) (BC5)   ;(101111110001) (5761) (3057) (BF1)   ;(110000011101) (6035) (3101) (C1D)   ;(110001001000) (6110) (3144) (C48)   ;
;24;(110001110010) (6162) (3186) (C72)    ;(110010011011) (6233) (3227) (C9B)   ;(110011000100) (6304) (3268) (CC4)   ;(110011101100) (6354) (3308) (CEC)   ;(110100010011) (6423) (3347) (D13)   ;(110100111010) (6472) (3386) (D3A)   ;(110101011111) (6537) (3423) (D5F)   ;(110110000100) (6604) (3460) (D84)   ;
;32;(110110101000) (6650) (3496) (DA8)    ;(110111001011) (6713) (3531) (DCB)   ;(110111101101) (6755) (3565) (DED)   ;(111000001111) (7017) (3599) (E0F)   ;(111000101111) (7057) (3631) (E2F)   ;(111001001111) (7117) (3663) (E4F)   ;(111001101101) (7155) (3693) (E6D)   ;(111010001010) (7212) (3722) (E8A)   ;
;40;(111010100111) (7247) (3751) (EA7)    ;(111011000010) (7302) (3778) (EC2)   ;(111011011101) (7335) (3805) (EDD)   ;(111011110110) (7366) (3830) (EF6)   ;(111100001110) (7416) (3854) (F0E)   ;(111100100101) (7445) (3877) (F25)   ;(111100111011) (7473) (3899) (F3B)   ;(111101010000) (7520) (3920) (F50)   ;
;48;(111101100100) (7544) (3940) (F64)    ;(111101110111) (7567) (3959) (F77)   ;(111110001000) (7610) (3976) (F88)   ;(111110011001) (7631) (3993) (F99)   ;(111110101000) (7650) (4008) (FA8)   ;(111110110110) (7666) (4022) (FB6)   ;(111111000011) (7703) (4035) (FC3)   ;(111111001110) (7716) (4046) (FCE)   ;
;56;(111111011001) (7731) (4057) (FD9)    ;(111111100010) (7742) (4066) (FE2)   ;(111111101010) (7752) (4074) (FEA)   ;(111111110001) (7761) (4081) (FF1)   ;(111111110110) (7766) (4086) (FF6)   ;(111111111010) (7772) (4090) (FFA)   ;(111111111110) (7776) (4094) (FFE)   ;(111111111111) (7777) (4095) (FFF)   ;
;64;(111111111111) (7777) (4095) (FFF)    ;(111111111111) (7777) (4095) (FFF)   ;(111111111110) (7776) (4094) (FFE)   ;(111111111010) (7772) (4090) (FFA)   ;(111111110110) (7766) (4086) (FF6)   ;(111111110001) (7761) (4081) (FF1)   ;(111111101010) (7752) (4074) (FEA)   ;(111111100010) (7742) (4066) (FE2)   ;
;72;(111111011001) (7731) (4057) (FD9)    ;(111111001110) (7716) (4046) (FCE)   ;(111111000011) (7703) (4035) (FC3)   ;(111110110110) (7666) (4022) (FB6)   ;(111110101000) (7650) (4008) (FA8)   ;(111110011001) (7631) (3993) (F99)   ;(111110001000) (7610) (3976) (F88)   ;(111101110111) (7567) (3959) (F77)   ;
;80;(111101100100) (7544) (3940) (F64)    ;(111101010000) (7520) (3920) (F50)   ;(111100111011) (7473) (3899) (F3B)   ;(111100100101) (7445) (3877) (F25)   ;(111100001110) (7416) (3854) (F0E)   ;(111011110110) (7366) (3830) (EF6)   ;(111011011101) (7335) (3805) (EDD)   ;(111011000010) (7302) (3778) (EC2)   ;
;88;(111010100111) (7247) (3751) (EA7)    ;(111010001010) (7212) (3722) (E8A)   ;(111001101101) (7155) (3693) (E6D)   ;(111001001111) (7117) (3663) (E4F)   ;(111000101111) (7057) (3631) (E2F)   ;(111000001111) (7017) (3599) (E0F)   ;(110111101101) (6755) (3565) (DED)   ;(110111001011) (6713) (3531) (DCB)   ;
;96;(110110101000) (6650) (3496) (DA8)    ;(110110000100) (6604) (3460) (D84)   ;(110101011111) (6537) (3423) (D5F)   ;(110100111010) (6472) (3386) (D3A)   ;(110100010011) (6423) (3347) (D13)   ;(110011101100) (6354) (3308) (CEC)   ;(110011000100) (6304) (3268) (CC4)   ;(110010011011) (6233) (3227) (C9B)   ;
;104;(110001110010) (6162) (3186) (C72)    ;(110001001000) (6110) (3144) (C48)   ;(110000011101) (6035) (3101) (C1D)   ;(101111110001) (5761) (3057) (BF1)   ;(101111000101) (5705) (3013) (BC5)   ;(101110011001) (5631) (2969) (B99)   ;(101101101100) (5554) (2924) (B6C)   ;(101100111110) (5476) (2878) (B3E)   ;
;112;(101100010000) (5420) (2832) (B10)    ;(101011100001) (5341) (2785) (AE1)   ;(101010110010) (5262) (2738) (AB2)   ;(101010000010) (5202) (2690) (A82)   ;(101001010011) (5123) (2643) (A53)   ;(101000100010) (5042) (2594) (A22)   ;(100111110010) (4762) (2546) (9F2)   ;(100111000001) (4701) (2497) (9C1)   ;
;120;(100110010000) (4620) (2448) (990)    ;(100101011110) (4536) (2398) (95E)   ;(100100101101) (4455) (2349) (92D)   ;(100011111011) (4373) (2299) (8FB)   ;(100011001001) (4311) (2249) (8C9)   ;(100010010111) (4227) (2199) (897)   ;(100001100100) (4144) (2148) (864)   ;(100000110010) (4062) (2098) (832)   ;
;128;(100000000000) (4000) (2048) (800)    ;(011111001110) (3716) (1998) (7CE)   ;(011110011100) (3634) (1948) (79C)   ;(011101101001) (3551) (1897) (769)   ;(011100110111) (3467) (1847) (737)   ;(011100000101) (3405) (1797) (705)   ;(011011010011) (3323) (1747) (6D3)   ;(011010100010) (3242) (1698) (6A2)   ;
;136;(011001110000) (3160) (1648) (670)    ;(011000111111) (3077) (1599) (63F)   ;(011000001110) (3016) (1550) (60E)   ;(010111011110) (2736) (1502) (5DE)   ;(010110101101) (2655) (1453) (5AD)   ;(010101111110) (2576) (1406) (57E)   ;(010101001110) (2516) (1358) (54E)   ;(010100011111) (2437) (1311) (51F)   ;
;144;(010011110000) (2360) (1264) (4F0)    ;(010011000010) (2302) (1218) (4C2)   ;(010010010100) (2224) (1172) (494)   ;(010001100111) (2147) (1127) (467)   ;(010000111011) (2073) (1083) (43B)   ;(010000001111) (2017) (1039) (40F)   ;(001111100011) (1743) (995) (3E3)   ;(001110111000) (1670) (952) (3B8)   ;
;152;(001110001110) (1616) (910) (38E)    ;(001101100101) (1545) (869) (365)   ;(001100111100) (1474) (828) (33C)   ;(001100010100) (1424) (788) (314)   ;(001011101101) (1355) (749) (2ED)   ;(001011000110) (1306) (710) (2C6)   ;(001010100001) (1241) (673) (2A1)   ;(001001111100) (1174) (636) (27C)   ;
;160;(001001011000) (1130) (600) (258)    ;(001000110101) (1065) (565) (235)   ;(001000010011) (1023) (531) (213)   ;(000111110001) (761) (497) (1F1)   ;(000111010001) (721) (465) (1D1)   ;(000110110001) (661) (433) (1B1)   ;(000110010011) (623) (403) (193)   ;(000101110110) (566) (374) (176)   ;
;168;(000101011001) (531) (345) (159)    ;(000100111110) (476) (318) (13E)   ;(000100100011) (443) (291) (123)   ;(000100001010) (412) (266) (10A)   ;(000011110010) (362) (242) (F2)   ;(000011011011) (333) (219) (DB)   ;(000011000101) (305) (197) (C5)   ;(000010110000) (260) (176) (B0)   ;
;176;(000010011100) (234) (156) (9C)    ;(000010001001) (211) (137) (89)   ;(000001111000) (170) (120) (78)   ;(000001100111) (147) (103) (67)   ;(000001011000) (130) (88) (58)   ;(000001001010) (112) (74) (4A)   ;(000000111101) (75) (61) (3D)   ;(000000110010) (62) (50) (32)   ;
;184;(000000100111) (47) (39) (27)    ;(000000011110) (36) (30) (1E)   ;(000000010110) (26) (22) (16)   ;(000000001111) (17) (15) (0F)   ;(000000001010) (12) (10) (0A)   ;(000000000110) (6) (6) (06)   ;(000000000010) (2) (2) (02)   ;(000000000001) (1) (1) (01)   ;
;192;(000000000000) (0) (0) (00)    ;(000000000001) (1) (1) (01)   ;(000000000010) (2) (2) (02)   ;(000000000110) (6) (6) (06)   ;(000000001010) (12) (10) (0A)   ;(000000001111) (17) (15) (0F)   ;(000000010110) (26) (22) (16)   ;(000000011110) (36) (30) (1E)   ;
;200;(000000100111) (47) (39) (27)    ;(000000110010) (62) (50) (32)   ;(000000111101) (75) (61) (3D)   ;(000001001010) (112) (74) (4A)   ;(000001011000) (130) (88) (58)   ;(000001100111) (147) (103) (67)   ;(000001111000) (170) (120) (78)   ;(000010001001) (211) (137) (89)   ;
;208;(000010011100) (234) (156) (9C)    ;(000010110000) (260) (176) (B0)   ;(000011000101) (305) (197) (C5)   ;(000011011011) (333) (219) (DB)   ;(000011110010) (362) (242) (F2)   ;(000100001010) (412) (266) (10A)   ;(000100100011) (443) (291) (123)   ;(000100111110) (476) (318) (13E)   ;
;216;(000101011001) (531) (345) (159)    ;(000101110110) (566) (374) (176)   ;(000110010011) (623) (403) (193)   ;(000110110001) (661) (433) (1B1)   ;(000111010001) (721) (465) (1D1)   ;(000111110001) (761) (497) (1F1)   ;(001000010011) (1023) (531) (213)   ;(001000110101) (1065) (565) (235)   ;
;224;(001001011000) (1130) (600) (258)    ;(001001111100) (1174) (636) (27C)   ;(001010100001) (1241) (673) (2A1)   ;(001011000110) (1306) (710) (2C6)   ;(001011101101) (1355) (749) (2ED)   ;(001100010100) (1424) (788) (314)   ;(001100111100) (1474) (828) (33C)   ;(001101100101) (1545) (869) (365)   ;
;232;(001110001110) (1616) (910) (38E)    ;(001110111000) (1670) (952) (3B8)   ;(001111100011) (1743) (995) (3E3)   ;(010000001111) (2017) (1039) (40F)   ;(010000111011) (2073) (1083) (43B)   ;(010001100111) (2147) (1127) (467)   ;(010010010100) (2224) (1172) (494)   ;(010011000010) (2302) (1218) (4C2)   ;
;240;(010011110000) (2360) (1264) (4F0)    ;(010100011111) (2437) (1311) (51F)   ;(010101001110) (2516) (1358) (54E)   ;(010101111110) (2576) (1406) (57E)   ;(010110101101) (2655) (1453) (5AD)   ;(010111011110) (2736) (1502) (5DE)   ;(011000001110) (3016) (1550) (60E)   ;(011000111111) (3077) (1599) (63F)   ;
;248;(011001110000) (3160) (1648) (670)    ;(011010100010) (3242) (1698) (6A2)   ;(011011010011) (3323) (1747) (6D3)   ;(011100000101) (3405) (1797) (705)   ;(011100110111) (3467) (1847) (737)   ;(011101101001) (3551) (1897) (769)   ;(011110011100) (3634) (1948) (79C)   ;(011111001110) (3716) (1998) (7CE)   ;


RAM content values are presented in the following format: (Binary) (Octal) (Decimal) (Hexadecimal) 
+------------------------------------------------------------------------------------------------------------------------------------------------------------------------------------------------------------------------------------------------------------------+
; |DDS_simple|sine_14bit_256:u_rom_carrier_14|altsyncram:altsyncram_component|altsyncram_rq91:auto_generated|ALTSYNCRAM                                                                                                                                            ;
+------------------------------------------------------------------------------------------------------------------------------------------------------------------------------------------------------------------------------------------------------------------+
;   Addr   ;              +0              ;              +1              ;              +2              ;              +3              ;              +4              ;              +5              ;              +6              ;              +7              ;
+----------+------------------------------+------------------------------+------------------------------+------------------------------+------------------------------+------------------------------+------------------------------+------------------------------+
;0;(10000000000000) (20000) (8192) (2000)    ;(10000011001001) (20311) (8393) (20C9)   ;(10000110010001) (20621) (8593) (2191)   ;(10001001011010) (21132) (8794) (225A)   ;(10001100100010) (21442) (8994) (2322)   ;(10001111101010) (21752) (9194) (23EA)   ;(10010010110001) (22261) (9393) (24B1)   ;(10010101111000) (22570) (9592) (2578)   ;
;8;(10011000111110) (23076) (9790) (263E)    ;(10011100000010) (23402) (9986) (2702)   ;(10011111000110) (23706) (10182) (27C6)   ;(10100010001000) (24210) (10376) (2888)   ;(10100101001001) (24511) (10569) (2949)   ;(10101000001001) (25011) (10761) (2A09)   ;(10101011000111) (25307) (10951) (2AC7)   ;(10101110000100) (25604) (11140) (2B84)   ;
;16;(10110000111110) (26076) (11326) (2C3E)    ;(10110011110111) (26367) (11511) (2CF7)   ;(10110110101110) (26656) (11694) (2DAE)   ;(10111001100010) (27142) (11874) (2E62)   ;(10111100010101) (27425) (12053) (2F15)   ;(10111111000101) (27705) (12229) (2FC5)   ;(11000001110011) (30163) (12403) (3073)   ;(11000100011110) (30436) (12574) (311E)   ;
;24;(11000111000110) (30706) (12742) (31C6)    ;(11001001101100) (31154) (12908) (326C)   ;(11001100001111) (31417) (13071) (330F)   ;(11001110101111) (31657) (13231) (33AF)   ;(11010001001100) (32114) (13388) (344C)   ;(11010011100110) (32346) (13542) (34E6)   ;(11010101111101) (32575) (13693) (357D)   ;(11011000010000) (33020) (13840) (3610)   ;
;32;(11011010100000) (33240) (13984) (36A0)    ;(11011100101100) (33454) (14124) (372C)   ;(11011110110101) (33665) (14261) (37B5)   ;(11100000111010) (34072) (14394) (383A)   ;(11100010111100) (34274) (14524) (38BC)   ;(11100100111001) (34471) (14649) (3939)   ;(11100110110011) (34663) (14771) (39B3)   ;(11101000101001) (35051) (14889) (3A29)   ;
;40;(11101010011010) (35232) (15002) (3A9A)    ;(11101100001000) (35410) (15112) (3B08)   ;(11101101110010) (35562) (15218) (3B72)   ;(11101111010111) (35727) (15319) (3BD7)   ;(11110000111000) (36070) (15416) (3C38)   ;(11110010010100) (36224) (15508) (3C94)   ;(11110011101101) (36355) (15597) (3CED)   ;(11110101000000) (36500) (15680) (3D40)   ;
;48;(11110110001111) (36617) (15759) (3D8F)    ;(11110111011010) (36732) (15834) (3DDA)   ;(11111000100000) (37040) (15904) (3E20)   ;(11111001100010) (37142) (15970) (3E62)   ;(11111010011110) (37236) (16030) (3E9E)   ;(11111011010110) (37326) (16086) (3ED6)   ;(11111100001010) (37412) (16138) (3F0A)   ;(11111100111000) (37470) (16184) (3F38)   ;
;56;(11111101100010) (37542) (16226) (3F62)    ;(11111110000110) (37606) (16262) (3F86)   ;(11111110100110) (37646) (16294) (3FA6)   ;(11111111000001) (37701) (16321) (3FC1)   ;(11111111011000) (37730) (16344) (3FD8)   ;(11111111101001) (37751) (16361) (3FE9)   ;(11111111110101) (37765) (16373) (3FF5)   ;(11111111111101) (37775) (16381) (3FFD)   ;
;64;(11111111111111) (37777) (16383) (3FFF)    ;(11111111111101) (37775) (16381) (3FFD)   ;(11111111110101) (37765) (16373) (3FF5)   ;(11111111101001) (37751) (16361) (3FE9)   ;(11111111011000) (37730) (16344) (3FD8)   ;(11111111000001) (37701) (16321) (3FC1)   ;(11111110100110) (37646) (16294) (3FA6)   ;(11111110000110) (37606) (16262) (3F86)   ;
;72;(11111101100010) (37542) (16226) (3F62)    ;(11111100111000) (37470) (16184) (3F38)   ;(11111100001010) (37412) (16138) (3F0A)   ;(11111011010110) (37326) (16086) (3ED6)   ;(11111010011110) (37236) (16030) (3E9E)   ;(11111001100010) (37142) (15970) (3E62)   ;(11111000100000) (37040) (15904) (3E20)   ;(11110111011010) (36732) (15834) (3DDA)   ;
;80;(11110110001111) (36617) (15759) (3D8F)    ;(11110101000000) (36500) (15680) (3D40)   ;(11110011101101) (36355) (15597) (3CED)   ;(11110010010100) (36224) (15508) (3C94)   ;(11110000111000) (36070) (15416) (3C38)   ;(11101111010111) (35727) (15319) (3BD7)   ;(11101101110010) (35562) (15218) (3B72)   ;(11101100001000) (35410) (15112) (3B08)   ;
;88;(11101010011010) (35232) (15002) (3A9A)    ;(11101000101001) (35051) (14889) (3A29)   ;(11100110110011) (34663) (14771) (39B3)   ;(11100100111001) (34471) (14649) (3939)   ;(11100010111100) (34274) (14524) (38BC)   ;(11100000111010) (34072) (14394) (383A)   ;(11011110110101) (33665) (14261) (37B5)   ;(11011100101100) (33454) (14124) (372C)   ;
;96;(11011010100000) (33240) (13984) (36A0)    ;(11011000010000) (33020) (13840) (3610)   ;(11010101111101) (32575) (13693) (357D)   ;(11010011100110) (32346) (13542) (34E6)   ;(11010001001100) (32114) (13388) (344C)   ;(11001110101111) (31657) (13231) (33AF)   ;(11001100001111) (31417) (13071) (330F)   ;(11001001101100) (31154) (12908) (326C)   ;
;104;(11000111000110) (30706) (12742) (31C6)    ;(11000100011110) (30436) (12574) (311E)   ;(11000001110011) (30163) (12403) (3073)   ;(10111111000101) (27705) (12229) (2FC5)   ;(10111100010101) (27425) (12053) (2F15)   ;(10111001100010) (27142) (11874) (2E62)   ;(10110110101110) (26656) (11694) (2DAE)   ;(10110011110111) (26367) (11511) (2CF7)   ;
;112;(10110000111110) (26076) (11326) (2C3E)    ;(10101110000100) (25604) (11140) (2B84)   ;(10101011000111) (25307) (10951) (2AC7)   ;(10101000001001) (25011) (10761) (2A09)   ;(10100101001001) (24511) (10569) (2949)   ;(10100010001000) (24210) (10376) (2888)   ;(10011111000110) (23706) (10182) (27C6)   ;(10011100000010) (23402) (9986) (2702)   ;
;120;(10011000111110) (23076) (9790) (263E)    ;(10010101111000) (22570) (9592) (2578)   ;(10010010110001) (22261) (9393) (24B1)   ;(10001111101010) (21752) (9194) (23EA)   ;(10001100100010) (21442) (8994) (2322)   ;(10001001011010) (21132) (8794) (225A)   ;(10000110010001) (20621) (8593) (2191)   ;(10000011001001) (20311) (8393) (20C9)   ;
;128;(10000000000000) (20000) (8192) (2000)    ;(01111100110110) (17466) (7990) (1F36)   ;(01111001101110) (17156) (7790) (1E6E)   ;(01110110100101) (16645) (7589) (1DA5)   ;(01110011011101) (16335) (7389) (1CDD)   ;(01110000010101) (16025) (7189) (1C15)   ;(01101101001110) (15516) (6990) (1B4E)   ;(01101010000111) (15207) (6791) (1A87)   ;
;136;(01100111000001) (14701) (6593) (19C1)    ;(01100011111101) (14375) (6397) (18FD)   ;(01100000111001) (14071) (6201) (1839)   ;(01011101110111) (13567) (6007) (1777)   ;(01011010110110) (13266) (5814) (16B6)   ;(01010111110110) (12766) (5622) (15F6)   ;(01010100111000) (12470) (5432) (1538)   ;(01010001111011) (12173) (5243) (147B)   ;
;144;(01001111000001) (11701) (5057) (13C1)    ;(01001100001000) (11410) (4872) (1308)   ;(01001001010001) (11121) (4689) (1251)   ;(01000110011101) (10635) (4509) (119D)   ;(01000011101010) (10352) (4330) (10EA)   ;(01000000111010) (10072) (4154) (103A)   ;(00111110001100) (7614) (3980) (F8C)   ;(00111011100001) (7341) (3809) (EE1)   ;
;152;(00111000111001) (7071) (3641) (E39)    ;(00110110010011) (6623) (3475) (D93)   ;(00110011110000) (6360) (3312) (CF0)   ;(00110001010000) (6120) (3152) (C50)   ;(00101110110011) (5663) (2995) (BB3)   ;(00101100011001) (5431) (2841) (B19)   ;(00101010000010) (5202) (2690) (A82)   ;(00100111101111) (4757) (2543) (9EF)   ;
;160;(00100101011111) (4537) (2399) (95F)    ;(00100011010011) (4323) (2259) (8D3)   ;(00100001001010) (4112) (2122) (84A)   ;(00011111000101) (3705) (1989) (7C5)   ;(00011101000011) (3503) (1859) (743)   ;(00011011000110) (3306) (1734) (6C6)   ;(00011001001100) (3114) (1612) (64C)   ;(00010111010110) (2726) (1494) (5D6)   ;
;168;(00010101100101) (2545) (1381) (565)    ;(00010011110111) (2367) (1271) (4F7)   ;(00010010001101) (2215) (1165) (48D)   ;(00010000101000) (2050) (1064) (428)   ;(00001111000111) (1707) (967) (3C7)   ;(00001101101011) (1553) (875) (36B)   ;(00001100010010) (1422) (786) (312)   ;(00001010111111) (1277) (703) (2BF)   ;
;176;(00001001110000) (1160) (624) (270)    ;(00001000100101) (1045) (549) (225)   ;(00000111011111) (737) (479) (1DF)   ;(00000110011101) (635) (413) (19D)   ;(00000101100001) (541) (353) (161)   ;(00000100101001) (451) (297) (129)   ;(00000011110101) (365) (245) (F5)   ;(00000011000111) (307) (199) (C7)   ;
;184;(00000010011101) (235) (157) (9D)    ;(00000001111001) (171) (121) (79)   ;(00000001011001) (131) (89) (59)   ;(00000000111110) (76) (62) (3E)   ;(00000000100111) (47) (39) (27)   ;(00000000010110) (26) (22) (16)   ;(00000000001010) (12) (10) (0A)   ;(00000000000010) (2) (2) (02)   ;
;192;(00000000000000) (0) (0) (00)    ;(00000000000010) (2) (2) (02)   ;(00000000001010) (12) (10) (0A)   ;(00000000010110) (26) (22) (16)   ;(00000000100111) (47) (39) (27)   ;(00000000111110) (76) (62) (3E)   ;(00000001011001) (131) (89) (59)   ;(00000001111001) (171) (121) (79)   ;
;200;(00000010011101) (235) (157) (9D)    ;(00000011000111) (307) (199) (C7)   ;(00000011110101) (365) (245) (F5)   ;(00000100101001) (451) (297) (129)   ;(00000101100001) (541) (353) (161)   ;(00000110011101) (635) (413) (19D)   ;(00000111011111) (737) (479) (1DF)   ;(00001000100101) (1045) (549) (225)   ;
;208;(00001001110000) (1160) (624) (270)    ;(00001010111111) (1277) (703) (2BF)   ;(00001100010010) (1422) (786) (312)   ;(00001101101011) (1553) (875) (36B)   ;(00001111000111) (1707) (967) (3C7)   ;(00010000101000) (2050) (1064) (428)   ;(00010010001101) (2215) (1165) (48D)   ;(00010011110111) (2367) (1271) (4F7)   ;
;216;(00010101100101) (2545) (1381) (565)    ;(00010111010110) (2726) (1494) (5D6)   ;(00011001001100) (3114) (1612) (64C)   ;(00011011000110) (3306) (1734) (6C6)   ;(00011101000011) (3503) (1859) (743)   ;(00011111000101) (3705) (1989) (7C5)   ;(00100001001010) (4112) (2122) (84A)   ;(00100011010011) (4323) (2259) (8D3)   ;
;224;(00100101011111) (4537) (2399) (95F)    ;(00100111101111) (4757) (2543) (9EF)   ;(00101010000010) (5202) (2690) (A82)   ;(00101100011001) (5431) (2841) (B19)   ;(00101110110011) (5663) (2995) (BB3)   ;(00110001010000) (6120) (3152) (C50)   ;(00110011110000) (6360) (3312) (CF0)   ;(00110110010011) (6623) (3475) (D93)   ;
;232;(00111000111001) (7071) (3641) (E39)    ;(00111011100001) (7341) (3809) (EE1)   ;(00111110001100) (7614) (3980) (F8C)   ;(01000000111010) (10072) (4154) (103A)   ;(01000011101010) (10352) (4330) (10EA)   ;(01000110011101) (10635) (4509) (119D)   ;(01001001010001) (11121) (4689) (1251)   ;(01001100001000) (11410) (4872) (1308)   ;
;240;(01001111000001) (11701) (5057) (13C1)    ;(01010001111011) (12173) (5243) (147B)   ;(01010100111000) (12470) (5432) (1538)   ;(01010111110110) (12766) (5622) (15F6)   ;(01011010110110) (13266) (5814) (16B6)   ;(01011101110111) (13567) (6007) (1777)   ;(01100000111001) (14071) (6201) (1839)   ;(01100011111101) (14375) (6397) (18FD)   ;
;248;(01100111000001) (14701) (6593) (19C1)    ;(01101010000111) (15207) (6791) (1A87)   ;(01101101001110) (15516) (6990) (1B4E)   ;(01110000010101) (16025) (7189) (1C15)   ;(01110011011101) (16335) (7389) (1CDD)   ;(01110110100101) (16645) (7589) (1DA5)   ;(01111001101110) (17156) (7790) (1E6E)   ;(01111100110110) (17466) (7990) (1F36)   ;


RAM content values are presented in the following format: (Binary) (Octal) (Decimal) (Hexadecimal) 
+------------------------------------------------------------------------------------------------------------------------------------------------------------------------------------------------------------------------------------------------------------------+
; |DDS_simple|sine_14bit_256:u_rom_1k|altsyncram:altsyncram_component|altsyncram_rq91:auto_generated|ALTSYNCRAM                                                                                                                                                    ;
+------------------------------------------------------------------------------------------------------------------------------------------------------------------------------------------------------------------------------------------------------------------+
;   Addr   ;              +0              ;              +1              ;              +2              ;              +3              ;              +4              ;              +5              ;              +6              ;              +7              ;
+----------+------------------------------+------------------------------+------------------------------+------------------------------+------------------------------+------------------------------+------------------------------+------------------------------+
;0;(10000000000000) (20000) (8192) (2000)    ;(10000011001001) (20311) (8393) (20C9)   ;(10000110010001) (20621) (8593) (2191)   ;(10001001011010) (21132) (8794) (225A)   ;(10001100100010) (21442) (8994) (2322)   ;(10001111101010) (21752) (9194) (23EA)   ;(10010010110001) (22261) (9393) (24B1)   ;(10010101111000) (22570) (9592) (2578)   ;
;8;(10011000111110) (23076) (9790) (263E)    ;(10011100000010) (23402) (9986) (2702)   ;(10011111000110) (23706) (10182) (27C6)   ;(10100010001000) (24210) (10376) (2888)   ;(10100101001001) (24511) (10569) (2949)   ;(10101000001001) (25011) (10761) (2A09)   ;(10101011000111) (25307) (10951) (2AC7)   ;(10101110000100) (25604) (11140) (2B84)   ;
;16;(10110000111110) (26076) (11326) (2C3E)    ;(10110011110111) (26367) (11511) (2CF7)   ;(10110110101110) (26656) (11694) (2DAE)   ;(10111001100010) (27142) (11874) (2E62)   ;(10111100010101) (27425) (12053) (2F15)   ;(10111111000101) (27705) (12229) (2FC5)   ;(11000001110011) (30163) (12403) (3073)   ;(11000100011110) (30436) (12574) (311E)   ;
;24;(11000111000110) (30706) (12742) (31C6)    ;(11001001101100) (31154) (12908) (326C)   ;(11001100001111) (31417) (13071) (330F)   ;(11001110101111) (31657) (13231) (33AF)   ;(11010001001100) (32114) (13388) (344C)   ;(11010011100110) (32346) (13542) (34E6)   ;(11010101111101) (32575) (13693) (357D)   ;(11011000010000) (33020) (13840) (3610)   ;
;32;(11011010100000) (33240) (13984) (36A0)    ;(11011100101100) (33454) (14124) (372C)   ;(11011110110101) (33665) (14261) (37B5)   ;(11100000111010) (34072) (14394) (383A)   ;(11100010111100) (34274) (14524) (38BC)   ;(11100100111001) (34471) (14649) (3939)   ;(11100110110011) (34663) (14771) (39B3)   ;(11101000101001) (35051) (14889) (3A29)   ;
;40;(11101010011010) (35232) (15002) (3A9A)    ;(11101100001000) (35410) (15112) (3B08)   ;(11101101110010) (35562) (15218) (3B72)   ;(11101111010111) (35727) (15319) (3BD7)   ;(11110000111000) (36070) (15416) (3C38)   ;(11110010010100) (36224) (15508) (3C94)   ;(11110011101101) (36355) (15597) (3CED)   ;(11110101000000) (36500) (15680) (3D40)   ;
;48;(11110110001111) (36617) (15759) (3D8F)    ;(11110111011010) (36732) (15834) (3DDA)   ;(11111000100000) (37040) (15904) (3E20)   ;(11111001100010) (37142) (15970) (3E62)   ;(11111010011110) (37236) (16030) (3E9E)   ;(11111011010110) (37326) (16086) (3ED6)   ;(11111100001010) (37412) (16138) (3F0A)   ;(11111100111000) (37470) (16184) (3F38)   ;
;56;(11111101100010) (37542) (16226) (3F62)    ;(11111110000110) (37606) (16262) (3F86)   ;(11111110100110) (37646) (16294) (3FA6)   ;(11111111000001) (37701) (16321) (3FC1)   ;(11111111011000) (37730) (16344) (3FD8)   ;(11111111101001) (37751) (16361) (3FE9)   ;(11111111110101) (37765) (16373) (3FF5)   ;(11111111111101) (37775) (16381) (3FFD)   ;
;64;(11111111111111) (37777) (16383) (3FFF)    ;(11111111111101) (37775) (16381) (3FFD)   ;(11111111110101) (37765) (16373) (3FF5)   ;(11111111101001) (37751) (16361) (3FE9)   ;(11111111011000) (37730) (16344) (3FD8)   ;(11111111000001) (37701) (16321) (3FC1)   ;(11111110100110) (37646) (16294) (3FA6)   ;(11111110000110) (37606) (16262) (3F86)   ;
;72;(11111101100010) (37542) (16226) (3F62)    ;(11111100111000) (37470) (16184) (3F38)   ;(11111100001010) (37412) (16138) (3F0A)   ;(11111011010110) (37326) (16086) (3ED6)   ;(11111010011110) (37236) (16030) (3E9E)   ;(11111001100010) (37142) (15970) (3E62)   ;(11111000100000) (37040) (15904) (3E20)   ;(11110111011010) (36732) (15834) (3DDA)   ;
;80;(11110110001111) (36617) (15759) (3D8F)    ;(11110101000000) (36500) (15680) (3D40)   ;(11110011101101) (36355) (15597) (3CED)   ;(11110010010100) (36224) (15508) (3C94)   ;(11110000111000) (36070) (15416) (3C38)   ;(11101111010111) (35727) (15319) (3BD7)   ;(11101101110010) (35562) (15218) (3B72)   ;(11101100001000) (35410) (15112) (3B08)   ;
;88;(11101010011010) (35232) (15002) (3A9A)    ;(11101000101001) (35051) (14889) (3A29)   ;(11100110110011) (34663) (14771) (39B3)   ;(11100100111001) (34471) (14649) (3939)   ;(11100010111100) (34274) (14524) (38BC)   ;(11100000111010) (34072) (14394) (383A)   ;(11011110110101) (33665) (14261) (37B5)   ;(11011100101100) (33454) (14124) (372C)   ;
;96;(11011010100000) (33240) (13984) (36A0)    ;(11011000010000) (33020) (13840) (3610)   ;(11010101111101) (32575) (13693) (357D)   ;(11010011100110) (32346) (13542) (34E6)   ;(11010001001100) (32114) (13388) (344C)   ;(11001110101111) (31657) (13231) (33AF)   ;(11001100001111) (31417) (13071) (330F)   ;(11001001101100) (31154) (12908) (326C)   ;
;104;(11000111000110) (30706) (12742) (31C6)    ;(11000100011110) (30436) (12574) (311E)   ;(11000001110011) (30163) (12403) (3073)   ;(10111111000101) (27705) (12229) (2FC5)   ;(10111100010101) (27425) (12053) (2F15)   ;(10111001100010) (27142) (11874) (2E62)   ;(10110110101110) (26656) (11694) (2DAE)   ;(10110011110111) (26367) (11511) (2CF7)   ;
;112;(10110000111110) (26076) (11326) (2C3E)    ;(10101110000100) (25604) (11140) (2B84)   ;(10101011000111) (25307) (10951) (2AC7)   ;(10101000001001) (25011) (10761) (2A09)   ;(10100101001001) (24511) (10569) (2949)   ;(10100010001000) (24210) (10376) (2888)   ;(10011111000110) (23706) (10182) (27C6)   ;(10011100000010) (23402) (9986) (2702)   ;
;120;(10011000111110) (23076) (9790) (263E)    ;(10010101111000) (22570) (9592) (2578)   ;(10010010110001) (22261) (9393) (24B1)   ;(10001111101010) (21752) (9194) (23EA)   ;(10001100100010) (21442) (8994) (2322)   ;(10001001011010) (21132) (8794) (225A)   ;(10000110010001) (20621) (8593) (2191)   ;(10000011001001) (20311) (8393) (20C9)   ;
;128;(10000000000000) (20000) (8192) (2000)    ;(01111100110110) (17466) (7990) (1F36)   ;(01111001101110) (17156) (7790) (1E6E)   ;(01110110100101) (16645) (7589) (1DA5)   ;(01110011011101) (16335) (7389) (1CDD)   ;(01110000010101) (16025) (7189) (1C15)   ;(01101101001110) (15516) (6990) (1B4E)   ;(01101010000111) (15207) (6791) (1A87)   ;
;136;(01100111000001) (14701) (6593) (19C1)    ;(01100011111101) (14375) (6397) (18FD)   ;(01100000111001) (14071) (6201) (1839)   ;(01011101110111) (13567) (6007) (1777)   ;(01011010110110) (13266) (5814) (16B6)   ;(01010111110110) (12766) (5622) (15F6)   ;(01010100111000) (12470) (5432) (1538)   ;(01010001111011) (12173) (5243) (147B)   ;
;144;(01001111000001) (11701) (5057) (13C1)    ;(01001100001000) (11410) (4872) (1308)   ;(01001001010001) (11121) (4689) (1251)   ;(01000110011101) (10635) (4509) (119D)   ;(01000011101010) (10352) (4330) (10EA)   ;(01000000111010) (10072) (4154) (103A)   ;(00111110001100) (7614) (3980) (F8C)   ;(00111011100001) (7341) (3809) (EE1)   ;
;152;(00111000111001) (7071) (3641) (E39)    ;(00110110010011) (6623) (3475) (D93)   ;(00110011110000) (6360) (3312) (CF0)   ;(00110001010000) (6120) (3152) (C50)   ;(00101110110011) (5663) (2995) (BB3)   ;(00101100011001) (5431) (2841) (B19)   ;(00101010000010) (5202) (2690) (A82)   ;(00100111101111) (4757) (2543) (9EF)   ;
;160;(00100101011111) (4537) (2399) (95F)    ;(00100011010011) (4323) (2259) (8D3)   ;(00100001001010) (4112) (2122) (84A)   ;(00011111000101) (3705) (1989) (7C5)   ;(00011101000011) (3503) (1859) (743)   ;(00011011000110) (3306) (1734) (6C6)   ;(00011001001100) (3114) (1612) (64C)   ;(00010111010110) (2726) (1494) (5D6)   ;
;168;(00010101100101) (2545) (1381) (565)    ;(00010011110111) (2367) (1271) (4F7)   ;(00010010001101) (2215) (1165) (48D)   ;(00010000101000) (2050) (1064) (428)   ;(00001111000111) (1707) (967) (3C7)   ;(00001101101011) (1553) (875) (36B)   ;(00001100010010) (1422) (786) (312)   ;(00001010111111) (1277) (703) (2BF)   ;
;176;(00001001110000) (1160) (624) (270)    ;(00001000100101) (1045) (549) (225)   ;(00000111011111) (737) (479) (1DF)   ;(00000110011101) (635) (413) (19D)   ;(00000101100001) (541) (353) (161)   ;(00000100101001) (451) (297) (129)   ;(00000011110101) (365) (245) (F5)   ;(00000011000111) (307) (199) (C7)   ;
;184;(00000010011101) (235) (157) (9D)    ;(00000001111001) (171) (121) (79)   ;(00000001011001) (131) (89) (59)   ;(00000000111110) (76) (62) (3E)   ;(00000000100111) (47) (39) (27)   ;(00000000010110) (26) (22) (16)   ;(00000000001010) (12) (10) (0A)   ;(00000000000010) (2) (2) (02)   ;
;192;(00000000000000) (0) (0) (00)    ;(00000000000010) (2) (2) (02)   ;(00000000001010) (12) (10) (0A)   ;(00000000010110) (26) (22) (16)   ;(00000000100111) (47) (39) (27)   ;(00000000111110) (76) (62) (3E)   ;(00000001011001) (131) (89) (59)   ;(00000001111001) (171) (121) (79)   ;
;200;(00000010011101) (235) (157) (9D)    ;(00000011000111) (307) (199) (C7)   ;(00000011110101) (365) (245) (F5)   ;(00000100101001) (451) (297) (129)   ;(00000101100001) (541) (353) (161)   ;(00000110011101) (635) (413) (19D)   ;(00000111011111) (737) (479) (1DF)   ;(00001000100101) (1045) (549) (225)   ;
;208;(00001001110000) (1160) (624) (270)    ;(00001010111111) (1277) (703) (2BF)   ;(00001100010010) (1422) (786) (312)   ;(00001101101011) (1553) (875) (36B)   ;(00001111000111) (1707) (967) (3C7)   ;(00010000101000) (2050) (1064) (428)   ;(00010010001101) (2215) (1165) (48D)   ;(00010011110111) (2367) (1271) (4F7)   ;
;216;(00010101100101) (2545) (1381) (565)    ;(00010111010110) (2726) (1494) (5D6)   ;(00011001001100) (3114) (1612) (64C)   ;(00011011000110) (3306) (1734) (6C6)   ;(00011101000011) (3503) (1859) (743)   ;(00011111000101) (3705) (1989) (7C5)   ;(00100001001010) (4112) (2122) (84A)   ;(00100011010011) (4323) (2259) (8D3)   ;
;224;(00100101011111) (4537) (2399) (95F)    ;(00100111101111) (4757) (2543) (9EF)   ;(00101010000010) (5202) (2690) (A82)   ;(00101100011001) (5431) (2841) (B19)   ;(00101110110011) (5663) (2995) (BB3)   ;(00110001010000) (6120) (3152) (C50)   ;(00110011110000) (6360) (3312) (CF0)   ;(00110110010011) (6623) (3475) (D93)   ;
;232;(00111000111001) (7071) (3641) (E39)    ;(00111011100001) (7341) (3809) (EE1)   ;(00111110001100) (7614) (3980) (F8C)   ;(01000000111010) (10072) (4154) (103A)   ;(01000011101010) (10352) (4330) (10EA)   ;(01000110011101) (10635) (4509) (119D)   ;(01001001010001) (11121) (4689) (1251)   ;(01001100001000) (11410) (4872) (1308)   ;
;240;(01001111000001) (11701) (5057) (13C1)    ;(01010001111011) (12173) (5243) (147B)   ;(01010100111000) (12470) (5432) (1538)   ;(01010111110110) (12766) (5622) (15F6)   ;(01011010110110) (13266) (5814) (16B6)   ;(01011101110111) (13567) (6007) (1777)   ;(01100000111001) (14071) (6201) (1839)   ;(01100011111101) (14375) (6397) (18FD)   ;
;248;(01100111000001) (14701) (6593) (19C1)    ;(01101010000111) (15207) (6791) (1A87)   ;(01101101001110) (15516) (6990) (1B4E)   ;(01110000010101) (16025) (7189) (1C15)   ;(01110011011101) (16335) (7389) (1CDD)   ;(01110110100101) (16645) (7589) (1DA5)   ;(01111001101110) (17156) (7790) (1E6E)   ;(01111100110110) (17466) (7990) (1F36)   ;


RAM content values are presented in the following format: (Binary) (Octal) (Decimal) (Hexadecimal) 
+------------------------------------------------------------------------------------------------------------------------------------------------------------------------------------------------------------------------------------------------------------------+
; |DDS_simple|sine_14bit_256:u_rom_2k|altsyncram:altsyncram_component|altsyncram_rq91:auto_generated|ALTSYNCRAM                                                                                                                                                    ;
+------------------------------------------------------------------------------------------------------------------------------------------------------------------------------------------------------------------------------------------------------------------+
;   Addr   ;              +0              ;              +1              ;              +2              ;              +3              ;              +4              ;              +5              ;              +6              ;              +7              ;
+----------+------------------------------+------------------------------+------------------------------+------------------------------+------------------------------+------------------------------+------------------------------+------------------------------+
;0;(10000000000000) (20000) (8192) (2000)    ;(10000011001001) (20311) (8393) (20C9)   ;(10000110010001) (20621) (8593) (2191)   ;(10001001011010) (21132) (8794) (225A)   ;(10001100100010) (21442) (8994) (2322)   ;(10001111101010) (21752) (9194) (23EA)   ;(10010010110001) (22261) (9393) (24B1)   ;(10010101111000) (22570) (9592) (2578)   ;
;8;(10011000111110) (23076) (9790) (263E)    ;(10011100000010) (23402) (9986) (2702)   ;(10011111000110) (23706) (10182) (27C6)   ;(10100010001000) (24210) (10376) (2888)   ;(10100101001001) (24511) (10569) (2949)   ;(10101000001001) (25011) (10761) (2A09)   ;(10101011000111) (25307) (10951) (2AC7)   ;(10101110000100) (25604) (11140) (2B84)   ;
;16;(10110000111110) (26076) (11326) (2C3E)    ;(10110011110111) (26367) (11511) (2CF7)   ;(10110110101110) (26656) (11694) (2DAE)   ;(10111001100010) (27142) (11874) (2E62)   ;(10111100010101) (27425) (12053) (2F15)   ;(10111111000101) (27705) (12229) (2FC5)   ;(11000001110011) (30163) (12403) (3073)   ;(11000100011110) (30436) (12574) (311E)   ;
;24;(11000111000110) (30706) (12742) (31C6)    ;(11001001101100) (31154) (12908) (326C)   ;(11001100001111) (31417) (13071) (330F)   ;(11001110101111) (31657) (13231) (33AF)   ;(11010001001100) (32114) (13388) (344C)   ;(11010011100110) (32346) (13542) (34E6)   ;(11010101111101) (32575) (13693) (357D)   ;(11011000010000) (33020) (13840) (3610)   ;
;32;(11011010100000) (33240) (13984) (36A0)    ;(11011100101100) (33454) (14124) (372C)   ;(11011110110101) (33665) (14261) (37B5)   ;(11100000111010) (34072) (14394) (383A)   ;(11100010111100) (34274) (14524) (38BC)   ;(11100100111001) (34471) (14649) (3939)   ;(11100110110011) (34663) (14771) (39B3)   ;(11101000101001) (35051) (14889) (3A29)   ;
;40;(11101010011010) (35232) (15002) (3A9A)    ;(11101100001000) (35410) (15112) (3B08)   ;(11101101110010) (35562) (15218) (3B72)   ;(11101111010111) (35727) (15319) (3BD7)   ;(11110000111000) (36070) (15416) (3C38)   ;(11110010010100) (36224) (15508) (3C94)   ;(11110011101101) (36355) (15597) (3CED)   ;(11110101000000) (36500) (15680) (3D40)   ;
;48;(11110110001111) (36617) (15759) (3D8F)    ;(11110111011010) (36732) (15834) (3DDA)   ;(11111000100000) (37040) (15904) (3E20)   ;(11111001100010) (37142) (15970) (3E62)   ;(11111010011110) (37236) (16030) (3E9E)   ;(11111011010110) (37326) (16086) (3ED6)   ;(11111100001010) (37412) (16138) (3F0A)   ;(11111100111000) (37470) (16184) (3F38)   ;
;56;(11111101100010) (37542) (16226) (3F62)    ;(11111110000110) (37606) (16262) (3F86)   ;(11111110100110) (37646) (16294) (3FA6)   ;(11111111000001) (37701) (16321) (3FC1)   ;(11111111011000) (37730) (16344) (3FD8)   ;(11111111101001) (37751) (16361) (3FE9)   ;(11111111110101) (37765) (16373) (3FF5)   ;(11111111111101) (37775) (16381) (3FFD)   ;
;64;(11111111111111) (37777) (16383) (3FFF)    ;(11111111111101) (37775) (16381) (3FFD)   ;(11111111110101) (37765) (16373) (3FF5)   ;(11111111101001) (37751) (16361) (3FE9)   ;(11111111011000) (37730) (16344) (3FD8)   ;(11111111000001) (37701) (16321) (3FC1)   ;(11111110100110) (37646) (16294) (3FA6)   ;(11111110000110) (37606) (16262) (3F86)   ;
;72;(11111101100010) (37542) (16226) (3F62)    ;(11111100111000) (37470) (16184) (3F38)   ;(11111100001010) (37412) (16138) (3F0A)   ;(11111011010110) (37326) (16086) (3ED6)   ;(11111010011110) (37236) (16030) (3E9E)   ;(11111001100010) (37142) (15970) (3E62)   ;(11111000100000) (37040) (15904) (3E20)   ;(11110111011010) (36732) (15834) (3DDA)   ;
;80;(11110110001111) (36617) (15759) (3D8F)    ;(11110101000000) (36500) (15680) (3D40)   ;(11110011101101) (36355) (15597) (3CED)   ;(11110010010100) (36224) (15508) (3C94)   ;(11110000111000) (36070) (15416) (3C38)   ;(11101111010111) (35727) (15319) (3BD7)   ;(11101101110010) (35562) (15218) (3B72)   ;(11101100001000) (35410) (15112) (3B08)   ;
;88;(11101010011010) (35232) (15002) (3A9A)    ;(11101000101001) (35051) (14889) (3A29)   ;(11100110110011) (34663) (14771) (39B3)   ;(11100100111001) (34471) (14649) (3939)   ;(11100010111100) (34274) (14524) (38BC)   ;(11100000111010) (34072) (14394) (383A)   ;(11011110110101) (33665) (14261) (37B5)   ;(11011100101100) (33454) (14124) (372C)   ;
;96;(11011010100000) (33240) (13984) (36A0)    ;(11011000010000) (33020) (13840) (3610)   ;(11010101111101) (32575) (13693) (357D)   ;(11010011100110) (32346) (13542) (34E6)   ;(11010001001100) (32114) (13388) (344C)   ;(11001110101111) (31657) (13231) (33AF)   ;(11001100001111) (31417) (13071) (330F)   ;(11001001101100) (31154) (12908) (326C)   ;
;104;(11000111000110) (30706) (12742) (31C6)    ;(11000100011110) (30436) (12574) (311E)   ;(11000001110011) (30163) (12403) (3073)   ;(10111111000101) (27705) (12229) (2FC5)   ;(10111100010101) (27425) (12053) (2F15)   ;(10111001100010) (27142) (11874) (2E62)   ;(10110110101110) (26656) (11694) (2DAE)   ;(10110011110111) (26367) (11511) (2CF7)   ;
;112;(10110000111110) (26076) (11326) (2C3E)    ;(10101110000100) (25604) (11140) (2B84)   ;(10101011000111) (25307) (10951) (2AC7)   ;(10101000001001) (25011) (10761) (2A09)   ;(10100101001001) (24511) (10569) (2949)   ;(10100010001000) (24210) (10376) (2888)   ;(10011111000110) (23706) (10182) (27C6)   ;(10011100000010) (23402) (9986) (2702)   ;
;120;(10011000111110) (23076) (9790) (263E)    ;(10010101111000) (22570) (9592) (2578)   ;(10010010110001) (22261) (9393) (24B1)   ;(10001111101010) (21752) (9194) (23EA)   ;(10001100100010) (21442) (8994) (2322)   ;(10001001011010) (21132) (8794) (225A)   ;(10000110010001) (20621) (8593) (2191)   ;(10000011001001) (20311) (8393) (20C9)   ;
;128;(10000000000000) (20000) (8192) (2000)    ;(01111100110110) (17466) (7990) (1F36)   ;(01111001101110) (17156) (7790) (1E6E)   ;(01110110100101) (16645) (7589) (1DA5)   ;(01110011011101) (16335) (7389) (1CDD)   ;(01110000010101) (16025) (7189) (1C15)   ;(01101101001110) (15516) (6990) (1B4E)   ;(01101010000111) (15207) (6791) (1A87)   ;
;136;(01100111000001) (14701) (6593) (19C1)    ;(01100011111101) (14375) (6397) (18FD)   ;(01100000111001) (14071) (6201) (1839)   ;(01011101110111) (13567) (6007) (1777)   ;(01011010110110) (13266) (5814) (16B6)   ;(01010111110110) (12766) (5622) (15F6)   ;(01010100111000) (12470) (5432) (1538)   ;(01010001111011) (12173) (5243) (147B)   ;
;144;(01001111000001) (11701) (5057) (13C1)    ;(01001100001000) (11410) (4872) (1308)   ;(01001001010001) (11121) (4689) (1251)   ;(01000110011101) (10635) (4509) (119D)   ;(01000011101010) (10352) (4330) (10EA)   ;(01000000111010) (10072) (4154) (103A)   ;(00111110001100) (7614) (3980) (F8C)   ;(00111011100001) (7341) (3809) (EE1)   ;
;152;(00111000111001) (7071) (3641) (E39)    ;(00110110010011) (6623) (3475) (D93)   ;(00110011110000) (6360) (3312) (CF0)   ;(00110001010000) (6120) (3152) (C50)   ;(00101110110011) (5663) (2995) (BB3)   ;(00101100011001) (5431) (2841) (B19)   ;(00101010000010) (5202) (2690) (A82)   ;(00100111101111) (4757) (2543) (9EF)   ;
;160;(00100101011111) (4537) (2399) (95F)    ;(00100011010011) (4323) (2259) (8D3)   ;(00100001001010) (4112) (2122) (84A)   ;(00011111000101) (3705) (1989) (7C5)   ;(00011101000011) (3503) (1859) (743)   ;(00011011000110) (3306) (1734) (6C6)   ;(00011001001100) (3114) (1612) (64C)   ;(00010111010110) (2726) (1494) (5D6)   ;
;168;(00010101100101) (2545) (1381) (565)    ;(00010011110111) (2367) (1271) (4F7)   ;(00010010001101) (2215) (1165) (48D)   ;(00010000101000) (2050) (1064) (428)   ;(00001111000111) (1707) (967) (3C7)   ;(00001101101011) (1553) (875) (36B)   ;(00001100010010) (1422) (786) (312)   ;(00001010111111) (1277) (703) (2BF)   ;
;176;(00001001110000) (1160) (624) (270)    ;(00001000100101) (1045) (549) (225)   ;(00000111011111) (737) (479) (1DF)   ;(00000110011101) (635) (413) (19D)   ;(00000101100001) (541) (353) (161)   ;(00000100101001) (451) (297) (129)   ;(00000011110101) (365) (245) (F5)   ;(00000011000111) (307) (199) (C7)   ;
;184;(00000010011101) (235) (157) (9D)    ;(00000001111001) (171) (121) (79)   ;(00000001011001) (131) (89) (59)   ;(00000000111110) (76) (62) (3E)   ;(00000000100111) (47) (39) (27)   ;(00000000010110) (26) (22) (16)   ;(00000000001010) (12) (10) (0A)   ;(00000000000010) (2) (2) (02)   ;
;192;(00000000000000) (0) (0) (00)    ;(00000000000010) (2) (2) (02)   ;(00000000001010) (12) (10) (0A)   ;(00000000010110) (26) (22) (16)   ;(00000000100111) (47) (39) (27)   ;(00000000111110) (76) (62) (3E)   ;(00000001011001) (131) (89) (59)   ;(00000001111001) (171) (121) (79)   ;
;200;(00000010011101) (235) (157) (9D)    ;(00000011000111) (307) (199) (C7)   ;(00000011110101) (365) (245) (F5)   ;(00000100101001) (451) (297) (129)   ;(00000101100001) (541) (353) (161)   ;(00000110011101) (635) (413) (19D)   ;(00000111011111) (737) (479) (1DF)   ;(00001000100101) (1045) (549) (225)   ;
;208;(00001001110000) (1160) (624) (270)    ;(00001010111111) (1277) (703) (2BF)   ;(00001100010010) (1422) (786) (312)   ;(00001101101011) (1553) (875) (36B)   ;(00001111000111) (1707) (967) (3C7)   ;(00010000101000) (2050) (1064) (428)   ;(00010010001101) (2215) (1165) (48D)   ;(00010011110111) (2367) (1271) (4F7)   ;
;216;(00010101100101) (2545) (1381) (565)    ;(00010111010110) (2726) (1494) (5D6)   ;(00011001001100) (3114) (1612) (64C)   ;(00011011000110) (3306) (1734) (6C6)   ;(00011101000011) (3503) (1859) (743)   ;(00011111000101) (3705) (1989) (7C5)   ;(00100001001010) (4112) (2122) (84A)   ;(00100011010011) (4323) (2259) (8D3)   ;
;224;(00100101011111) (4537) (2399) (95F)    ;(00100111101111) (4757) (2543) (9EF)   ;(00101010000010) (5202) (2690) (A82)   ;(00101100011001) (5431) (2841) (B19)   ;(00101110110011) (5663) (2995) (BB3)   ;(00110001010000) (6120) (3152) (C50)   ;(00110011110000) (6360) (3312) (CF0)   ;(00110110010011) (6623) (3475) (D93)   ;
;232;(00111000111001) (7071) (3641) (E39)    ;(00111011100001) (7341) (3809) (EE1)   ;(00111110001100) (7614) (3980) (F8C)   ;(01000000111010) (10072) (4154) (103A)   ;(01000011101010) (10352) (4330) (10EA)   ;(01000110011101) (10635) (4509) (119D)   ;(01001001010001) (11121) (4689) (1251)   ;(01001100001000) (11410) (4872) (1308)   ;
;240;(01001111000001) (11701) (5057) (13C1)    ;(01010001111011) (12173) (5243) (147B)   ;(01010100111000) (12470) (5432) (1538)   ;(01010111110110) (12766) (5622) (15F6)   ;(01011010110110) (13266) (5814) (16B6)   ;(01011101110111) (13567) (6007) (1777)   ;(01100000111001) (14071) (6201) (1839)   ;(01100011111101) (14375) (6397) (18FD)   ;
;248;(01100111000001) (14701) (6593) (19C1)    ;(01101010000111) (15207) (6791) (1A87)   ;(01101101001110) (15516) (6990) (1B4E)   ;(01110000010101) (16025) (7189) (1C15)   ;(01110011011101) (16335) (7389) (1CDD)   ;(01110110100101) (16645) (7589) (1DA5)   ;(01111001101110) (17156) (7790) (1E6E)   ;(01111100110110) (17466) (7990) (1F36)   ;


RAM content values are presented in the following format: (Binary) (Octal) (Decimal) (Hexadecimal) 
+------------------------------------------------------------------------------------------------------------------------------------------------------------------------------------------------------------------------------------------------------------------+
; |DDS_simple|sine_14bit_256:u_rom_mod|altsyncram:altsyncram_component|altsyncram_rq91:auto_generated|ALTSYNCRAM                                                                                                                                                   ;
+------------------------------------------------------------------------------------------------------------------------------------------------------------------------------------------------------------------------------------------------------------------+
;   Addr   ;              +0              ;              +1              ;              +2              ;              +3              ;              +4              ;              +5              ;              +6              ;              +7              ;
+----------+------------------------------+------------------------------+------------------------------+------------------------------+------------------------------+------------------------------+------------------------------+------------------------------+
;0;(10000000000000) (20000) (8192) (2000)    ;(10000011001001) (20311) (8393) (20C9)   ;(10000110010001) (20621) (8593) (2191)   ;(10001001011010) (21132) (8794) (225A)   ;(10001100100010) (21442) (8994) (2322)   ;(10001111101010) (21752) (9194) (23EA)   ;(10010010110001) (22261) (9393) (24B1)   ;(10010101111000) (22570) (9592) (2578)   ;
;8;(10011000111110) (23076) (9790) (263E)    ;(10011100000010) (23402) (9986) (2702)   ;(10011111000110) (23706) (10182) (27C6)   ;(10100010001000) (24210) (10376) (2888)   ;(10100101001001) (24511) (10569) (2949)   ;(10101000001001) (25011) (10761) (2A09)   ;(10101011000111) (25307) (10951) (2AC7)   ;(10101110000100) (25604) (11140) (2B84)   ;
;16;(10110000111110) (26076) (11326) (2C3E)    ;(10110011110111) (26367) (11511) (2CF7)   ;(10110110101110) (26656) (11694) (2DAE)   ;(10111001100010) (27142) (11874) (2E62)   ;(10111100010101) (27425) (12053) (2F15)   ;(10111111000101) (27705) (12229) (2FC5)   ;(11000001110011) (30163) (12403) (3073)   ;(11000100011110) (30436) (12574) (311E)   ;
;24;(11000111000110) (30706) (12742) (31C6)    ;(11001001101100) (31154) (12908) (326C)   ;(11001100001111) (31417) (13071) (330F)   ;(11001110101111) (31657) (13231) (33AF)   ;(11010001001100) (32114) (13388) (344C)   ;(11010011100110) (32346) (13542) (34E6)   ;(11010101111101) (32575) (13693) (357D)   ;(11011000010000) (33020) (13840) (3610)   ;
;32;(11011010100000) (33240) (13984) (36A0)    ;(11011100101100) (33454) (14124) (372C)   ;(11011110110101) (33665) (14261) (37B5)   ;(11100000111010) (34072) (14394) (383A)   ;(11100010111100) (34274) (14524) (38BC)   ;(11100100111001) (34471) (14649) (3939)   ;(11100110110011) (34663) (14771) (39B3)   ;(11101000101001) (35051) (14889) (3A29)   ;
;40;(11101010011010) (35232) (15002) (3A9A)    ;(11101100001000) (35410) (15112) (3B08)   ;(11101101110010) (35562) (15218) (3B72)   ;(11101111010111) (35727) (15319) (3BD7)   ;(11110000111000) (36070) (15416) (3C38)   ;(11110010010100) (36224) (15508) (3C94)   ;(11110011101101) (36355) (15597) (3CED)   ;(11110101000000) (36500) (15680) (3D40)   ;
;48;(11110110001111) (36617) (15759) (3D8F)    ;(11110111011010) (36732) (15834) (3DDA)   ;(11111000100000) (37040) (15904) (3E20)   ;(11111001100010) (37142) (15970) (3E62)   ;(11111010011110) (37236) (16030) (3E9E)   ;(11111011010110) (37326) (16086) (3ED6)   ;(11111100001010) (37412) (16138) (3F0A)   ;(11111100111000) (37470) (16184) (3F38)   ;
;56;(11111101100010) (37542) (16226) (3F62)    ;(11111110000110) (37606) (16262) (3F86)   ;(11111110100110) (37646) (16294) (3FA6)   ;(11111111000001) (37701) (16321) (3FC1)   ;(11111111011000) (37730) (16344) (3FD8)   ;(11111111101001) (37751) (16361) (3FE9)   ;(11111111110101) (37765) (16373) (3FF5)   ;(11111111111101) (37775) (16381) (3FFD)   ;
;64;(11111111111111) (37777) (16383) (3FFF)    ;(11111111111101) (37775) (16381) (3FFD)   ;(11111111110101) (37765) (16373) (3FF5)   ;(11111111101001) (37751) (16361) (3FE9)   ;(11111111011000) (37730) (16344) (3FD8)   ;(11111111000001) (37701) (16321) (3FC1)   ;(11111110100110) (37646) (16294) (3FA6)   ;(11111110000110) (37606) (16262) (3F86)   ;
;72;(11111101100010) (37542) (16226) (3F62)    ;(11111100111000) (37470) (16184) (3F38)   ;(11111100001010) (37412) (16138) (3F0A)   ;(11111011010110) (37326) (16086) (3ED6)   ;(11111010011110) (37236) (16030) (3E9E)   ;(11111001100010) (37142) (15970) (3E62)   ;(11111000100000) (37040) (15904) (3E20)   ;(11110111011010) (36732) (15834) (3DDA)   ;
;80;(11110110001111) (36617) (15759) (3D8F)    ;(11110101000000) (36500) (15680) (3D40)   ;(11110011101101) (36355) (15597) (3CED)   ;(11110010010100) (36224) (15508) (3C94)   ;(11110000111000) (36070) (15416) (3C38)   ;(11101111010111) (35727) (15319) (3BD7)   ;(11101101110010) (35562) (15218) (3B72)   ;(11101100001000) (35410) (15112) (3B08)   ;
;88;(11101010011010) (35232) (15002) (3A9A)    ;(11101000101001) (35051) (14889) (3A29)   ;(11100110110011) (34663) (14771) (39B3)   ;(11100100111001) (34471) (14649) (3939)   ;(11100010111100) (34274) (14524) (38BC)   ;(11100000111010) (34072) (14394) (383A)   ;(11011110110101) (33665) (14261) (37B5)   ;(11011100101100) (33454) (14124) (372C)   ;
;96;(11011010100000) (33240) (13984) (36A0)    ;(11011000010000) (33020) (13840) (3610)   ;(11010101111101) (32575) (13693) (357D)   ;(11010011100110) (32346) (13542) (34E6)   ;(11010001001100) (32114) (13388) (344C)   ;(11001110101111) (31657) (13231) (33AF)   ;(11001100001111) (31417) (13071) (330F)   ;(11001001101100) (31154) (12908) (326C)   ;
;104;(11000111000110) (30706) (12742) (31C6)    ;(11000100011110) (30436) (12574) (311E)   ;(11000001110011) (30163) (12403) (3073)   ;(10111111000101) (27705) (12229) (2FC5)   ;(10111100010101) (27425) (12053) (2F15)   ;(10111001100010) (27142) (11874) (2E62)   ;(10110110101110) (26656) (11694) (2DAE)   ;(10110011110111) (26367) (11511) (2CF7)   ;
;112;(10110000111110) (26076) (11326) (2C3E)    ;(10101110000100) (25604) (11140) (2B84)   ;(10101011000111) (25307) (10951) (2AC7)   ;(10101000001001) (25011) (10761) (2A09)   ;(10100101001001) (24511) (10569) (2949)   ;(10100010001000) (24210) (10376) (2888)   ;(10011111000110) (23706) (10182) (27C6)   ;(10011100000010) (23402) (9986) (2702)   ;
;120;(10011000111110) (23076) (9790) (263E)    ;(10010101111000) (22570) (9592) (2578)   ;(10010010110001) (22261) (9393) (24B1)   ;(10001111101010) (21752) (9194) (23EA)   ;(10001100100010) (21442) (8994) (2322)   ;(10001001011010) (21132) (8794) (225A)   ;(10000110010001) (20621) (8593) (2191)   ;(10000011001001) (20311) (8393) (20C9)   ;
;128;(10000000000000) (20000) (8192) (2000)    ;(01111100110110) (17466) (7990) (1F36)   ;(01111001101110) (17156) (7790) (1E6E)   ;(01110110100101) (16645) (7589) (1DA5)   ;(01110011011101) (16335) (7389) (1CDD)   ;(01110000010101) (16025) (7189) (1C15)   ;(01101101001110) (15516) (6990) (1B4E)   ;(01101010000111) (15207) (6791) (1A87)   ;
;136;(01100111000001) (14701) (6593) (19C1)    ;(01100011111101) (14375) (6397) (18FD)   ;(01100000111001) (14071) (6201) (1839)   ;(01011101110111) (13567) (6007) (1777)   ;(01011010110110) (13266) (5814) (16B6)   ;(01010111110110) (12766) (5622) (15F6)   ;(01010100111000) (12470) (5432) (1538)   ;(01010001111011) (12173) (5243) (147B)   ;
;144;(01001111000001) (11701) (5057) (13C1)    ;(01001100001000) (11410) (4872) (1308)   ;(01001001010001) (11121) (4689) (1251)   ;(01000110011101) (10635) (4509) (119D)   ;(01000011101010) (10352) (4330) (10EA)   ;(01000000111010) (10072) (4154) (103A)   ;(00111110001100) (7614) (3980) (F8C)   ;(00111011100001) (7341) (3809) (EE1)   ;
;152;(00111000111001) (7071) (3641) (E39)    ;(00110110010011) (6623) (3475) (D93)   ;(00110011110000) (6360) (3312) (CF0)   ;(00110001010000) (6120) (3152) (C50)   ;(00101110110011) (5663) (2995) (BB3)   ;(00101100011001) (5431) (2841) (B19)   ;(00101010000010) (5202) (2690) (A82)   ;(00100111101111) (4757) (2543) (9EF)   ;
;160;(00100101011111) (4537) (2399) (95F)    ;(00100011010011) (4323) (2259) (8D3)   ;(00100001001010) (4112) (2122) (84A)   ;(00011111000101) (3705) (1989) (7C5)   ;(00011101000011) (3503) (1859) (743)   ;(00011011000110) (3306) (1734) (6C6)   ;(00011001001100) (3114) (1612) (64C)   ;(00010111010110) (2726) (1494) (5D6)   ;
;168;(00010101100101) (2545) (1381) (565)    ;(00010011110111) (2367) (1271) (4F7)   ;(00010010001101) (2215) (1165) (48D)   ;(00010000101000) (2050) (1064) (428)   ;(00001111000111) (1707) (967) (3C7)   ;(00001101101011) (1553) (875) (36B)   ;(00001100010010) (1422) (786) (312)   ;(00001010111111) (1277) (703) (2BF)   ;
;176;(00001001110000) (1160) (624) (270)    ;(00001000100101) (1045) (549) (225)   ;(00000111011111) (737) (479) (1DF)   ;(00000110011101) (635) (413) (19D)   ;(00000101100001) (541) (353) (161)   ;(00000100101001) (451) (297) (129)   ;(00000011110101) (365) (245) (F5)   ;(00000011000111) (307) (199) (C7)   ;
;184;(00000010011101) (235) (157) (9D)    ;(00000001111001) (171) (121) (79)   ;(00000001011001) (131) (89) (59)   ;(00000000111110) (76) (62) (3E)   ;(00000000100111) (47) (39) (27)   ;(00000000010110) (26) (22) (16)   ;(00000000001010) (12) (10) (0A)   ;(00000000000010) (2) (2) (02)   ;
;192;(00000000000000) (0) (0) (00)    ;(00000000000010) (2) (2) (02)   ;(00000000001010) (12) (10) (0A)   ;(00000000010110) (26) (22) (16)   ;(00000000100111) (47) (39) (27)   ;(00000000111110) (76) (62) (3E)   ;(00000001011001) (131) (89) (59)   ;(00000001111001) (171) (121) (79)   ;
;200;(00000010011101) (235) (157) (9D)    ;(00000011000111) (307) (199) (C7)   ;(00000011110101) (365) (245) (F5)   ;(00000100101001) (451) (297) (129)   ;(00000101100001) (541) (353) (161)   ;(00000110011101) (635) (413) (19D)   ;(00000111011111) (737) (479) (1DF)   ;(00001000100101) (1045) (549) (225)   ;
;208;(00001001110000) (1160) (624) (270)    ;(00001010111111) (1277) (703) (2BF)   ;(00001100010010) (1422) (786) (312)   ;(00001101101011) (1553) (875) (36B)   ;(00001111000111) (1707) (967) (3C7)   ;(00010000101000) (2050) (1064) (428)   ;(00010010001101) (2215) (1165) (48D)   ;(00010011110111) (2367) (1271) (4F7)   ;
;216;(00010101100101) (2545) (1381) (565)    ;(00010111010110) (2726) (1494) (5D6)   ;(00011001001100) (3114) (1612) (64C)   ;(00011011000110) (3306) (1734) (6C6)   ;(00011101000011) (3503) (1859) (743)   ;(00011111000101) (3705) (1989) (7C5)   ;(00100001001010) (4112) (2122) (84A)   ;(00100011010011) (4323) (2259) (8D3)   ;
;224;(00100101011111) (4537) (2399) (95F)    ;(00100111101111) (4757) (2543) (9EF)   ;(00101010000010) (5202) (2690) (A82)   ;(00101100011001) (5431) (2841) (B19)   ;(00101110110011) (5663) (2995) (BB3)   ;(00110001010000) (6120) (3152) (C50)   ;(00110011110000) (6360) (3312) (CF0)   ;(00110110010011) (6623) (3475) (D93)   ;
;232;(00111000111001) (7071) (3641) (E39)    ;(00111011100001) (7341) (3809) (EE1)   ;(00111110001100) (7614) (3980) (F8C)   ;(01000000111010) (10072) (4154) (103A)   ;(01000011101010) (10352) (4330) (10EA)   ;(01000110011101) (10635) (4509) (119D)   ;(01001001010001) (11121) (4689) (1251)   ;(01001100001000) (11410) (4872) (1308)   ;
;240;(01001111000001) (11701) (5057) (13C1)    ;(01010001111011) (12173) (5243) (147B)   ;(01010100111000) (12470) (5432) (1538)   ;(01010111110110) (12766) (5622) (15F6)   ;(01011010110110) (13266) (5814) (16B6)   ;(01011101110111) (13567) (6007) (1777)   ;(01100000111001) (14071) (6201) (1839)   ;(01100011111101) (14375) (6397) (18FD)   ;
;248;(01100111000001) (14701) (6593) (19C1)    ;(01101010000111) (15207) (6791) (1A87)   ;(01101101001110) (15516) (6990) (1B4E)   ;(01110000010101) (16025) (7189) (1C15)   ;(01110011011101) (16335) (7389) (1CDD)   ;(01110110100101) (16645) (7589) (1DA5)   ;(01111001101110) (17156) (7790) (1E6E)   ;(01111100110110) (17466) (7990) (1F36)   ;


+-----------------------------------------------------------------------------------------------+
; Fitter DSP Block Usage Summary                                                                ;
+---------------------------------------+-------------+---------------------+-------------------+
; Statistic                             ; Number Used ; Available per Block ; Maximum Available ;
+---------------------------------------+-------------+---------------------+-------------------+
; Simple Multipliers (9-bit)            ; 0           ; 2                   ; 30                ;
; Simple Multipliers (18-bit)           ; 12          ; 1                   ; 15                ;
; Embedded Multiplier Blocks            ; 12          ; --                  ; 15                ;
; Embedded Multiplier 9-bit elements    ; 24          ; 2                   ; 30                ;
; Signed Embedded Multipliers           ; 5           ; --                  ; --                ;
; Unsigned Embedded Multipliers         ; 4           ; --                  ; --                ;
; Mixed Sign Embedded Multipliers       ; 3           ; --                  ; --                ;
; Variable Sign Embedded Multipliers    ; 0           ; --                  ; --                ;
; Dedicated Input Shift Register Chains ; 0           ; --                  ; --                ;
+---------------------------------------+-------------+---------------------+-------------------+


+--------------------------------------------------------------------------------------------------------------------------------------------------------------------------------------------------------------------------------------------------------------------------------------+
; DSP Block Details                                                                                                                                                                                                                                                                    ;
+---------------------------------------------------------------------------------------+----------------------------+--------------------+---------------------+--------------------------------+-----------------------+-----------------------+-------------------+-----------------+
; Name                                                                                  ; Mode                       ; Location           ; Sign Representation ; Has Input Shift Register Chain ; Data A Input Register ; Data B Input Register ; Pipeline Register ; Output Register ;
+---------------------------------------------------------------------------------------+----------------------------+--------------------+---------------------+--------------------------------+-----------------------+-----------------------+-------------------+-----------------+
; lpm_mult:Mult6|mult_76t:auto_generated|mac_out2                                       ; Simple Multiplier (18-bit) ; DSPOUT_X20_Y2_N2   ;                     ; No                             ;                       ;                       ;                   ; no              ;
;    lpm_mult:Mult6|mult_76t:auto_generated|mac_mult1                                   ;                            ; DSPMULT_X20_Y2_N0  ; Signed              ;                                ; no                    ; no                    ; no                ;                 ;
; lpm_mult:Mult3|mult_58t:auto_generated|mac_out4                                       ; Simple Multiplier (18-bit) ; DSPOUT_X20_Y9_N2   ;                     ; No                             ;                       ;                       ;                   ; no              ;
;    lpm_mult:Mult3|mult_58t:auto_generated|mac_mult3                                   ;                            ; DSPMULT_X20_Y9_N0  ; Signed              ;                                ; no                    ; no                    ; no                ;                 ;
; lpm_mult:Mult3|mult_58t:auto_generated|w254w[0]                                       ; Simple Multiplier (18-bit) ; DSPOUT_X20_Y11_N2  ;                     ; No                             ;                       ;                       ;                   ; no              ;
;    lpm_mult:Mult3|mult_58t:auto_generated|mac_mult1                                   ;                            ; DSPMULT_X20_Y11_N0 ; Mixed               ;                                ; no                    ; no                    ; no                ;                 ;
; lpm_mult:Mult1|mult_fft:auto_generated|mac_out4                                       ; Simple Multiplier (18-bit) ; DSPOUT_X20_Y7_N2   ;                     ; No                             ;                       ;                       ;                   ; no              ;
;    lpm_mult:Mult1|mult_fft:auto_generated|mac_mult3                                   ;                            ; DSPMULT_X20_Y7_N0  ; Unsigned            ;                                ; yes                   ; no                    ; no                ;                 ;
; lpm_mult:Mult1|mult_fft:auto_generated|w187w[0]                                       ; Simple Multiplier (18-bit) ; DSPOUT_X20_Y8_N2   ;                     ; No                             ;                       ;                       ;                   ; no              ;
;    lpm_mult:Mult1|mult_fft:auto_generated|mac_mult1                                   ;                            ; DSPMULT_X20_Y8_N0  ; Unsigned            ;                                ; yes                   ; no                    ; no                ;                 ;
; lpm_mult:Mult5|mult_k9t:auto_generated|w197w[0]                                       ; Simple Multiplier (18-bit) ; DSPOUT_X20_Y1_N2   ;                     ; No                             ;                       ;                       ;                   ; no              ;
;    lpm_mult:Mult5|mult_k9t:auto_generated|mac_mult1                                   ;                            ; DSPMULT_X20_Y1_N0  ; Mixed               ;                                ; no                    ; no                    ; no                ;                 ;
; lpm_mult:Mult5|mult_k9t:auto_generated|mac_out4                                       ; Simple Multiplier (18-bit) ; DSPOUT_X20_Y3_N2   ;                     ; No                             ;                       ;                       ;                   ; no              ;
;    lpm_mult:Mult5|mult_k9t:auto_generated|mac_mult3                                   ;                            ; DSPMULT_X20_Y3_N0  ; Signed              ;                                ; no                    ; no                    ; no                ;                 ;
; dds_freq_ctrlword:u_freq_ctrlword|lpm_mult:Mult0|mult_fft:auto_generated|mac_out4     ; Simple Multiplier (18-bit) ; DSPOUT_X20_Y13_N2  ;                     ; No                             ;                       ;                       ;                   ; no              ;
;    dds_freq_ctrlword:u_freq_ctrlword|lpm_mult:Mult0|mult_fft:auto_generated|mac_mult3 ;                            ; DSPMULT_X20_Y13_N0 ; Unsigned            ;                                ; no                    ; no                    ; no                ;                 ;
; dds_freq_ctrlword:u_freq_ctrlword|lpm_mult:Mult0|mult_fft:auto_generated|w187w[0]     ; Simple Multiplier (18-bit) ; DSPOUT_X20_Y15_N2  ;                     ; No                             ;                       ;                       ;                   ; no              ;
;    dds_freq_ctrlword:u_freq_ctrlword|lpm_mult:Mult0|mult_fft:auto_generated|mac_mult1 ;                            ; DSPMULT_X20_Y15_N0 ; Unsigned            ;                                ; no                    ; no                    ; no                ;                 ;
; lpm_mult:Mult2|mult_66t:auto_generated|mac_out4                                       ; Simple Multiplier (18-bit) ; DSPOUT_X20_Y4_N2   ;                     ; No                             ;                       ;                       ;                   ; no              ;
;    lpm_mult:Mult2|mult_66t:auto_generated|mac_mult3                                   ;                            ; DSPMULT_X20_Y4_N0  ; Signed              ;                                ; no                    ; no                    ; no                ;                 ;
; lpm_mult:Mult2|mult_66t:auto_generated|w299w[0]                                       ; Simple Multiplier (18-bit) ; DSPOUT_X20_Y6_N2   ;                     ; No                             ;                       ;                       ;                   ; no              ;
;    lpm_mult:Mult2|mult_66t:auto_generated|mac_mult1                                   ;                            ; DSPMULT_X20_Y6_N0  ; Mixed               ;                                ; no                    ; no                    ; no                ;                 ;
; lpm_mult:Mult4|mult_k4t:auto_generated|mac_out2                                       ; Simple Multiplier (18-bit) ; DSPOUT_X20_Y5_N2   ;                     ; No                             ;                       ;                       ;                   ; no              ;
;    lpm_mult:Mult4|mult_k4t:auto_generated|mac_mult1                                   ;                            ; DSPMULT_X20_Y5_N0  ; Signed              ;                                ; no                    ; no                    ; no                ;                 ;
+---------------------------------------------------------------------------------------+----------------------------+--------------------+---------------------+--------------------------------+-----------------------+-----------------------+-------------------+-----------------+


+-------------------------------------------------+
; Routing Usage Summary                           ;
+-----------------------+-------------------------+
; Routing Resource Type ; Usage                   ;
+-----------------------+-------------------------+
; Block interconnects   ; 4,599 / 32,401 ( 14 % ) ;
; C16 interconnects     ; 21 / 1,326 ( 2 % )      ;
; C4 interconnects      ; 2,245 / 21,816 ( 10 % ) ;
; Direct links          ; 1,050 / 32,401 ( 3 % )  ;
; Global clocks         ; 2 / 10 ( 20 % )         ;
; Local interconnects   ; 1,651 / 10,320 ( 16 % ) ;
; R24 interconnects     ; 33 / 1,289 ( 3 % )      ;
; R4 interconnects      ; 2,436 / 28,186 ( 9 % )  ;
+-----------------------+-------------------------+


+-----------------------------------------------------------------------------+
; LAB Logic Elements                                                          ;
+---------------------------------------------+-------------------------------+
; Number of Logic Elements  (Average = 13.26) ; Number of LABs  (Total = 275) ;
+---------------------------------------------+-------------------------------+
; 1                                           ; 8                             ;
; 2                                           ; 10                            ;
; 3                                           ; 6                             ;
; 4                                           ; 4                             ;
; 5                                           ; 4                             ;
; 6                                           ; 6                             ;
; 7                                           ; 2                             ;
; 8                                           ; 5                             ;
; 9                                           ; 3                             ;
; 10                                          ; 1                             ;
; 11                                          ; 5                             ;
; 12                                          ; 11                            ;
; 13                                          ; 17                            ;
; 14                                          ; 18                            ;
; 15                                          ; 23                            ;
; 16                                          ; 152                           ;
+---------------------------------------------+-------------------------------+


+--------------------------------------------------------------------+
; LAB-wide Signals                                                   ;
+------------------------------------+-------------------------------+
; LAB-wide Signals  (Average = 0.85) ; Number of LABs  (Total = 275) ;
+------------------------------------+-------------------------------+
; 1 Async. clear                     ; 73                            ;
; 1 Clock                            ; 87                            ;
; 1 Clock enable                     ; 30                            ;
; 1 Sync. clear                      ; 7                             ;
; 1 Sync. load                       ; 17                            ;
; 2 Clock enables                    ; 21                            ;
+------------------------------------+-------------------------------+


+------------------------------------------------------------------------------+
; LAB Signals Sourced                                                          ;
+----------------------------------------------+-------------------------------+
; Number of Signals Sourced  (Average = 14.63) ; Number of LABs  (Total = 275) ;
+----------------------------------------------+-------------------------------+
; 0                                            ; 3                             ;
; 1                                            ; 8                             ;
; 2                                            ; 11                            ;
; 3                                            ; 9                             ;
; 4                                            ; 4                             ;
; 5                                            ; 4                             ;
; 6                                            ; 7                             ;
; 7                                            ; 1                             ;
; 8                                            ; 1                             ;
; 9                                            ; 4                             ;
; 10                                           ; 2                             ;
; 11                                           ; 9                             ;
; 12                                           ; 15                            ;
; 13                                           ; 10                            ;
; 14                                           ; 27                            ;
; 15                                           ; 72                            ;
; 16                                           ; 27                            ;
; 17                                           ; 5                             ;
; 18                                           ; 5                             ;
; 19                                           ; 4                             ;
; 20                                           ; 2                             ;
; 21                                           ; 3                             ;
; 22                                           ; 4                             ;
; 23                                           ; 3                             ;
; 24                                           ; 6                             ;
; 25                                           ; 2                             ;
; 26                                           ; 2                             ;
; 27                                           ; 1                             ;
; 28                                           ; 5                             ;
; 29                                           ; 2                             ;
; 30                                           ; 3                             ;
; 31                                           ; 1                             ;
; 32                                           ; 13                            ;
+----------------------------------------------+-------------------------------+


+---------------------------------------------------------------------------------+
; LAB Signals Sourced Out                                                         ;
+-------------------------------------------------+-------------------------------+
; Number of Signals Sourced Out  (Average = 8.86) ; Number of LABs  (Total = 275) ;
+-------------------------------------------------+-------------------------------+
; 0                                               ; 6                             ;
; 1                                               ; 20                            ;
; 2                                               ; 15                            ;
; 3                                               ; 8                             ;
; 4                                               ; 6                             ;
; 5                                               ; 11                            ;
; 6                                               ; 10                            ;
; 7                                               ; 30                            ;
; 8                                               ; 33                            ;
; 9                                               ; 23                            ;
; 10                                              ; 12                            ;
; 11                                              ; 17                            ;
; 12                                              ; 18                            ;
; 13                                              ; 19                            ;
; 14                                              ; 18                            ;
; 15                                              ; 5                             ;
; 16                                              ; 18                            ;
; 17                                              ; 0                             ;
; 18                                              ; 1                             ;
; 19                                              ; 0                             ;
; 20                                              ; 0                             ;
; 21                                              ; 1                             ;
; 22                                              ; 0                             ;
; 23                                              ; 0                             ;
; 24                                              ; 0                             ;
; 25                                              ; 0                             ;
; 26                                              ; 0                             ;
; 27                                              ; 0                             ;
; 28                                              ; 1                             ;
; 29                                              ; 1                             ;
; 30                                              ; 0                             ;
; 31                                              ; 2                             ;
+-------------------------------------------------+-------------------------------+


+------------------------------------------------------------------------------+
; LAB Distinct Inputs                                                          ;
+----------------------------------------------+-------------------------------+
; Number of Distinct Inputs  (Average = 14.91) ; Number of LABs  (Total = 275) ;
+----------------------------------------------+-------------------------------+
; 0                                            ; 0                             ;
; 1                                            ; 1                             ;
; 2                                            ; 4                             ;
; 3                                            ; 15                            ;
; 4                                            ; 12                            ;
; 5                                            ; 5                             ;
; 6                                            ; 7                             ;
; 7                                            ; 5                             ;
; 8                                            ; 14                            ;
; 9                                            ; 8                             ;
; 10                                           ; 11                            ;
; 11                                           ; 15                            ;
; 12                                           ; 21                            ;
; 13                                           ; 6                             ;
; 14                                           ; 16                            ;
; 15                                           ; 9                             ;
; 16                                           ; 12                            ;
; 17                                           ; 12                            ;
; 18                                           ; 20                            ;
; 19                                           ; 14                            ;
; 20                                           ; 9                             ;
; 21                                           ; 9                             ;
; 22                                           ; 15                            ;
; 23                                           ; 2                             ;
; 24                                           ; 3                             ;
; 25                                           ; 2                             ;
; 26                                           ; 1                             ;
; 27                                           ; 6                             ;
; 28                                           ; 2                             ;
; 29                                           ; 4                             ;
; 30                                           ; 1                             ;
; 31                                           ; 1                             ;
; 32                                           ; 6                             ;
; 33                                           ; 2                             ;
; 34                                           ; 0                             ;
; 35                                           ; 2                             ;
; 36                                           ; 2                             ;
; 37                                           ; 1                             ;
+----------------------------------------------+-------------------------------+


+------------------------------------------+
; I/O Rules Summary                        ;
+----------------------------------+-------+
; I/O Rules Statistic              ; Total ;
+----------------------------------+-------+
; Total I/O Rules                  ; 30    ;
; Number of I/O Rules Passed       ; 12    ;
; Number of I/O Rules Failed       ; 0     ;
; Number of I/O Rules Unchecked    ; 0     ;
; Number of I/O Rules Inapplicable ; 18    ;
+----------------------------------+-------+


+-----------------------------------------------------------------------------------------------------------------------------------------------------------------------------------------------------------------------------------------------------------------------------------------------------+
; I/O Rules Details                                                                                                                                                                                                                                                                                   ;
+--------------+-----------+-----------------------------------+------------------------------------------------------------------------------------------------------+----------+--------------------------------------------------------------------------+---------------------+-------------------+
; Status       ; ID        ; Category                          ; Rule Description                                                                                     ; Severity ; Information                                                              ; Area                ; Extra Information ;
+--------------+-----------+-----------------------------------+------------------------------------------------------------------------------------------------------+----------+--------------------------------------------------------------------------+---------------------+-------------------+
; Pass         ; IO_000001 ; Capacity Checks                   ; Number of pins in an I/O bank should not exceed the number of locations available.                   ; Critical ; 0 such failures found.                                                   ; I/O                 ;                   ;
; Inapplicable ; IO_000002 ; Capacity Checks                   ; Number of clocks in an I/O bank should not exceed the number of clocks available.                    ; Critical ; No Global Signal assignments found.                                      ; I/O                 ;                   ;
; Pass         ; IO_000003 ; Capacity Checks                   ; Number of pins in a Vrefgroup should not exceed the number of locations available.                   ; Critical ; 0 such failures found.                                                   ; I/O                 ;                   ;
; Inapplicable ; IO_000004 ; Voltage Compatibility Checks      ; The I/O bank should support the requested VCCIO.                                                     ; Critical ; No IOBANK_VCCIO assignments found.                                       ; I/O                 ;                   ;
; Inapplicable ; IO_000005 ; Voltage Compatibility Checks      ; The I/O bank should not have competing VREF values.                                                  ; Critical ; No VREF I/O Standard assignments found.                                  ; I/O                 ;                   ;
; Pass         ; IO_000006 ; Voltage Compatibility Checks      ; The I/O bank should not have competing VCCIO values.                                                 ; Critical ; 0 such failures found.                                                   ; I/O                 ;                   ;
; Pass         ; IO_000007 ; Valid Location Checks             ; Checks for unavailable locations.                                                                    ; Critical ; 0 such failures found.                                                   ; I/O                 ;                   ;
; Inapplicable ; IO_000008 ; Valid Location Checks             ; Checks for reserved locations.                                                                       ; Critical ; No reserved LogicLock region found.                                      ; I/O                 ;                   ;
; Pass         ; IO_000009 ; I/O Properties Checks for One I/O ; The location should support the requested I/O standard.                                              ; Critical ; 0 such failures found.                                                   ; I/O                 ;                   ;
; Pass         ; IO_000010 ; I/O Properties Checks for One I/O ; The location should support the requested I/O direction.                                             ; Critical ; 0 such failures found.                                                   ; I/O                 ;                   ;
; Inapplicable ; IO_000011 ; I/O Properties Checks for One I/O ; The location should support the requested Current Strength.                                          ; Critical ; No Current Strength assignments found.                                   ; I/O                 ;                   ;
; Pass         ; IO_000012 ; I/O Properties Checks for One I/O ; The location should support the requested On Chip Termination value.                                 ; Critical ; 0 such failures found.                                                   ; I/O                 ;                   ;
; Inapplicable ; IO_000013 ; I/O Properties Checks for One I/O ; The location should support the requested Bus Hold value.                                            ; Critical ; No Enable Bus-Hold Circuitry assignments found.                          ; I/O                 ;                   ;
; Inapplicable ; IO_000014 ; I/O Properties Checks for One I/O ; The location should support the requested Weak Pull Up value.                                        ; Critical ; No Weak Pull-Up Resistor assignments found.                              ; I/O                 ;                   ;
; Pass         ; IO_000015 ; I/O Properties Checks for One I/O ; The location should support the requested PCI Clamp Diode.                                           ; Critical ; 0 such failures found.                                                   ; I/O                 ;                   ;
; Inapplicable ; IO_000018 ; I/O Properties Checks for One I/O ; The I/O standard should support the requested Current Strength.                                      ; Critical ; No Current Strength assignments found.                                   ; I/O                 ;                   ;
; Pass         ; IO_000019 ; I/O Properties Checks for One I/O ; The I/O standard should support the requested On Chip Termination value.                             ; Critical ; 0 such failures found.                                                   ; I/O                 ;                   ;
; Pass         ; IO_000020 ; I/O Properties Checks for One I/O ; The I/O standard should support the requested PCI Clamp Diode.                                       ; Critical ; 0 such failures found.                                                   ; I/O                 ;                   ;
; Inapplicable ; IO_000021 ; I/O Properties Checks for One I/O ; The I/O standard should support the requested Weak Pull Up value.                                    ; Critical ; No Weak Pull-Up Resistor assignments found.                              ; I/O                 ;                   ;
; Inapplicable ; IO_000022 ; I/O Properties Checks for One I/O ; The I/O standard should support the requested Bus Hold value.                                        ; Critical ; No Enable Bus-Hold Circuitry assignments found.                          ; I/O                 ;                   ;
; Inapplicable ; IO_000023 ; I/O Properties Checks for One I/O ; The I/O standard should support the Open Drain value.                                                ; Critical ; No open drain assignments found.                                         ; I/O                 ;                   ;
; Pass         ; IO_000024 ; I/O Properties Checks for One I/O ; The I/O direction should support the On Chip Termination value.                                      ; Critical ; 0 such failures found.                                                   ; I/O                 ;                   ;
; Inapplicable ; IO_000026 ; I/O Properties Checks for One I/O ; On Chip Termination and Current Strength should not be used at the same time.                        ; Critical ; No Current Strength assignments found.                                   ; I/O                 ;                   ;
; Inapplicable ; IO_000027 ; I/O Properties Checks for One I/O ; Weak Pull Up and Bus Hold should not be used at the same time.                                       ; Critical ; No Enable Bus-Hold Circuitry or Weak Pull-Up Resistor assignments found. ; I/O                 ;                   ;
; Inapplicable ; IO_000045 ; I/O Properties Checks for One I/O ; The I/O standard should support the requested Slew Rate value.                                       ; Critical ; No Slew Rate assignments found.                                          ; I/O                 ;                   ;
; Inapplicable ; IO_000046 ; I/O Properties Checks for One I/O ; The location should support the requested Slew Rate value.                                           ; Critical ; No Slew Rate assignments found.                                          ; I/O                 ;                   ;
; Inapplicable ; IO_000047 ; I/O Properties Checks for One I/O ; On Chip Termination and Slew Rate should not be used at the same time.                               ; Critical ; No Slew Rate assignments found.                                          ; I/O                 ;                   ;
; Pass         ; IO_000033 ; Electromigration Checks           ; Current density for consecutive I/Os should not exceed 240mA for row I/Os and 240mA for column I/Os. ; Critical ; 0 such failures found.                                                   ; I/O                 ;                   ;
; Inapplicable ; IO_000034 ; SI Related Distance Checks        ; Single-ended outputs should be 5 LAB row(s) away from a differential I/O.                            ; High     ; No Differential I/O Standard assignments found.                          ; I/O                 ;                   ;
; Inapplicable ; IO_000042 ; SI Related SSO Limit Checks       ; No more than 20 outputs are allowed in a VREF group when VREF is being read from.                    ; High     ; No VREF I/O Standard assignments found.                                  ; I/O                 ;                   ;
; ----         ; ----      ; Disclaimer                        ; OCT rules are checked but not reported.                                                              ; None     ; ----                                                                     ; On Chip Termination ;                   ;
+--------------+-----------+-----------------------------------+------------------------------------------------------------------------------------------------------+----------+--------------------------------------------------------------------------+---------------------+-------------------+


+-----------------------------------------------------------------------------------------------------------------------------------------------------------------------------------------------------------------------------------------------------------------------------------------------------------------------------------------------------------------------------------------------------------------------------------------------------------------+
; I/O Rules Matrix                                                                                                                                                                                                                                                                                                                                                                                                                                                ;
+--------------------+-----------+--------------+-----------+--------------+--------------+-----------+-----------+--------------+-----------+-----------+--------------+--------------+--------------+--------------+--------------+--------------+--------------+--------------+--------------+--------------+--------------+--------------+--------------+--------------+--------------+--------------+--------------+-----------+--------------+--------------+
; Pin/Rules          ; IO_000001 ; IO_000002    ; IO_000003 ; IO_000004    ; IO_000005    ; IO_000006 ; IO_000007 ; IO_000008    ; IO_000009 ; IO_000010 ; IO_000011    ; IO_000012    ; IO_000013    ; IO_000014    ; IO_000015    ; IO_000018    ; IO_000019    ; IO_000020    ; IO_000021    ; IO_000022    ; IO_000023    ; IO_000024    ; IO_000026    ; IO_000027    ; IO_000045    ; IO_000046    ; IO_000047    ; IO_000033 ; IO_000034    ; IO_000042    ;
+--------------------+-----------+--------------+-----------+--------------+--------------+-----------+-----------+--------------+-----------+-----------+--------------+--------------+--------------+--------------+--------------+--------------+--------------+--------------+--------------+--------------+--------------+--------------+--------------+--------------+--------------+--------------+--------------+-----------+--------------+--------------+
; Total Pass         ; 41        ; 0            ; 41        ; 0            ; 0            ; 41        ; 41        ; 0            ; 41        ; 41        ; 0            ; 33           ; 0            ; 0            ; 8            ; 0            ; 33           ; 8            ; 0            ; 0            ; 0            ; 33           ; 0            ; 0            ; 0            ; 0            ; 0            ; 41        ; 0            ; 0            ;
; Total Unchecked    ; 0         ; 0            ; 0         ; 0            ; 0            ; 0         ; 0         ; 0            ; 0         ; 0         ; 0            ; 0            ; 0            ; 0            ; 0            ; 0            ; 0            ; 0            ; 0            ; 0            ; 0            ; 0            ; 0            ; 0            ; 0            ; 0            ; 0            ; 0         ; 0            ; 0            ;
; Total Inapplicable ; 0         ; 41           ; 0         ; 41           ; 41           ; 0         ; 0         ; 41           ; 0         ; 0         ; 41           ; 8            ; 41           ; 41           ; 33           ; 41           ; 8            ; 33           ; 41           ; 41           ; 41           ; 8            ; 41           ; 41           ; 41           ; 41           ; 41           ; 0         ; 41           ; 41           ;
; Total Fail         ; 0         ; 0            ; 0         ; 0            ; 0            ; 0         ; 0         ; 0            ; 0         ; 0         ; 0            ; 0            ; 0            ; 0            ; 0            ; 0            ; 0            ; 0            ; 0            ; 0            ; 0            ; 0            ; 0            ; 0            ; 0            ; 0            ; 0            ; 0         ; 0            ; 0            ;
; led                ; Pass      ; Inapplicable ; Pass      ; Inapplicable ; Inapplicable ; Pass      ; Pass      ; Inapplicable ; Pass      ; Pass      ; Inapplicable ; Pass         ; Inapplicable ; Inapplicable ; Inapplicable ; Inapplicable ; Pass         ; Inapplicable ; Inapplicable ; Inapplicable ; Inapplicable ; Pass         ; Inapplicable ; Inapplicable ; Inapplicable ; Inapplicable ; Inapplicable ; Pass      ; Inapplicable ; Inapplicable ;
; sine_out[0]        ; Pass      ; Inapplicable ; Pass      ; Inapplicable ; Inapplicable ; Pass      ; Pass      ; Inapplicable ; Pass      ; Pass      ; Inapplicable ; Pass         ; Inapplicable ; Inapplicable ; Inapplicable ; Inapplicable ; Pass         ; Inapplicable ; Inapplicable ; Inapplicable ; Inapplicable ; Pass         ; Inapplicable ; Inapplicable ; Inapplicable ; Inapplicable ; Inapplicable ; Pass      ; Inapplicable ; Inapplicable ;
; sine_out[1]        ; Pass      ; Inapplicable ; Pass      ; Inapplicable ; Inapplicable ; Pass      ; Pass      ; Inapplicable ; Pass      ; Pass      ; Inapplicable ; Pass         ; Inapplicable ; Inapplicable ; Inapplicable ; Inapplicable ; Pass         ; Inapplicable ; Inapplicable ; Inapplicable ; Inapplicable ; Pass         ; Inapplicable ; Inapplicable ; Inapplicable ; Inapplicable ; Inapplicable ; Pass      ; Inapplicable ; Inapplicable ;
; sine_out[2]        ; Pass      ; Inapplicable ; Pass      ; Inapplicable ; Inapplicable ; Pass      ; Pass      ; Inapplicable ; Pass      ; Pass      ; Inapplicable ; Pass         ; Inapplicable ; Inapplicable ; Inapplicable ; Inapplicable ; Pass         ; Inapplicable ; Inapplicable ; Inapplicable ; Inapplicable ; Pass         ; Inapplicable ; Inapplicable ; Inapplicable ; Inapplicable ; Inapplicable ; Pass      ; Inapplicable ; Inapplicable ;
; sine_out[3]        ; Pass      ; Inapplicable ; Pass      ; Inapplicable ; Inapplicable ; Pass      ; Pass      ; Inapplicable ; Pass      ; Pass      ; Inapplicable ; Pass         ; Inapplicable ; Inapplicable ; Inapplicable ; Inapplicable ; Pass         ; Inapplicable ; Inapplicable ; Inapplicable ; Inapplicable ; Pass         ; Inapplicable ; Inapplicable ; Inapplicable ; Inapplicable ; Inapplicable ; Pass      ; Inapplicable ; Inapplicable ;
; sine_out[4]        ; Pass      ; Inapplicable ; Pass      ; Inapplicable ; Inapplicable ; Pass      ; Pass      ; Inapplicable ; Pass      ; Pass      ; Inapplicable ; Pass         ; Inapplicable ; Inapplicable ; Inapplicable ; Inapplicable ; Pass         ; Inapplicable ; Inapplicable ; Inapplicable ; Inapplicable ; Pass         ; Inapplicable ; Inapplicable ; Inapplicable ; Inapplicable ; Inapplicable ; Pass      ; Inapplicable ; Inapplicable ;
; sine_out[5]        ; Pass      ; Inapplicable ; Pass      ; Inapplicable ; Inapplicable ; Pass      ; Pass      ; Inapplicable ; Pass      ; Pass      ; Inapplicable ; Pass         ; Inapplicable ; Inapplicable ; Inapplicable ; Inapplicable ; Pass         ; Inapplicable ; Inapplicable ; Inapplicable ; Inapplicable ; Pass         ; Inapplicable ; Inapplicable ; Inapplicable ; Inapplicable ; Inapplicable ; Pass      ; Inapplicable ; Inapplicable ;
; sine_out[6]        ; Pass      ; Inapplicable ; Pass      ; Inapplicable ; Inapplicable ; Pass      ; Pass      ; Inapplicable ; Pass      ; Pass      ; Inapplicable ; Pass         ; Inapplicable ; Inapplicable ; Inapplicable ; Inapplicable ; Pass         ; Inapplicable ; Inapplicable ; Inapplicable ; Inapplicable ; Pass         ; Inapplicable ; Inapplicable ; Inapplicable ; Inapplicable ; Inapplicable ; Pass      ; Inapplicable ; Inapplicable ;
; sine_out[7]        ; Pass      ; Inapplicable ; Pass      ; Inapplicable ; Inapplicable ; Pass      ; Pass      ; Inapplicable ; Pass      ; Pass      ; Inapplicable ; Pass         ; Inapplicable ; Inapplicable ; Inapplicable ; Inapplicable ; Pass         ; Inapplicable ; Inapplicable ; Inapplicable ; Inapplicable ; Pass         ; Inapplicable ; Inapplicable ; Inapplicable ; Inapplicable ; Inapplicable ; Pass      ; Inapplicable ; Inapplicable ;
; sine_out[8]        ; Pass      ; Inapplicable ; Pass      ; Inapplicable ; Inapplicable ; Pass      ; Pass      ; Inapplicable ; Pass      ; Pass      ; Inapplicable ; Pass         ; Inapplicable ; Inapplicable ; Inapplicable ; Inapplicable ; Pass         ; Inapplicable ; Inapplicable ; Inapplicable ; Inapplicable ; Pass         ; Inapplicable ; Inapplicable ; Inapplicable ; Inapplicable ; Inapplicable ; Pass      ; Inapplicable ; Inapplicable ;
; sine_out[9]        ; Pass      ; Inapplicable ; Pass      ; Inapplicable ; Inapplicable ; Pass      ; Pass      ; Inapplicable ; Pass      ; Pass      ; Inapplicable ; Pass         ; Inapplicable ; Inapplicable ; Inapplicable ; Inapplicable ; Pass         ; Inapplicable ; Inapplicable ; Inapplicable ; Inapplicable ; Pass         ; Inapplicable ; Inapplicable ; Inapplicable ; Inapplicable ; Inapplicable ; Pass      ; Inapplicable ; Inapplicable ;
; sine_out[10]       ; Pass      ; Inapplicable ; Pass      ; Inapplicable ; Inapplicable ; Pass      ; Pass      ; Inapplicable ; Pass      ; Pass      ; Inapplicable ; Pass         ; Inapplicable ; Inapplicable ; Inapplicable ; Inapplicable ; Pass         ; Inapplicable ; Inapplicable ; Inapplicable ; Inapplicable ; Pass         ; Inapplicable ; Inapplicable ; Inapplicable ; Inapplicable ; Inapplicable ; Pass      ; Inapplicable ; Inapplicable ;
; sine_out[11]       ; Pass      ; Inapplicable ; Pass      ; Inapplicable ; Inapplicable ; Pass      ; Pass      ; Inapplicable ; Pass      ; Pass      ; Inapplicable ; Pass         ; Inapplicable ; Inapplicable ; Inapplicable ; Inapplicable ; Pass         ; Inapplicable ; Inapplicable ; Inapplicable ; Inapplicable ; Pass         ; Inapplicable ; Inapplicable ; Inapplicable ; Inapplicable ; Inapplicable ; Pass      ; Inapplicable ; Inapplicable ;
; sine_out[12]       ; Pass      ; Inapplicable ; Pass      ; Inapplicable ; Inapplicable ; Pass      ; Pass      ; Inapplicable ; Pass      ; Pass      ; Inapplicable ; Pass         ; Inapplicable ; Inapplicable ; Inapplicable ; Inapplicable ; Pass         ; Inapplicable ; Inapplicable ; Inapplicable ; Inapplicable ; Pass         ; Inapplicable ; Inapplicable ; Inapplicable ; Inapplicable ; Inapplicable ; Pass      ; Inapplicable ; Inapplicable ;
; sine_out[13]       ; Pass      ; Inapplicable ; Pass      ; Inapplicable ; Inapplicable ; Pass      ; Pass      ; Inapplicable ; Pass      ; Pass      ; Inapplicable ; Pass         ; Inapplicable ; Inapplicable ; Inapplicable ; Inapplicable ; Pass         ; Inapplicable ; Inapplicable ; Inapplicable ; Inapplicable ; Pass         ; Inapplicable ; Inapplicable ; Inapplicable ; Inapplicable ; Inapplicable ; Pass      ; Inapplicable ; Inapplicable ;
; baseband_out       ; Pass      ; Inapplicable ; Pass      ; Inapplicable ; Inapplicable ; Pass      ; Pass      ; Inapplicable ; Pass      ; Pass      ; Inapplicable ; Pass         ; Inapplicable ; Inapplicable ; Inapplicable ; Inapplicable ; Pass         ; Inapplicable ; Inapplicable ; Inapplicable ; Inapplicable ; Pass         ; Inapplicable ; Inapplicable ; Inapplicable ; Inapplicable ; Inapplicable ; Pass      ; Inapplicable ; Inapplicable ;
; seg[0]             ; Pass      ; Inapplicable ; Pass      ; Inapplicable ; Inapplicable ; Pass      ; Pass      ; Inapplicable ; Pass      ; Pass      ; Inapplicable ; Pass         ; Inapplicable ; Inapplicable ; Inapplicable ; Inapplicable ; Pass         ; Inapplicable ; Inapplicable ; Inapplicable ; Inapplicable ; Pass         ; Inapplicable ; Inapplicable ; Inapplicable ; Inapplicable ; Inapplicable ; Pass      ; Inapplicable ; Inapplicable ;
; seg[1]             ; Pass      ; Inapplicable ; Pass      ; Inapplicable ; Inapplicable ; Pass      ; Pass      ; Inapplicable ; Pass      ; Pass      ; Inapplicable ; Pass         ; Inapplicable ; Inapplicable ; Inapplicable ; Inapplicable ; Pass         ; Inapplicable ; Inapplicable ; Inapplicable ; Inapplicable ; Pass         ; Inapplicable ; Inapplicable ; Inapplicable ; Inapplicable ; Inapplicable ; Pass      ; Inapplicable ; Inapplicable ;
; seg[2]             ; Pass      ; Inapplicable ; Pass      ; Inapplicable ; Inapplicable ; Pass      ; Pass      ; Inapplicable ; Pass      ; Pass      ; Inapplicable ; Pass         ; Inapplicable ; Inapplicable ; Inapplicable ; Inapplicable ; Pass         ; Inapplicable ; Inapplicable ; Inapplicable ; Inapplicable ; Pass         ; Inapplicable ; Inapplicable ; Inapplicable ; Inapplicable ; Inapplicable ; Pass      ; Inapplicable ; Inapplicable ;
; seg[3]             ; Pass      ; Inapplicable ; Pass      ; Inapplicable ; Inapplicable ; Pass      ; Pass      ; Inapplicable ; Pass      ; Pass      ; Inapplicable ; Pass         ; Inapplicable ; Inapplicable ; Inapplicable ; Inapplicable ; Pass         ; Inapplicable ; Inapplicable ; Inapplicable ; Inapplicable ; Pass         ; Inapplicable ; Inapplicable ; Inapplicable ; Inapplicable ; Inapplicable ; Pass      ; Inapplicable ; Inapplicable ;
; seg[4]             ; Pass      ; Inapplicable ; Pass      ; Inapplicable ; Inapplicable ; Pass      ; Pass      ; Inapplicable ; Pass      ; Pass      ; Inapplicable ; Pass         ; Inapplicable ; Inapplicable ; Inapplicable ; Inapplicable ; Pass         ; Inapplicable ; Inapplicable ; Inapplicable ; Inapplicable ; Pass         ; Inapplicable ; Inapplicable ; Inapplicable ; Inapplicable ; Inapplicable ; Pass      ; Inapplicable ; Inapplicable ;
; seg[5]             ; Pass      ; Inapplicable ; Pass      ; Inapplicable ; Inapplicable ; Pass      ; Pass      ; Inapplicable ; Pass      ; Pass      ; Inapplicable ; Pass         ; Inapplicable ; Inapplicable ; Inapplicable ; Inapplicable ; Pass         ; Inapplicable ; Inapplicable ; Inapplicable ; Inapplicable ; Pass         ; Inapplicable ; Inapplicable ; Inapplicable ; Inapplicable ; Inapplicable ; Pass      ; Inapplicable ; Inapplicable ;
; seg[6]             ; Pass      ; Inapplicable ; Pass      ; Inapplicable ; Inapplicable ; Pass      ; Pass      ; Inapplicable ; Pass      ; Pass      ; Inapplicable ; Pass         ; Inapplicable ; Inapplicable ; Inapplicable ; Inapplicable ; Pass         ; Inapplicable ; Inapplicable ; Inapplicable ; Inapplicable ; Pass         ; Inapplicable ; Inapplicable ; Inapplicable ; Inapplicable ; Inapplicable ; Pass      ; Inapplicable ; Inapplicable ;
; seg[7]             ; Pass      ; Inapplicable ; Pass      ; Inapplicable ; Inapplicable ; Pass      ; Pass      ; Inapplicable ; Pass      ; Pass      ; Inapplicable ; Pass         ; Inapplicable ; Inapplicable ; Inapplicable ; Inapplicable ; Pass         ; Inapplicable ; Inapplicable ; Inapplicable ; Inapplicable ; Pass         ; Inapplicable ; Inapplicable ; Inapplicable ; Inapplicable ; Inapplicable ; Pass      ; Inapplicable ; Inapplicable ;
; sel[0]             ; Pass      ; Inapplicable ; Pass      ; Inapplicable ; Inapplicable ; Pass      ; Pass      ; Inapplicable ; Pass      ; Pass      ; Inapplicable ; Pass         ; Inapplicable ; Inapplicable ; Inapplicable ; Inapplicable ; Pass         ; Inapplicable ; Inapplicable ; Inapplicable ; Inapplicable ; Pass         ; Inapplicable ; Inapplicable ; Inapplicable ; Inapplicable ; Inapplicable ; Pass      ; Inapplicable ; Inapplicable ;
; sel[1]             ; Pass      ; Inapplicable ; Pass      ; Inapplicable ; Inapplicable ; Pass      ; Pass      ; Inapplicable ; Pass      ; Pass      ; Inapplicable ; Pass         ; Inapplicable ; Inapplicable ; Inapplicable ; Inapplicable ; Pass         ; Inapplicable ; Inapplicable ; Inapplicable ; Inapplicable ; Pass         ; Inapplicable ; Inapplicable ; Inapplicable ; Inapplicable ; Inapplicable ; Pass      ; Inapplicable ; Inapplicable ;
; sel[2]             ; Pass      ; Inapplicable ; Pass      ; Inapplicable ; Inapplicable ; Pass      ; Pass      ; Inapplicable ; Pass      ; Pass      ; Inapplicable ; Pass         ; Inapplicable ; Inapplicable ; Inapplicable ; Inapplicable ; Pass         ; Inapplicable ; Inapplicable ; Inapplicable ; Inapplicable ; Pass         ; Inapplicable ; Inapplicable ; Inapplicable ; Inapplicable ; Inapplicable ; Pass      ; Inapplicable ; Inapplicable ;
; sel[3]             ; Pass      ; Inapplicable ; Pass      ; Inapplicable ; Inapplicable ; Pass      ; Pass      ; Inapplicable ; Pass      ; Pass      ; Inapplicable ; Pass         ; Inapplicable ; Inapplicable ; Inapplicable ; Inapplicable ; Pass         ; Inapplicable ; Inapplicable ; Inapplicable ; Inapplicable ; Pass         ; Inapplicable ; Inapplicable ; Inapplicable ; Inapplicable ; Inapplicable ; Pass      ; Inapplicable ; Inapplicable ;
; sel[4]             ; Pass      ; Inapplicable ; Pass      ; Inapplicable ; Inapplicable ; Pass      ; Pass      ; Inapplicable ; Pass      ; Pass      ; Inapplicable ; Pass         ; Inapplicable ; Inapplicable ; Inapplicable ; Inapplicable ; Pass         ; Inapplicable ; Inapplicable ; Inapplicable ; Inapplicable ; Pass         ; Inapplicable ; Inapplicable ; Inapplicable ; Inapplicable ; Inapplicable ; Pass      ; Inapplicable ; Inapplicable ;
; sel[5]             ; Pass      ; Inapplicable ; Pass      ; Inapplicable ; Inapplicable ; Pass      ; Pass      ; Inapplicable ; Pass      ; Pass      ; Inapplicable ; Pass         ; Inapplicable ; Inapplicable ; Inapplicable ; Inapplicable ; Pass         ; Inapplicable ; Inapplicable ; Inapplicable ; Inapplicable ; Pass         ; Inapplicable ; Inapplicable ; Inapplicable ; Inapplicable ; Inapplicable ; Pass      ; Inapplicable ; Inapplicable ;
; out_dacclk         ; Pass      ; Inapplicable ; Pass      ; Inapplicable ; Inapplicable ; Pass      ; Pass      ; Inapplicable ; Pass      ; Pass      ; Inapplicable ; Pass         ; Inapplicable ; Inapplicable ; Inapplicable ; Inapplicable ; Pass         ; Inapplicable ; Inapplicable ; Inapplicable ; Inapplicable ; Pass         ; Inapplicable ; Inapplicable ; Inapplicable ; Inapplicable ; Inapplicable ; Pass      ; Inapplicable ; Inapplicable ;
; locked             ; Pass      ; Inapplicable ; Pass      ; Inapplicable ; Inapplicable ; Pass      ; Pass      ; Inapplicable ; Pass      ; Pass      ; Inapplicable ; Pass         ; Inapplicable ; Inapplicable ; Inapplicable ; Inapplicable ; Pass         ; Inapplicable ; Inapplicable ; Inapplicable ; Inapplicable ; Pass         ; Inapplicable ; Inapplicable ; Inapplicable ; Inapplicable ; Inapplicable ; Pass      ; Inapplicable ; Inapplicable ;
; pwm_out            ; Pass      ; Inapplicable ; Pass      ; Inapplicable ; Inapplicable ; Pass      ; Pass      ; Inapplicable ; Pass      ; Pass      ; Inapplicable ; Pass         ; Inapplicable ; Inapplicable ; Inapplicable ; Inapplicable ; Pass         ; Inapplicable ; Inapplicable ; Inapplicable ; Inapplicable ; Pass         ; Inapplicable ; Inapplicable ; Inapplicable ; Inapplicable ; Inapplicable ; Pass      ; Inapplicable ; Inapplicable ;
; sw_ask             ; Pass      ; Inapplicable ; Pass      ; Inapplicable ; Inapplicable ; Pass      ; Pass      ; Inapplicable ; Pass      ; Pass      ; Inapplicable ; Inapplicable ; Inapplicable ; Inapplicable ; Pass         ; Inapplicable ; Inapplicable ; Pass         ; Inapplicable ; Inapplicable ; Inapplicable ; Inapplicable ; Inapplicable ; Inapplicable ; Inapplicable ; Inapplicable ; Inapplicable ; Pass      ; Inapplicable ; Inapplicable ;
; sw_psk             ; Pass      ; Inapplicable ; Pass      ; Inapplicable ; Inapplicable ; Pass      ; Pass      ; Inapplicable ; Pass      ; Pass      ; Inapplicable ; Inapplicable ; Inapplicable ; Inapplicable ; Pass         ; Inapplicable ; Inapplicable ; Pass         ; Inapplicable ; Inapplicable ; Inapplicable ; Inapplicable ; Inapplicable ; Inapplicable ; Inapplicable ; Inapplicable ; Inapplicable ; Pass      ; Inapplicable ; Inapplicable ;
; sw_change_a        ; Pass      ; Inapplicable ; Pass      ; Inapplicable ; Inapplicable ; Pass      ; Pass      ; Inapplicable ; Pass      ; Pass      ; Inapplicable ; Inapplicable ; Inapplicable ; Inapplicable ; Pass         ; Inapplicable ; Inapplicable ; Pass         ; Inapplicable ; Inapplicable ; Inapplicable ; Inapplicable ; Inapplicable ; Inapplicable ; Inapplicable ; Inapplicable ; Inapplicable ; Pass      ; Inapplicable ; Inapplicable ;
; switch             ; Pass      ; Inapplicable ; Pass      ; Inapplicable ; Inapplicable ; Pass      ; Pass      ; Inapplicable ; Pass      ; Pass      ; Inapplicable ; Inapplicable ; Inapplicable ; Inapplicable ; Pass         ; Inapplicable ; Inapplicable ; Pass         ; Inapplicable ; Inapplicable ; Inapplicable ; Inapplicable ; Inapplicable ; Inapplicable ; Inapplicable ; Inapplicable ; Inapplicable ; Pass      ; Inapplicable ; Inapplicable ;
; sw_liss            ; Pass      ; Inapplicable ; Pass      ; Inapplicable ; Inapplicable ; Pass      ; Pass      ; Inapplicable ; Pass      ; Pass      ; Inapplicable ; Inapplicable ; Inapplicable ; Inapplicable ; Pass         ; Inapplicable ; Inapplicable ; Pass         ; Inapplicable ; Inapplicable ; Inapplicable ; Inapplicable ; Inapplicable ; Inapplicable ; Inapplicable ; Inapplicable ; Inapplicable ; Pass      ; Inapplicable ; Inapplicable ;
; clk                ; Pass      ; Inapplicable ; Pass      ; Inapplicable ; Inapplicable ; Pass      ; Pass      ; Inapplicable ; Pass      ; Pass      ; Inapplicable ; Inapplicable ; Inapplicable ; Inapplicable ; Pass         ; Inapplicable ; Inapplicable ; Pass         ; Inapplicable ; Inapplicable ; Inapplicable ; Inapplicable ; Inapplicable ; Inapplicable ; Inapplicable ; Inapplicable ; Inapplicable ; Pass      ; Inapplicable ; Inapplicable ;
; rst_n              ; Pass      ; Inapplicable ; Pass      ; Inapplicable ; Inapplicable ; Pass      ; Pass      ; Inapplicable ; Pass      ; Pass      ; Inapplicable ; Inapplicable ; Inapplicable ; Inapplicable ; Pass         ; Inapplicable ; Inapplicable ; Pass         ; Inapplicable ; Inapplicable ; Inapplicable ; Inapplicable ; Inapplicable ; Inapplicable ; Inapplicable ; Inapplicable ; Inapplicable ; Pass      ; Inapplicable ; Inapplicable ;
; uart_rx            ; Pass      ; Inapplicable ; Pass      ; Inapplicable ; Inapplicable ; Pass      ; Pass      ; Inapplicable ; Pass      ; Pass      ; Inapplicable ; Inapplicable ; Inapplicable ; Inapplicable ; Pass         ; Inapplicable ; Inapplicable ; Pass         ; Inapplicable ; Inapplicable ; Inapplicable ; Inapplicable ; Inapplicable ; Inapplicable ; Inapplicable ; Inapplicable ; Inapplicable ; Pass      ; Inapplicable ; Inapplicable ;
+--------------------+-----------+--------------+-----------+--------------+--------------+-----------+-----------+--------------+-----------+-----------+--------------+--------------+--------------+--------------+--------------+--------------+--------------+--------------+--------------+--------------+--------------+--------------+--------------+--------------+--------------+--------------+--------------+-----------+--------------+--------------+


+---------------------------------------------------------------------------------------------+
; Fitter Device Options                                                                       ;
+------------------------------------------------------------------+--------------------------+
; Option                                                           ; Setting                  ;
+------------------------------------------------------------------+--------------------------+
; Enable user-supplied start-up clock (CLKUSR)                     ; Off                      ;
; Enable device-wide reset (DEV_CLRn)                              ; Off                      ;
; Enable device-wide output enable (DEV_OE)                        ; Off                      ;
; Enable INIT_DONE output                                          ; Off                      ;
; Configuration scheme                                             ; Active Serial            ;
; Error detection CRC                                              ; Off                      ;
; Enable open drain on CRC_ERROR pin                               ; Off                      ;
; Enable input tri-state on active configuration pins in user mode ; Off                      ;
; Configuration Voltage Level                                      ; Auto                     ;
; Force Configuration Voltage Level                                ; Off                      ;
; nCEO                                                             ; As output driving ground ;
; Data[0]                                                          ; As input tri-stated      ;
; Data[1]/ASDO                                                     ; As input tri-stated      ;
; Data[7..2]                                                       ; Unreserved               ;
; FLASH_nCE/nCSO                                                   ; As input tri-stated      ;
; Other Active Parallel pins                                       ; Unreserved               ;
; DCLK                                                             ; As output driving ground ;
+------------------------------------------------------------------+--------------------------+


+------------------------------------+
; Operating Settings and Conditions  ;
+---------------------------+--------+
; Setting                   ; Value  ;
+---------------------------+--------+
; Nominal Core Voltage      ; 1.20 V ;
; Low Junction Temperature  ; 0 °C   ;
; High Junction Temperature ; 85 °C  ;
+---------------------------+--------+


+------------------------------------------------------------+
; Estimated Delay Added for Hold Timing Summary              ;
+-----------------+----------------------+-------------------+
; Source Clock(s) ; Destination Clock(s) ; Delay Added in ns ;
+-----------------+----------------------+-------------------+
Note: For more information on problematic transfers, consider running the Fitter again with the Optimize hold timing option (Settings Menu) turned off.
This will disable optimization of problematic paths and expose them for further analysis using the Timing Analyzer.


+----------------------------------------------------------------------------------------------------------------------------------------------------------------------+
; Estimated Delay Added for Hold Timing Details                                                                                                                        ;
+-----------------------+--------------------------------------------------------------------------------------------------------------------------+-------------------+
; Source Register       ; Destination Register                                                                                                     ; Delay Added in ns ;
+-----------------------+--------------------------------------------------------------------------------------------------------------------------+-------------------+
; digital_mod_phase[27] ; sine_14bit_256:u_rom_ask|altsyncram:altsyncram_component|altsyncram_rq91:auto_generated|ram_block1a0~porta_address_reg0  ; 0.058             ;
; digital_mod_phase[28] ; sine_14bit_256:u_rom_ask|altsyncram:altsyncram_component|altsyncram_rq91:auto_generated|ram_block1a0~porta_address_reg0  ; 0.056             ;
; digital_mod_phase[26] ; sine_14bit_256:u_rom_ask|altsyncram:altsyncram_component|altsyncram_rq91:auto_generated|ram_block1a0~porta_address_reg0  ; 0.053             ;
; digital_mod_phase[25] ; sine_14bit_256:u_rom_ask|altsyncram:altsyncram_component|altsyncram_rq91:auto_generated|ram_block1a0~porta_address_reg0  ; 0.053             ;
; digital_mod_phase[29] ; sine_14bit_256:u_rom_ask|altsyncram:altsyncram_component|altsyncram_rq91:auto_generated|ram_block1a0~porta_address_reg0  ; 0.051             ;
; mod_phase[25]         ; sine_14bit_256:u_rom_mod|altsyncram:altsyncram_component|altsyncram_rq91:auto_generated|ram_block1a13~porta_address_reg0 ; 0.047             ;
; mod_phase[26]         ; sine_14bit_256:u_rom_mod|altsyncram:altsyncram_component|altsyncram_rq91:auto_generated|ram_block1a13~porta_address_reg0 ; 0.046             ;
; mod_phase[30]         ; sine_14bit_256:u_rom_mod|altsyncram:altsyncram_component|altsyncram_rq91:auto_generated|ram_block1a13~porta_address_reg0 ; 0.044             ;
; mod_phase[27]         ; sine_14bit_256:u_rom_mod|altsyncram:altsyncram_component|altsyncram_rq91:auto_generated|ram_block1a13~porta_address_reg0 ; 0.041             ;
; mod_phase[28]         ; sine_14bit_256:u_rom_mod|altsyncram:altsyncram_component|altsyncram_rq91:auto_generated|ram_block1a13~porta_address_reg0 ; 0.040             ;
; digital_mod_phase[30] ; sine_14bit_256:u_rom_ask|altsyncram:altsyncram_component|altsyncram_rq91:auto_generated|ram_block1a0~porta_address_reg0  ; 0.039             ;
; digital_mod_phase[31] ; sine_14bit_256:u_rom_ask|altsyncram:altsyncram_component|altsyncram_rq91:auto_generated|ram_block1a0~porta_address_reg0  ; 0.039             ;
; mod_phase[31]         ; sine_14bit_256:u_rom_mod|altsyncram:altsyncram_component|altsyncram_rq91:auto_generated|ram_block1a13~porta_address_reg0 ; 0.038             ;
+-----------------------+--------------------------------------------------------------------------------------------------------------------------+-------------------+
Note: This table only shows the top 13 path(s) that have the largest delay added for hold.


+-----------------+
; Fitter Messages ;
+-----------------+
Warning (18236): Number of processors has not been specified which may cause overloading on shared machines.  Set the global assignment NUM_PARALLEL_PROCESSORS in your QSF to an appropriate value for best performance.
Info (20030): Parallel compilation is enabled and will use 16 of the 16 processors detected
Info (119006): Selected device EP4CE6F17C8 for design "DDS_simple"
Info (21077): Low junction temperature is 0 degrees C
Info (21077): High junction temperature is 85 degrees C
Info (15535): Implemented PLL "dac904_pll:u_pll|altpll:altpll_component|dac904_pll_altpll:auto_generated|pll1" as Cyclone IV E PLL type File: C:/Users/HUAWEI/Desktop/DDS-main/DDS-main/DDS_FPGA/db/dac904_pll_altpll.v Line: 50
    Info (15099): Implementing clock multiplication of 4, clock division of 1, and phase shift of 0 degrees (0 ps) for dac904_pll:u_pll|altpll:altpll_component|dac904_pll_altpll:auto_generated|wire_pll1_clk[0] port File: C:/Users/HUAWEI/Desktop/DDS-main/DDS-main/DDS_FPGA/db/dac904_pll_altpll.v Line: 50
Info (171003): Fitter is performing an Auto Fit compilation, which may decrease Fitter effort to reduce compilation time
Info (176444): Device migration not selected. If you intend to use device migration later, you may need to change the pin assignments as they may be incompatible with other devices
    Info (176445): Device EP4CE10F17C8 is compatible
    Info (176445): Device EP4CE15F17C8 is compatible
    Info (176445): Device EP4CE22F17C8 is compatible
Info (169124): Fitter converted 5 user pins into dedicated programming pins
    Info (169125): Pin ~ALTERA_ASDO_DATA1~ is reserved at location C1
    Info (169125): Pin ~ALTERA_FLASH_nCE_nCSO~ is reserved at location D2
    Info (169125): Pin ~ALTERA_DCLK~ is reserved at location H1
    Info (169125): Pin ~ALTERA_DATA0~ is reserved at location H2
    Info (169125): Pin ~ALTERA_nCEO~ is reserved at location F16
Warning (15714): Some pins have incomplete I/O assignments. Refer to the I/O Assignment Warnings report for details
Info (176045): Design uses memory blocks. Violating setup or hold times of memory block address registers for either read or write operations could cause memory contents to be corrupted. Make sure that all memory block address registers meet the setup and hold time requirements.
Critical Warning (176584): Output pin "out_dacclk" (external output clock of PLL "dac904_pll:u_pll|altpll:altpll_component|dac904_pll_altpll:auto_generated|pll1") uses I/O standard 2.5 V, has current strength 8mA, output load 0pF, and output clock frequency of 200 MHz, but target device can support only maximum output clock frequency of 181 MHz for this combination of I/O standard, current strength and load File: C:/Users/HUAWEI/Desktop/DDS-main/DDS-main/DDS_FPGA/DDS_simple.v Line: 639
Critical Warning (332012): Synopsys Design Constraints File file not found: 'DDS_simple.sdc'. A Synopsys Design Constraints File is required by the Timing Analyzer to get proper timing constraints. Without it, the Compiler will not properly optimize the design.
Info (332144): No user constrained generated clocks found in the design
Info (332144): No user constrained base clocks found in the design
Info (332096): The command derive_clocks did not find any clocks to derive.  No clocks were created or changed.
Info (332143): No user constrained clock uncertainty found in the design. Calling "derive_clock_uncertainty"
Info (332154): The derive_clock_uncertainty command did not apply clock uncertainty to any clock-to-clock transfers.
Info (332130): Timing requirements not specified -- quality metrics such as performance may be sacrificed to reduce compilation time.
Info (176353): Automatically promoted node clk~input (placed in PIN E1 (CLK1, DIFFCLK_0n)) File: C:/Users/HUAWEI/Desktop/DDS-main/DDS-main/DDS_FPGA/DDS_simple.v Line: 189
    Info (176355): Automatically promoted destinations to use location or clock signal Global Clock CLKCTRL_G2
Info (176353): Automatically promoted node dac904_pll:u_pll|altpll:altpll_component|dac904_pll_altpll:auto_generated|wire_pll1_clk[0] (placed in counter C0 of PLL_1) File: C:/Users/HUAWEI/Desktop/DDS-main/DDS-main/DDS_FPGA/db/dac904_pll_altpll.v Line: 92
    Info (176355): Automatically promoted destinations to use location or clock signal Global Clock CLKCTRL_G3
Info (176233): Starting register packing
Info (176235): Finished register packing
    Extra Info (176218): Packed 32 registers into blocks of type Embedded multiplier block
    Extra Info (176220): Created 32 register duplicates
Warning (15058): PLL "dac904_pll:u_pll|altpll:altpll_component|dac904_pll_altpll:auto_generated|pll1" is in normal or source synchronous mode with output clock "compensate_clock" set to clk[0] that is not fully compensated because it feeds an output pin -- only PLLs in zero delay buffer mode can fully compensate output pins File: C:/Users/HUAWEI/Desktop/DDS-main/DDS-main/DDS_FPGA/db/dac904_pll_altpll.v Line: 50
Warning (15064): PLL "dac904_pll:u_pll|altpll:altpll_component|dac904_pll_altpll:auto_generated|pll1" output port clk[0] feeds output pin "out_dacclk~output" via non-dedicated routing -- jitter performance depends on switching rate of other design elements. Use PLL dedicated clock outputs to ensure jitter performance File: C:/Users/HUAWEI/Desktop/DDS-main/DDS-main/DDS_FPGA/db/dac904_pll_altpll.v Line: 50
Info (171121): Fitter preparation operations ending: elapsed time is 00:00:01
Info (14896): Fitter has disabled Advanced Physical Optimization because it is not supported for the current family.
Info (170189): Fitter placement preparation operations beginning
Info (170190): Fitter placement preparation operations ending: elapsed time is 00:00:00
Info (170191): Fitter placement operations beginning
Info (170137): Fitter placement was successful
Info (170192): Fitter placement operations ending: elapsed time is 00:00:06
Info (170193): Fitter routing operations beginning
Info (170195): Router estimated average interconnect usage is 7% of the available device resources
    Info (170196): Router estimated peak interconnect usage is 15% of the available device resources in the region that extends from location X11_Y0 to location X22_Y11
Info (170199): The Fitter performed an Auto Fit compilation.  Optimizations were skipped to reduce compilation time.
    Info (170201): Optimizations that may affect the design's routability were skipped
Info (170194): Fitter routing operations ending: elapsed time is 00:00:02
Info (11888): Total time spent on timing analysis during the Fitter is 1.08 seconds.
Info (334003): Started post-fitting delay annotation
Info (334004): Delay annotation completed successfully
Info (334003): Started post-fitting delay annotation
Info (334004): Delay annotation completed successfully
Info (11218): Fitter post-fit operations ending: elapsed time is 00:00:01
Info (144001): Generated suppressed messages file C:/Users/HUAWEI/Desktop/DDS-main/DDS-main/DDS_FPGA/output_files/DDS_simple.fit.smsg
Info: Quartus Prime Fitter was successful. 0 errors, 6 warnings
    Info: Peak virtual memory: 6576 megabytes
    Info: Processing ended: Sat May 30 12:51:15 2026
    Info: Elapsed time: 00:00:13
    Info: Total CPU time (on all processors): 00:00:49


+----------------------------+
; Fitter Suppressed Messages ;
+----------------------------+
The suppressed messages can be found in C:/Users/HUAWEI/Desktop/DDS-main/DDS-main/DDS_FPGA/output_files/DDS_simple.fit.smsg.


