Analysis & Synthesis report for DDS_simple
Sat May 30 12:51:01 2026
Quartus Prime Version 18.1.0 Build 625 09/12/2018 SJ Standard Edition


---------------------
; Table of Contents ;
---------------------
  1. Legal Notice
  2. Analysis & Synthesis Summary
  3. Analysis & Synthesis Settings
  4. Parallel Compilation
  5. Analysis & Synthesis Source Files Read
  6. Analysis & Synthesis Resource Usage Summary
  7. Analysis & Synthesis Resource Utilization by Entity
  8. Analysis & Synthesis RAM Summary
  9. Analysis & Synthesis DSP Block Usage Summary
 10. Analysis & Synthesis IP Cores Summary
 11. State Machine - |DDS_simple|square_out_reg
 12. State Machine - |DDS_simple|square_prev
 13. State Machine - |DDS_simple|square_raw
 14. State Machine - |DDS_simple|seg_display:u_seg_display|state
 15. State Machine - |DDS_simple|MCU_uart:u_mcu_uart|state
 16. Registers Removed During Synthesis
 17. Removed Registers Triggering Further Register Optimizations
 18. General Register Statistics
 19. Inverted Register Statistics
 20. Multiplexer Restructuring Statistics (Restructuring Performed)
 21. Source assignments for sine_14bit_256:u_rom_psk|altsyncram:altsyncram_component|altsyncram_rq91:auto_generated
 22. Source assignments for sine_14bit_256:u_rom_ask|altsyncram:altsyncram_component|altsyncram_rq91:auto_generated
 23. Source assignments for sine_14bit_256:u_rom_1k|altsyncram:altsyncram_component|altsyncram_rq91:auto_generated
 24. Source assignments for sine_14bit_256:u_rom_2k|altsyncram:altsyncram_component|altsyncram_rq91:auto_generated
 25. Source assignments for sine_12bit_256:u_rom_carrier_12|altsyncram:altsyncram_component|altsyncram_nq91:auto_generated
 26. Source assignments for sine_14bit_256:u_rom_carrier_14|altsyncram:altsyncram_component|altsyncram_rq91:auto_generated
 27. Source assignments for sine_14bit_256:u_rom_mod|altsyncram:altsyncram_component|altsyncram_rq91:auto_generated
 28. Parameter Settings for User Entity Instance: Top-level Entity: |DDS_simple
 29. Parameter Settings for User Entity Instance: sine_14bit_256:u_rom_psk|altsyncram:altsyncram_component
 30. Parameter Settings for User Entity Instance: sine_14bit_256:u_rom_ask|altsyncram:altsyncram_component
 31. Parameter Settings for User Entity Instance: MCU_uart:u_mcu_uart
 32. Parameter Settings for User Entity Instance: sine_14bit_256:u_rom_1k|altsyncram:altsyncram_component
 33. Parameter Settings for User Entity Instance: sine_14bit_256:u_rom_2k|altsyncram:altsyncram_component
 34. Parameter Settings for User Entity Instance: sine_12bit_256:u_rom_carrier_12|altsyncram:altsyncram_component
 35. Parameter Settings for User Entity Instance: sine_14bit_256:u_rom_carrier_14|altsyncram:altsyncram_component
 36. Parameter Settings for User Entity Instance: sine_14bit_256:u_rom_mod|altsyncram:altsyncram_component
 37. Parameter Settings for User Entity Instance: dac904_pll:u_pll|altpll:altpll_component
 38. Parameter Settings for Inferred Entity Instance: lpm_mult:Mult0
 39. Parameter Settings for Inferred Entity Instance: lpm_divide:Div1
 40. Parameter Settings for Inferred Entity Instance: seg_display:u_seg_display|lpm_divide:Mod0
 41. Parameter Settings for Inferred Entity Instance: seg_display:u_seg_display|lpm_divide:Div0
 42. Parameter Settings for Inferred Entity Instance: seg_display:u_seg_display|lpm_divide:Mod1
 43. Parameter Settings for Inferred Entity Instance: lpm_mult:Mult4
 44. Parameter Settings for Inferred Entity Instance: lpm_mult:Mult5
 45. Parameter Settings for Inferred Entity Instance: lpm_mult:Mult6
 46. Parameter Settings for Inferred Entity Instance: lpm_mult:Mult3
 47. Parameter Settings for Inferred Entity Instance: lpm_mult:Mult1
 48. Parameter Settings for Inferred Entity Instance: seg_display:u_seg_display|lpm_divide:Div1
 49. Parameter Settings for Inferred Entity Instance: dds_freq_ctrlword:u_freq_ctrlword|lpm_mult:Mult0
 50. Parameter Settings for Inferred Entity Instance: lpm_mult:Mult2
 51. Parameter Settings for Inferred Entity Instance: lpm_divide:Div0
 52. Parameter Settings for Inferred Entity Instance: lpm_add_sub:Add15
 53. Parameter Settings for Inferred Entity Instance: lpm_mult:Mult7
 54. altsyncram Parameter Settings by Entity Instance
 55. altpll Parameter Settings by Entity Instance
 56. lpm_mult Parameter Settings by Entity Instance
 57. Port Connectivity Checks: "dac904_pll:u_pll"
 58. Port Connectivity Checks: "seg_display:u_seg_display"
 59. Post-Synthesis Netlist Statistics for Top Partition
 60. Elapsed Time Per Partition
 61. Analysis & Synthesis Messages



----------------
; Legal Notice ;
----------------
Copyright (C) 2018  Intel Corporation. All rights reserved.
Your use of Intel Corporation's design tools, logic functions 
and other software and tools, and its AMPP partner logic 
functions, and any output files from any of the foregoing 
(including device programming or simulation files), and any 
associated documentation or information are expressly subject 
to the terms and conditions of the Intel Program License 
Subscription Agreement, the Intel Quartus Prime License Agreement,
the Intel FPGA IP License Agreement, or other applicable license
agreement, including, without limitation, that your use is for
the sole purpose of programming logic devices manufactured by
Intel and sold by Intel or its authorized distributors.  Please
refer to the applicable agreement for further details.



+--------------------------------------------------------------------------------------+
; Analysis & Synthesis Summary                                                         ;
+------------------------------------+-------------------------------------------------+
; Analysis & Synthesis Status        ; Successful - Sat May 30 12:51:01 2026           ;
; Quartus Prime Version              ; 18.1.0 Build 625 09/12/2018 SJ Standard Edition ;
; Revision Name                      ; DDS_simple                                      ;
; Top-level Entity Name              ; DDS_simple                                      ;
; Family                             ; Cyclone IV E                                    ;
; Total logic elements               ; 3,758                                           ;
;     Total combinational functions  ; 3,597                                           ;
;     Dedicated logic registers      ; 671                                             ;
; Total registers                    ; 671                                             ;
; Total pins                         ; 41                                              ;
; Total virtual pins                 ; 0                                               ;
; Total memory bits                  ; 24,576                                          ;
; Embedded Multiplier 9-bit elements ; 24                                              ;
; Total PLLs                         ; 1                                               ;
+------------------------------------+-------------------------------------------------+


+------------------------------------------------------------------------------------------------------------+
; Analysis & Synthesis Settings                                                                              ;
+------------------------------------------------------------------+--------------------+--------------------+
; Option                                                           ; Setting            ; Default Value      ;
+------------------------------------------------------------------+--------------------+--------------------+
; Device                                                           ; EP4CE6F17C8        ;                    ;
; Top-level entity name                                            ; DDS_simple         ; DDS_simple         ;
; Family name                                                      ; Cyclone IV E       ; Cyclone V          ;
; Use smart compilation                                            ; Off                ; Off                ;
; Enable parallel Assembler and Timing Analyzer during compilation ; On                 ; On                 ;
; Enable compact report table                                      ; Off                ; Off                ;
; Restructure Multiplexers                                         ; Auto               ; Auto               ;
; Create Debugging Nodes for IP Cores                              ; Off                ; Off                ;
; Preserve fewer node names                                        ; On                 ; On                 ;
; Intel FPGA IP Evaluation Mode                                    ; Enable             ; Enable             ;
; Verilog Version                                                  ; Verilog_2001       ; Verilog_2001       ;
; VHDL Version                                                     ; VHDL_1993          ; VHDL_1993          ;
; State Machine Processing                                         ; Auto               ; Auto               ;
; Safe State Machine                                               ; Off                ; Off                ;
; Extract Verilog State Machines                                   ; On                 ; On                 ;
; Extract VHDL State Machines                                      ; On                 ; On                 ;
; Ignore Verilog initial constructs                                ; Off                ; Off                ;
; Iteration limit for constant Verilog loops                       ; 5000               ; 5000               ;
; Iteration limit for non-constant Verilog loops                   ; 250                ; 250                ;
; Add Pass-Through Logic to Inferred RAMs                          ; On                 ; On                 ;
; Infer RAMs from Raw Logic                                        ; On                 ; On                 ;
; Parallel Synthesis                                               ; On                 ; On                 ;
; DSP Block Balancing                                              ; Auto               ; Auto               ;
; NOT Gate Push-Back                                               ; On                 ; On                 ;
; Power-Up Don't Care                                              ; On                 ; On                 ;
; Remove Redundant Logic Cells                                     ; Off                ; Off                ;
; Remove Duplicate Registers                                       ; On                 ; On                 ;
; Ignore CARRY Buffers                                             ; Off                ; Off                ;
; Ignore CASCADE Buffers                                           ; Off                ; Off                ;
; Ignore GLOBAL Buffers                                            ; Off                ; Off                ;
; Ignore ROW GLOBAL Buffers                                        ; Off                ; Off                ;
; Ignore LCELL Buffers                                             ; Off                ; Off                ;
; Ignore SOFT Buffers                                              ; On                 ; On                 ;
; Limit AHDL Integers to 32 Bits                                   ; Off                ; Off                ;
; Optimization Technique                                           ; Balanced           ; Balanced           ;
; Carry Chain Length                                               ; 70                 ; 70                 ;
; Auto Carry Chains                                                ; On                 ; On                 ;
; Auto Open-Drain Pins                                             ; On                 ; On                 ;
; Perform WYSIWYG Primitive Resynthesis                            ; Off                ; Off                ;
; Auto ROM Replacement                                             ; On                 ; On                 ;
; Auto RAM Replacement                                             ; On                 ; On                 ;
; Auto DSP Block Replacement                                       ; On                 ; On                 ;
; Auto Shift Register Replacement                                  ; Auto               ; Auto               ;
; Allow Shift Register Merging across Hierarchies                  ; Auto               ; Auto               ;
; Auto Clock Enable Replacement                                    ; On                 ; On                 ;
; Strict RAM Replacement                                           ; Off                ; Off                ;
; Allow Synchronous Control Signals                                ; On                 ; On                 ;
; Force Use of Synchronous Clear Signals                           ; Off                ; Off                ;
; Auto RAM Block Balancing                                         ; On                 ; On                 ;
; Auto RAM to Logic Cell Conversion                                ; Off                ; Off                ;
; Auto Resource Sharing                                            ; Off                ; Off                ;
; Allow Any RAM Size For Recognition                               ; Off                ; Off                ;
; Allow Any ROM Size For Recognition                               ; Off                ; Off                ;
; Allow Any Shift Register Size For Recognition                    ; Off                ; Off                ;
; Use LogicLock Constraints during Resource Balancing              ; On                 ; On                 ;
; Ignore translate_off and synthesis_off directives                ; Off                ; Off                ;
; Timing-Driven Synthesis                                          ; On                 ; On                 ;
; Report Parameter Settings                                        ; On                 ; On                 ;
; Report Source Assignments                                        ; On                 ; On                 ;
; Report Connectivity Checks                                       ; On                 ; On                 ;
; Ignore Maximum Fan-Out Assignments                               ; Off                ; Off                ;
; Synchronization Register Chain Length                            ; 2                  ; 2                  ;
; Power Optimization During Synthesis                              ; Normal compilation ; Normal compilation ;
; HDL message level                                                ; Level2             ; Level2             ;
; Suppress Register Optimization Related Messages                  ; Off                ; Off                ;
; Number of Removed Registers Reported in Synthesis Report         ; 5000               ; 5000               ;
; Number of Swept Nodes Reported in Synthesis Report               ; 5000               ; 5000               ;
; Number of Inverted Registers Reported in Synthesis Report        ; 100                ; 100                ;
; Clock MUX Protection                                             ; On                 ; On                 ;
; Auto Gated Clock Conversion                                      ; Off                ; Off                ;
; Block Design Naming                                              ; Auto               ; Auto               ;
; SDC constraint protection                                        ; Off                ; Off                ;
; Synthesis Effort                                                 ; Auto               ; Auto               ;
; Shift Register Replacement - Allow Asynchronous Clear Signal     ; On                 ; On                 ;
; Pre-Mapping Resynthesis Optimization                             ; Off                ; Off                ;
; Analysis & Synthesis Message Level                               ; Medium             ; Medium             ;
; Disable Register Merging Across Hierarchies                      ; Auto               ; Auto               ;
; Resource Aware Inference For Block RAM                           ; On                 ; On                 ;
+------------------------------------------------------------------+--------------------+--------------------+


+------------------------------------------+
; Parallel Compilation                     ;
+----------------------------+-------------+
; Processors                 ; Number      ;
+----------------------------+-------------+
; Number detected on machine ; 22          ;
; Maximum allowed            ; 16          ;
;                            ;             ;
; Average used               ; 1.01        ;
; Maximum used               ; 16          ;
;                            ;             ;
; Usage by Processor         ; % Time Used ;
;     Processor 1            ; 100.0%      ;
;     Processor 2            ;   0.1%      ;
;     Processor 3            ;   0.1%      ;
;     Processor 4            ;   0.1%      ;
;     Processor 5            ;   0.1%      ;
;     Processor 6            ;   0.1%      ;
;     Processor 7            ;   0.1%      ;
;     Processor 8            ;   0.1%      ;
;     Processors 9-16        ;   0.0%      ;
+----------------------------+-------------+


+---------------------------------------------------------------------------------------------------------------------------------------------------------------------------------------+
; Analysis & Synthesis Source Files Read                                                                                                                                                ;
+----------------------------------+-----------------+----------------------------------------+-------------------------------------------------------------------------------+---------+
; File Name with User-Entered Path ; Used in Netlist ; File Type                              ; File Name with Absolute Path                                                  ; Library ;
+----------------------------------+-----------------+----------------------------------------+-------------------------------------------------------------------------------+---------+
; DDS_simple.v                     ; yes             ; User Verilog HDL File                  ; C:/Users/HUAWEI/Desktop/DDS-main/DDS-main/DDS_FPGA/DDS_simple.v               ;         ;
; MCU_uart.v                       ; yes             ; User Verilog HDL File                  ; C:/Users/HUAWEI/Desktop/DDS-main/DDS-main/DDS_FPGA/MCU_uart.v                 ;         ;
; sine_12bit_256.v                 ; yes             ; User Wizard-Generated File             ; C:/Users/HUAWEI/Desktop/DDS-main/DDS-main/DDS_FPGA/sine_12bit_256.v           ;         ;
; dds_freq_ctrlword.v              ; yes             ; User Verilog HDL File                  ; C:/Users/HUAWEI/Desktop/DDS-main/DDS-main/DDS_FPGA/dds_freq_ctrlword.v        ;         ;
; seg_display.v                    ; yes             ; User Verilog HDL File                  ; C:/Users/HUAWEI/Desktop/DDS-main/DDS-main/DDS_FPGA/seg_display.v              ;         ;
; dac904_pll.v                     ; yes             ; User Wizard-Generated File             ; C:/Users/HUAWEI/Desktop/DDS-main/DDS-main/DDS_FPGA/dac904_pll.v               ;         ;
; sine_14bit_256.v                 ; yes             ; User Wizard-Generated File             ; C:/Users/HUAWEI/Desktop/DDS-main/DDS-main/DDS_FPGA/sine_14bit_256.v           ;         ;
; sintopwm.v                       ; yes             ; User Verilog HDL File                  ; C:/Users/HUAWEI/Desktop/DDS-main/DDS-main/DDS_FPGA/sintopwm.v                 ;         ;
; altsyncram.tdf                   ; yes             ; Megafunction                           ; d:/fpga/quartus/libraries/megafunctions/altsyncram.tdf                        ;         ;
; stratix_ram_block.inc            ; yes             ; Megafunction                           ; d:/fpga/quartus/libraries/megafunctions/stratix_ram_block.inc                 ;         ;
; lpm_mux.inc                      ; yes             ; Megafunction                           ; d:/fpga/quartus/libraries/megafunctions/lpm_mux.inc                           ;         ;
; lpm_decode.inc                   ; yes             ; Megafunction                           ; d:/fpga/quartus/libraries/megafunctions/lpm_decode.inc                        ;         ;
; aglobal181.inc                   ; yes             ; Megafunction                           ; d:/fpga/quartus/libraries/megafunctions/aglobal181.inc                        ;         ;
; a_rdenreg.inc                    ; yes             ; Megafunction                           ; d:/fpga/quartus/libraries/megafunctions/a_rdenreg.inc                         ;         ;
; altrom.inc                       ; yes             ; Megafunction                           ; d:/fpga/quartus/libraries/megafunctions/altrom.inc                            ;         ;
; altram.inc                       ; yes             ; Megafunction                           ; d:/fpga/quartus/libraries/megafunctions/altram.inc                            ;         ;
; altdpram.inc                     ; yes             ; Megafunction                           ; d:/fpga/quartus/libraries/megafunctions/altdpram.inc                          ;         ;
; db/altsyncram_rq91.tdf           ; yes             ; Auto-Generated Megafunction            ; C:/Users/HUAWEI/Desktop/DDS-main/DDS-main/DDS_FPGA/db/altsyncram_rq91.tdf     ;         ;
; sine_14bit_256.mif               ; yes             ; Auto-Found Memory Initialization File  ; C:/Users/HUAWEI/Desktop/DDS-main/DDS-main/DDS_FPGA/sine_14bit_256.mif         ;         ;
; db/altsyncram_nq91.tdf           ; yes             ; Auto-Generated Megafunction            ; C:/Users/HUAWEI/Desktop/DDS-main/DDS-main/DDS_FPGA/db/altsyncram_nq91.tdf     ;         ;
; sine_12bit_256.mif               ; yes             ; Auto-Found Memory Initialization File  ; C:/Users/HUAWEI/Desktop/DDS-main/DDS-main/DDS_FPGA/sine_12bit_256.mif         ;         ;
; altpll.tdf                       ; yes             ; Megafunction                           ; d:/fpga/quartus/libraries/megafunctions/altpll.tdf                            ;         ;
; stratix_pll.inc                  ; yes             ; Megafunction                           ; d:/fpga/quartus/libraries/megafunctions/stratix_pll.inc                       ;         ;
; stratixii_pll.inc                ; yes             ; Megafunction                           ; d:/fpga/quartus/libraries/megafunctions/stratixii_pll.inc                     ;         ;
; cycloneii_pll.inc                ; yes             ; Megafunction                           ; d:/fpga/quartus/libraries/megafunctions/cycloneii_pll.inc                     ;         ;
; db/dac904_pll_altpll.v           ; yes             ; Auto-Generated Megafunction            ; C:/Users/HUAWEI/Desktop/DDS-main/DDS-main/DDS_FPGA/db/dac904_pll_altpll.v     ;         ;
; lpm_mult.tdf                     ; yes             ; Megafunction                           ; d:/fpga/quartus/libraries/megafunctions/lpm_mult.tdf                          ;         ;
; lpm_add_sub.inc                  ; yes             ; Megafunction                           ; d:/fpga/quartus/libraries/megafunctions/lpm_add_sub.inc                       ;         ;
; multcore.inc                     ; yes             ; Megafunction                           ; d:/fpga/quartus/libraries/megafunctions/multcore.inc                          ;         ;
; bypassff.inc                     ; yes             ; Megafunction                           ; d:/fpga/quartus/libraries/megafunctions/bypassff.inc                          ;         ;
; altshift.inc                     ; yes             ; Megafunction                           ; d:/fpga/quartus/libraries/megafunctions/altshift.inc                          ;         ;
; multcore.tdf                     ; yes             ; Megafunction                           ; d:/fpga/quartus/libraries/megafunctions/multcore.tdf                          ;         ;
; csa_add.inc                      ; yes             ; Megafunction                           ; d:/fpga/quartus/libraries/megafunctions/csa_add.inc                           ;         ;
; mpar_add.inc                     ; yes             ; Megafunction                           ; d:/fpga/quartus/libraries/megafunctions/mpar_add.inc                          ;         ;
; muleabz.inc                      ; yes             ; Megafunction                           ; d:/fpga/quartus/libraries/megafunctions/muleabz.inc                           ;         ;
; mul_lfrg.inc                     ; yes             ; Megafunction                           ; d:/fpga/quartus/libraries/megafunctions/mul_lfrg.inc                          ;         ;
; mul_boothc.inc                   ; yes             ; Megafunction                           ; d:/fpga/quartus/libraries/megafunctions/mul_boothc.inc                        ;         ;
; alt_ded_mult.inc                 ; yes             ; Megafunction                           ; d:/fpga/quartus/libraries/megafunctions/alt_ded_mult.inc                      ;         ;
; alt_ded_mult_y.inc               ; yes             ; Megafunction                           ; d:/fpga/quartus/libraries/megafunctions/alt_ded_mult_y.inc                    ;         ;
; dffpipe.inc                      ; yes             ; Megafunction                           ; d:/fpga/quartus/libraries/megafunctions/dffpipe.inc                           ;         ;
; mpar_add.tdf                     ; yes             ; Megafunction                           ; d:/fpga/quartus/libraries/megafunctions/mpar_add.tdf                          ;         ;
; lpm_add_sub.tdf                  ; yes             ; Megafunction                           ; d:/fpga/quartus/libraries/megafunctions/lpm_add_sub.tdf                       ;         ;
; addcore.inc                      ; yes             ; Megafunction                           ; d:/fpga/quartus/libraries/megafunctions/addcore.inc                           ;         ;
; look_add.inc                     ; yes             ; Megafunction                           ; d:/fpga/quartus/libraries/megafunctions/look_add.inc                          ;         ;
; alt_stratix_add_sub.inc          ; yes             ; Megafunction                           ; d:/fpga/quartus/libraries/megafunctions/alt_stratix_add_sub.inc               ;         ;
; db/add_sub_ckh.tdf               ; yes             ; Auto-Generated Megafunction            ; C:/Users/HUAWEI/Desktop/DDS-main/DDS-main/DDS_FPGA/db/add_sub_ckh.tdf         ;         ;
; db/add_sub_i9h.tdf               ; yes             ; Auto-Generated Megafunction            ; C:/Users/HUAWEI/Desktop/DDS-main/DDS-main/DDS_FPGA/db/add_sub_i9h.tdf         ;         ;
; db/add_sub_gkh.tdf               ; yes             ; Auto-Generated Megafunction            ; C:/Users/HUAWEI/Desktop/DDS-main/DDS-main/DDS_FPGA/db/add_sub_gkh.tdf         ;         ;
; altshift.tdf                     ; yes             ; Megafunction                           ; d:/fpga/quartus/libraries/megafunctions/altshift.tdf                          ;         ;
; lpm_divide.tdf                   ; yes             ; Megafunction                           ; d:/fpga/quartus/libraries/megafunctions/lpm_divide.tdf                        ;         ;
; abs_divider.inc                  ; yes             ; Megafunction                           ; d:/fpga/quartus/libraries/megafunctions/abs_divider.inc                       ;         ;
; sign_div_unsign.inc              ; yes             ; Megafunction                           ; d:/fpga/quartus/libraries/megafunctions/sign_div_unsign.inc                   ;         ;
; db/lpm_divide_dkm.tdf            ; yes             ; Auto-Generated Megafunction            ; C:/Users/HUAWEI/Desktop/DDS-main/DDS-main/DDS_FPGA/db/lpm_divide_dkm.tdf      ;         ;
; db/sign_div_unsign_5nh.tdf       ; yes             ; Auto-Generated Megafunction            ; C:/Users/HUAWEI/Desktop/DDS-main/DDS-main/DDS_FPGA/db/sign_div_unsign_5nh.tdf ;         ;
; db/alt_u_div_u9f.tdf             ; yes             ; Auto-Generated Megafunction            ; C:/Users/HUAWEI/Desktop/DDS-main/DDS-main/DDS_FPGA/db/alt_u_div_u9f.tdf       ;         ;
; db/add_sub_7pc.tdf               ; yes             ; Auto-Generated Megafunction            ; C:/Users/HUAWEI/Desktop/DDS-main/DDS-main/DDS_FPGA/db/add_sub_7pc.tdf         ;         ;
; db/add_sub_8pc.tdf               ; yes             ; Auto-Generated Megafunction            ; C:/Users/HUAWEI/Desktop/DDS-main/DDS-main/DDS_FPGA/db/add_sub_8pc.tdf         ;         ;
; db/lpm_divide_6bm.tdf            ; yes             ; Auto-Generated Megafunction            ; C:/Users/HUAWEI/Desktop/DDS-main/DDS-main/DDS_FPGA/db/lpm_divide_6bm.tdf      ;         ;
; db/sign_div_unsign_rlh.tdf       ; yes             ; Auto-Generated Megafunction            ; C:/Users/HUAWEI/Desktop/DDS-main/DDS-main/DDS_FPGA/db/sign_div_unsign_rlh.tdf ;         ;
; db/alt_u_div_a7f.tdf             ; yes             ; Auto-Generated Megafunction            ; C:/Users/HUAWEI/Desktop/DDS-main/DDS-main/DDS_FPGA/db/alt_u_div_a7f.tdf       ;         ;
; db/lpm_divide_ihm.tdf            ; yes             ; Auto-Generated Megafunction            ; C:/Users/HUAWEI/Desktop/DDS-main/DDS-main/DDS_FPGA/db/lpm_divide_ihm.tdf      ;         ;
; db/sign_div_unsign_akh.tdf       ; yes             ; Auto-Generated Megafunction            ; C:/Users/HUAWEI/Desktop/DDS-main/DDS-main/DDS_FPGA/db/sign_div_unsign_akh.tdf ;         ;
; db/alt_u_div_84f.tdf             ; yes             ; Auto-Generated Megafunction            ; C:/Users/HUAWEI/Desktop/DDS-main/DDS-main/DDS_FPGA/db/alt_u_div_84f.tdf       ;         ;
; db/lpm_divide_3bm.tdf            ; yes             ; Auto-Generated Megafunction            ; C:/Users/HUAWEI/Desktop/DDS-main/DDS-main/DDS_FPGA/db/lpm_divide_3bm.tdf      ;         ;
; db/sign_div_unsign_olh.tdf       ; yes             ; Auto-Generated Megafunction            ; C:/Users/HUAWEI/Desktop/DDS-main/DDS-main/DDS_FPGA/db/sign_div_unsign_olh.tdf ;         ;
; db/alt_u_div_47f.tdf             ; yes             ; Auto-Generated Megafunction            ; C:/Users/HUAWEI/Desktop/DDS-main/DDS-main/DDS_FPGA/db/alt_u_div_47f.tdf       ;         ;
; db/mult_k4t.tdf                  ; yes             ; Auto-Generated Megafunction            ; C:/Users/HUAWEI/Desktop/DDS-main/DDS-main/DDS_FPGA/db/mult_k4t.tdf            ;         ;
; db/mult_k9t.tdf                  ; yes             ; Auto-Generated Megafunction            ; C:/Users/HUAWEI/Desktop/DDS-main/DDS-main/DDS_FPGA/db/mult_k9t.tdf            ;         ;
; db/mult_76t.tdf                  ; yes             ; Auto-Generated Megafunction            ; C:/Users/HUAWEI/Desktop/DDS-main/DDS-main/DDS_FPGA/db/mult_76t.tdf            ;         ;
; db/mult_58t.tdf                  ; yes             ; Auto-Generated Megafunction            ; C:/Users/HUAWEI/Desktop/DDS-main/DDS-main/DDS_FPGA/db/mult_58t.tdf            ;         ;
; db/mult_fft.tdf                  ; yes             ; Auto-Generated Megafunction            ; C:/Users/HUAWEI/Desktop/DDS-main/DDS-main/DDS_FPGA/db/mult_fft.tdf            ;         ;
; db/lpm_divide_0jm.tdf            ; yes             ; Auto-Generated Megafunction            ; C:/Users/HUAWEI/Desktop/DDS-main/DDS-main/DDS_FPGA/db/lpm_divide_0jm.tdf      ;         ;
; db/mult_66t.tdf                  ; yes             ; Auto-Generated Megafunction            ; C:/Users/HUAWEI/Desktop/DDS-main/DDS-main/DDS_FPGA/db/mult_66t.tdf            ;         ;
; db/add_sub_pvi.tdf               ; yes             ; Auto-Generated Megafunction            ; C:/Users/HUAWEI/Desktop/DDS-main/DDS-main/DDS_FPGA/db/add_sub_pvi.tdf         ;         ;
; db/add_sub_lgh.tdf               ; yes             ; Auto-Generated Megafunction            ; C:/Users/HUAWEI/Desktop/DDS-main/DDS-main/DDS_FPGA/db/add_sub_lgh.tdf         ;         ;
+----------------------------------+-----------------+----------------------------------------+-------------------------------------------------------------------------------+---------+


+---------------------------------------------------------+
; Analysis & Synthesis Resource Usage Summary             ;
+---------------------------------------------+-----------+
; Resource                                    ; Usage     ;
+---------------------------------------------+-----------+
; Estimated Total logic elements              ; 3,758     ;
;                                             ;           ;
; Total combinational functions               ; 3597      ;
; Logic element usage by number of LUT inputs ;           ;
;     -- 4 input functions                    ; 937       ;
;     -- 3 input functions                    ; 1212      ;
;     -- <=2 input functions                  ; 1448      ;
;                                             ;           ;
; Logic elements by mode                      ;           ;
;     -- normal mode                          ; 2195      ;
;     -- arithmetic mode                      ; 1402      ;
;                                             ;           ;
; Total registers                             ; 671       ;
;     -- Dedicated logic registers            ; 671       ;
;     -- I/O registers                        ; 0         ;
;                                             ;           ;
; I/O pins                                    ; 41        ;
; Total memory bits                           ; 24576     ;
;                                             ;           ;
; Embedded Multiplier 9-bit elements          ; 24        ;
;                                             ;           ;
; Total PLLs                                  ; 1         ;
;     -- PLLs                                 ; 1         ;
;                                             ;           ;
; Maximum fan-out node                        ; clk~input ;
; Maximum fan-out                             ; 768       ;
; Total fan-out                               ; 13674     ;
; Average fan-out                             ; 3.06      ;
+---------------------------------------------+-----------+


+--------------------------------------------------------------------------------------------------------------------------------------------------------------------------------------------------------------------------------------------------------------------------------------------------------------------------------------------------------+
; Analysis & Synthesis Resource Utilization by Entity                                                                                                                                                                                                                                                                                                    ;
+------------------------------------------------+---------------------+---------------------------+-------------+--------------+---------+-----------+------+--------------+---------------------------------------------------------------------------------------------------------------------------------------+---------------------+--------------+
; Compilation Hierarchy Node                     ; Combinational ALUTs ; Dedicated Logic Registers ; Memory Bits ; DSP Elements ; DSP 9x9 ; DSP 18x18 ; Pins ; Virtual Pins ; Full Hierarchy Name                                                                                                                   ; Entity Name         ; Library Name ;
+------------------------------------------------+---------------------+---------------------------+-------------+--------------+---------+-----------+------+--------------+---------------------------------------------------------------------------------------------------------------------------------------+---------------------+--------------+
; |DDS_simple                                    ; 3597 (924)          ; 671 (414)                 ; 24576       ; 24           ; 0       ; 12        ; 41   ; 0            ; |DDS_simple                                                                                                                           ; DDS_simple          ; work         ;
;    |MCU_uart:u_mcu_uart|                       ; 148 (148)           ; 113 (113)                 ; 0           ; 0            ; 0       ; 0         ; 0    ; 0            ; |DDS_simple|MCU_uart:u_mcu_uart                                                                                                       ; MCU_uart            ; work         ;
;    |dac904_pll:u_pll|                          ; 0 (0)               ; 0 (0)                     ; 0           ; 0            ; 0       ; 0         ; 0    ; 0            ; |DDS_simple|dac904_pll:u_pll                                                                                                          ; dac904_pll          ; work         ;
;       |altpll:altpll_component|                ; 0 (0)               ; 0 (0)                     ; 0           ; 0            ; 0       ; 0         ; 0    ; 0            ; |DDS_simple|dac904_pll:u_pll|altpll:altpll_component                                                                                  ; altpll              ; work         ;
;          |dac904_pll_altpll:auto_generated|    ; 0 (0)               ; 0 (0)                     ; 0           ; 0            ; 0       ; 0         ; 0    ; 0            ; |DDS_simple|dac904_pll:u_pll|altpll:altpll_component|dac904_pll_altpll:auto_generated                                                 ; dac904_pll_altpll   ; work         ;
;    |dds_freq_ctrlword:u_freq_ctrlword|         ; 14 (14)             ; 31 (31)                   ; 0           ; 4            ; 0       ; 2         ; 0    ; 0            ; |DDS_simple|dds_freq_ctrlword:u_freq_ctrlword                                                                                         ; dds_freq_ctrlword   ; work         ;
;       |lpm_mult:Mult0|                         ; 0 (0)               ; 0 (0)                     ; 0           ; 4            ; 0       ; 2         ; 0    ; 0            ; |DDS_simple|dds_freq_ctrlword:u_freq_ctrlword|lpm_mult:Mult0                                                                          ; lpm_mult            ; work         ;
;          |mult_fft:auto_generated|             ; 0 (0)               ; 0 (0)                     ; 0           ; 4            ; 0       ; 2         ; 0    ; 0            ; |DDS_simple|dds_freq_ctrlword:u_freq_ctrlword|lpm_mult:Mult0|mult_fft:auto_generated                                                  ; mult_fft            ; work         ;
;    |lpm_add_sub:Add15|                         ; 29 (0)              ; 0 (0)                     ; 0           ; 0            ; 0       ; 0         ; 0    ; 0            ; |DDS_simple|lpm_add_sub:Add15                                                                                                         ; lpm_add_sub         ; work         ;
;       |add_sub_pvi:auto_generated|             ; 29 (29)             ; 0 (0)                     ; 0           ; 0            ; 0       ; 0         ; 0    ; 0            ; |DDS_simple|lpm_add_sub:Add15|add_sub_pvi:auto_generated                                                                              ; add_sub_pvi         ; work         ;
;    |lpm_divide:Div0|                           ; 371 (0)             ; 0 (0)                     ; 0           ; 0            ; 0       ; 0         ; 0    ; 0            ; |DDS_simple|lpm_divide:Div0                                                                                                           ; lpm_divide          ; work         ;
;       |lpm_divide_0jm:auto_generated|          ; 371 (0)             ; 0 (0)                     ; 0           ; 0            ; 0       ; 0         ; 0    ; 0            ; |DDS_simple|lpm_divide:Div0|lpm_divide_0jm:auto_generated                                                                             ; lpm_divide_0jm      ; work         ;
;          |sign_div_unsign_olh:divider|         ; 371 (0)             ; 0 (0)                     ; 0           ; 0            ; 0       ; 0         ; 0    ; 0            ; |DDS_simple|lpm_divide:Div0|lpm_divide_0jm:auto_generated|sign_div_unsign_olh:divider                                                 ; sign_div_unsign_olh ; work         ;
;             |alt_u_div_47f:divider|            ; 371 (371)           ; 0 (0)                     ; 0           ; 0            ; 0       ; 0         ; 0    ; 0            ; |DDS_simple|lpm_divide:Div0|lpm_divide_0jm:auto_generated|sign_div_unsign_olh:divider|alt_u_div_47f:divider                           ; alt_u_div_47f       ; work         ;
;    |lpm_divide:Div1|                           ; 633 (0)             ; 0 (0)                     ; 0           ; 0            ; 0       ; 0         ; 0    ; 0            ; |DDS_simple|lpm_divide:Div1                                                                                                           ; lpm_divide          ; work         ;
;       |lpm_divide_dkm:auto_generated|          ; 633 (0)             ; 0 (0)                     ; 0           ; 0            ; 0       ; 0         ; 0    ; 0            ; |DDS_simple|lpm_divide:Div1|lpm_divide_dkm:auto_generated                                                                             ; lpm_divide_dkm      ; work         ;
;          |sign_div_unsign_5nh:divider|         ; 633 (0)             ; 0 (0)                     ; 0           ; 0            ; 0       ; 0         ; 0    ; 0            ; |DDS_simple|lpm_divide:Div1|lpm_divide_dkm:auto_generated|sign_div_unsign_5nh:divider                                                 ; sign_div_unsign_5nh ; work         ;
;             |alt_u_div_u9f:divider|            ; 633 (633)           ; 0 (0)                     ; 0           ; 0            ; 0       ; 0         ; 0    ; 0            ; |DDS_simple|lpm_divide:Div1|lpm_divide_dkm:auto_generated|sign_div_unsign_5nh:divider|alt_u_div_u9f:divider                           ; alt_u_div_u9f       ; work         ;
;    |lpm_mult:Mult0|                            ; 67 (0)              ; 0 (0)                     ; 0           ; 0            ; 0       ; 0         ; 0    ; 0            ; |DDS_simple|lpm_mult:Mult0                                                                                                            ; lpm_mult            ; work         ;
;       |multcore:mult_core|                     ; 67 (31)             ; 0 (0)                     ; 0           ; 0            ; 0       ; 0         ; 0    ; 0            ; |DDS_simple|lpm_mult:Mult0|multcore:mult_core                                                                                         ; multcore            ; work         ;
;          |mpar_add:padder|                     ; 36 (0)              ; 0 (0)                     ; 0           ; 0            ; 0       ; 0         ; 0    ; 0            ; |DDS_simple|lpm_mult:Mult0|multcore:mult_core|mpar_add:padder                                                                         ; mpar_add            ; work         ;
;             |lpm_add_sub:adder[0]|             ; 12 (0)              ; 0 (0)                     ; 0           ; 0            ; 0       ; 0         ; 0    ; 0            ; |DDS_simple|lpm_mult:Mult0|multcore:mult_core|mpar_add:padder|lpm_add_sub:adder[0]                                                    ; lpm_add_sub         ; work         ;
;                |add_sub_i9h:auto_generated|    ; 12 (12)             ; 0 (0)                     ; 0           ; 0            ; 0       ; 0         ; 0    ; 0            ; |DDS_simple|lpm_mult:Mult0|multcore:mult_core|mpar_add:padder|lpm_add_sub:adder[0]|add_sub_i9h:auto_generated                         ; add_sub_i9h         ; work         ;
;             |lpm_add_sub:adder[1]|             ; 10 (0)              ; 0 (0)                     ; 0           ; 0            ; 0       ; 0         ; 0    ; 0            ; |DDS_simple|lpm_mult:Mult0|multcore:mult_core|mpar_add:padder|lpm_add_sub:adder[1]                                                    ; lpm_add_sub         ; work         ;
;                |add_sub_ckh:auto_generated|    ; 10 (10)             ; 0 (0)                     ; 0           ; 0            ; 0       ; 0         ; 0    ; 0            ; |DDS_simple|lpm_mult:Mult0|multcore:mult_core|mpar_add:padder|lpm_add_sub:adder[1]|add_sub_ckh:auto_generated                         ; add_sub_ckh         ; work         ;
;             |mpar_add:sub_par_add|             ; 14 (0)              ; 0 (0)                     ; 0           ; 0            ; 0       ; 0         ; 0    ; 0            ; |DDS_simple|lpm_mult:Mult0|multcore:mult_core|mpar_add:padder|mpar_add:sub_par_add                                                    ; mpar_add            ; work         ;
;                |lpm_add_sub:adder[0]|          ; 14 (0)              ; 0 (0)                     ; 0           ; 0            ; 0       ; 0         ; 0    ; 0            ; |DDS_simple|lpm_mult:Mult0|multcore:mult_core|mpar_add:padder|mpar_add:sub_par_add|lpm_add_sub:adder[0]                               ; lpm_add_sub         ; work         ;
;                   |add_sub_gkh:auto_generated| ; 14 (14)             ; 0 (0)                     ; 0           ; 0            ; 0       ; 0         ; 0    ; 0            ; |DDS_simple|lpm_mult:Mult0|multcore:mult_core|mpar_add:padder|mpar_add:sub_par_add|lpm_add_sub:adder[0]|add_sub_gkh:auto_generated    ; add_sub_gkh         ; work         ;
;    |lpm_mult:Mult1|                            ; 14 (0)              ; 0 (0)                     ; 0           ; 4            ; 0       ; 2         ; 0    ; 0            ; |DDS_simple|lpm_mult:Mult1                                                                                                            ; lpm_mult            ; work         ;
;       |mult_fft:auto_generated|                ; 14 (14)             ; 0 (0)                     ; 0           ; 4            ; 0       ; 2         ; 0    ; 0            ; |DDS_simple|lpm_mult:Mult1|mult_fft:auto_generated                                                                                    ; mult_fft            ; work         ;
;    |lpm_mult:Mult2|                            ; 41 (0)              ; 0 (0)                     ; 0           ; 4            ; 0       ; 2         ; 0    ; 0            ; |DDS_simple|lpm_mult:Mult2                                                                                                            ; lpm_mult            ; work         ;
;       |mult_66t:auto_generated|                ; 41 (41)             ; 0 (0)                     ; 0           ; 4            ; 0       ; 2         ; 0    ; 0            ; |DDS_simple|lpm_mult:Mult2|mult_66t:auto_generated                                                                                    ; mult_66t            ; work         ;
;    |lpm_mult:Mult3|                            ; 21 (0)              ; 0 (0)                     ; 0           ; 4            ; 0       ; 2         ; 0    ; 0            ; |DDS_simple|lpm_mult:Mult3                                                                                                            ; lpm_mult            ; work         ;
;       |mult_58t:auto_generated|                ; 21 (21)             ; 0 (0)                     ; 0           ; 4            ; 0       ; 2         ; 0    ; 0            ; |DDS_simple|lpm_mult:Mult3|mult_58t:auto_generated                                                                                    ; mult_58t            ; work         ;
;    |lpm_mult:Mult4|                            ; 0 (0)               ; 0 (0)                     ; 0           ; 2            ; 0       ; 1         ; 0    ; 0            ; |DDS_simple|lpm_mult:Mult4                                                                                                            ; lpm_mult            ; work         ;
;       |mult_k4t:auto_generated|                ; 0 (0)               ; 0 (0)                     ; 0           ; 2            ; 0       ; 1         ; 0    ; 0            ; |DDS_simple|lpm_mult:Mult4|mult_k4t:auto_generated                                                                                    ; mult_k4t            ; work         ;
;    |lpm_mult:Mult5|                            ; 19 (0)              ; 0 (0)                     ; 0           ; 4            ; 0       ; 2         ; 0    ; 0            ; |DDS_simple|lpm_mult:Mult5                                                                                                            ; lpm_mult            ; work         ;
;       |mult_k9t:auto_generated|                ; 19 (19)             ; 0 (0)                     ; 0           ; 4            ; 0       ; 2         ; 0    ; 0            ; |DDS_simple|lpm_mult:Mult5|mult_k9t:auto_generated                                                                                    ; mult_k9t            ; work         ;
;    |lpm_mult:Mult6|                            ; 0 (0)               ; 0 (0)                     ; 0           ; 2            ; 0       ; 1         ; 0    ; 0            ; |DDS_simple|lpm_mult:Mult6                                                                                                            ; lpm_mult            ; work         ;
;       |mult_76t:auto_generated|                ; 0 (0)               ; 0 (0)                     ; 0           ; 2            ; 0       ; 1         ; 0    ; 0            ; |DDS_simple|lpm_mult:Mult6|mult_76t:auto_generated                                                                                    ; mult_76t            ; work         ;
;    |lpm_mult:Mult7|                            ; 42 (0)              ; 0 (0)                     ; 0           ; 0            ; 0       ; 0         ; 0    ; 0            ; |DDS_simple|lpm_mult:Mult7                                                                                                            ; lpm_mult            ; work         ;
;       |multcore:mult_core|                     ; 42 (42)             ; 0 (0)                     ; 0           ; 0            ; 0       ; 0         ; 0    ; 0            ; |DDS_simple|lpm_mult:Mult7|multcore:mult_core                                                                                         ; multcore            ; work         ;
;    |seg_display:u_seg_display|                 ; 1254 (344)          ; 95 (95)                   ; 0           ; 0            ; 0       ; 0         ; 0    ; 0            ; |DDS_simple|seg_display:u_seg_display                                                                                                 ; seg_display         ; work         ;
;       |lpm_divide:Div0|                        ; 38 (0)              ; 0 (0)                     ; 0           ; 0            ; 0       ; 0         ; 0    ; 0            ; |DDS_simple|seg_display:u_seg_display|lpm_divide:Div0                                                                                 ; lpm_divide          ; work         ;
;          |lpm_divide_ihm:auto_generated|       ; 38 (0)              ; 0 (0)                     ; 0           ; 0            ; 0       ; 0         ; 0    ; 0            ; |DDS_simple|seg_display:u_seg_display|lpm_divide:Div0|lpm_divide_ihm:auto_generated                                                   ; lpm_divide_ihm      ; work         ;
;             |sign_div_unsign_akh:divider|      ; 38 (0)              ; 0 (0)                     ; 0           ; 0            ; 0       ; 0         ; 0    ; 0            ; |DDS_simple|seg_display:u_seg_display|lpm_divide:Div0|lpm_divide_ihm:auto_generated|sign_div_unsign_akh:divider                       ; sign_div_unsign_akh ; work         ;
;                |alt_u_div_84f:divider|         ; 38 (38)             ; 0 (0)                     ; 0           ; 0            ; 0       ; 0         ; 0    ; 0            ; |DDS_simple|seg_display:u_seg_display|lpm_divide:Div0|lpm_divide_ihm:auto_generated|sign_div_unsign_akh:divider|alt_u_div_84f:divider ; alt_u_div_84f       ; work         ;
;       |lpm_divide:Div1|                        ; 236 (0)             ; 0 (0)                     ; 0           ; 0            ; 0       ; 0         ; 0    ; 0            ; |DDS_simple|seg_display:u_seg_display|lpm_divide:Div1                                                                                 ; lpm_divide          ; work         ;
;          |lpm_divide_0jm:auto_generated|       ; 236 (0)             ; 0 (0)                     ; 0           ; 0            ; 0       ; 0         ; 0    ; 0            ; |DDS_simple|seg_display:u_seg_display|lpm_divide:Div1|lpm_divide_0jm:auto_generated                                                   ; lpm_divide_0jm      ; work         ;
;             |sign_div_unsign_olh:divider|      ; 236 (0)             ; 0 (0)                     ; 0           ; 0            ; 0       ; 0         ; 0    ; 0            ; |DDS_simple|seg_display:u_seg_display|lpm_divide:Div1|lpm_divide_0jm:auto_generated|sign_div_unsign_olh:divider                       ; sign_div_unsign_olh ; work         ;
;                |alt_u_div_47f:divider|         ; 236 (236)           ; 0 (0)                     ; 0           ; 0            ; 0       ; 0         ; 0    ; 0            ; |DDS_simple|seg_display:u_seg_display|lpm_divide:Div1|lpm_divide_0jm:auto_generated|sign_div_unsign_olh:divider|alt_u_div_47f:divider ; alt_u_div_47f       ; work         ;
;       |lpm_divide:Mod0|                        ; 369 (0)             ; 0 (0)                     ; 0           ; 0            ; 0       ; 0         ; 0    ; 0            ; |DDS_simple|seg_display:u_seg_display|lpm_divide:Mod0                                                                                 ; lpm_divide          ; work         ;
;          |lpm_divide_6bm:auto_generated|       ; 369 (0)             ; 0 (0)                     ; 0           ; 0            ; 0       ; 0         ; 0    ; 0            ; |DDS_simple|seg_display:u_seg_display|lpm_divide:Mod0|lpm_divide_6bm:auto_generated                                                   ; lpm_divide_6bm      ; work         ;
;             |sign_div_unsign_rlh:divider|      ; 369 (0)             ; 0 (0)                     ; 0           ; 0            ; 0       ; 0         ; 0    ; 0            ; |DDS_simple|seg_display:u_seg_display|lpm_divide:Mod0|lpm_divide_6bm:auto_generated|sign_div_unsign_rlh:divider                       ; sign_div_unsign_rlh ; work         ;
;                |alt_u_div_a7f:divider|         ; 369 (369)           ; 0 (0)                     ; 0           ; 0            ; 0       ; 0         ; 0    ; 0            ; |DDS_simple|seg_display:u_seg_display|lpm_divide:Mod0|lpm_divide_6bm:auto_generated|sign_div_unsign_rlh:divider|alt_u_div_a7f:divider ; alt_u_div_a7f       ; work         ;
;       |lpm_divide:Mod1|                        ; 267 (0)             ; 0 (0)                     ; 0           ; 0            ; 0       ; 0         ; 0    ; 0            ; |DDS_simple|seg_display:u_seg_display|lpm_divide:Mod1                                                                                 ; lpm_divide          ; work         ;
;          |lpm_divide_3bm:auto_generated|       ; 267 (0)             ; 0 (0)                     ; 0           ; 0            ; 0       ; 0         ; 0    ; 0            ; |DDS_simple|seg_display:u_seg_display|lpm_divide:Mod1|lpm_divide_3bm:auto_generated                                                   ; lpm_divide_3bm      ; work         ;
;             |sign_div_unsign_olh:divider|      ; 267 (0)             ; 0 (0)                     ; 0           ; 0            ; 0       ; 0         ; 0    ; 0            ; |DDS_simple|seg_display:u_seg_display|lpm_divide:Mod1|lpm_divide_3bm:auto_generated|sign_div_unsign_olh:divider                       ; sign_div_unsign_olh ; work         ;
;                |alt_u_div_47f:divider|         ; 267 (267)           ; 0 (0)                     ; 0           ; 0            ; 0       ; 0         ; 0    ; 0            ; |DDS_simple|seg_display:u_seg_display|lpm_divide:Mod1|lpm_divide_3bm:auto_generated|sign_div_unsign_olh:divider|alt_u_div_47f:divider ; alt_u_div_47f       ; work         ;
;    |sine_12bit_256:u_rom_carrier_12|           ; 0 (0)               ; 0 (0)                     ; 3072        ; 0            ; 0       ; 0         ; 0    ; 0            ; |DDS_simple|sine_12bit_256:u_rom_carrier_12                                                                                           ; sine_12bit_256      ; work         ;
;       |altsyncram:altsyncram_component|        ; 0 (0)               ; 0 (0)                     ; 3072        ; 0            ; 0       ; 0         ; 0    ; 0            ; |DDS_simple|sine_12bit_256:u_rom_carrier_12|altsyncram:altsyncram_component                                                           ; altsyncram          ; work         ;
;          |altsyncram_nq91:auto_generated|      ; 0 (0)               ; 0 (0)                     ; 3072        ; 0            ; 0       ; 0         ; 0    ; 0            ; |DDS_simple|sine_12bit_256:u_rom_carrier_12|altsyncram:altsyncram_component|altsyncram_nq91:auto_generated                            ; altsyncram_nq91     ; work         ;
;    |sine_14bit_256:u_rom_1k|                   ; 0 (0)               ; 0 (0)                     ; 3584        ; 0            ; 0       ; 0         ; 0    ; 0            ; |DDS_simple|sine_14bit_256:u_rom_1k                                                                                                   ; sine_14bit_256      ; work         ;
;       |altsyncram:altsyncram_component|        ; 0 (0)               ; 0 (0)                     ; 3584        ; 0            ; 0       ; 0         ; 0    ; 0            ; |DDS_simple|sine_14bit_256:u_rom_1k|altsyncram:altsyncram_component                                                                   ; altsyncram          ; work         ;
;          |altsyncram_rq91:auto_generated|      ; 0 (0)               ; 0 (0)                     ; 3584        ; 0            ; 0       ; 0         ; 0    ; 0            ; |DDS_simple|sine_14bit_256:u_rom_1k|altsyncram:altsyncram_component|altsyncram_rq91:auto_generated                                    ; altsyncram_rq91     ; work         ;
;    |sine_14bit_256:u_rom_2k|                   ; 0 (0)               ; 0 (0)                     ; 3584        ; 0            ; 0       ; 0         ; 0    ; 0            ; |DDS_simple|sine_14bit_256:u_rom_2k                                                                                                   ; sine_14bit_256      ; work         ;
;       |altsyncram:altsyncram_component|        ; 0 (0)               ; 0 (0)                     ; 3584        ; 0            ; 0       ; 0         ; 0    ; 0            ; |DDS_simple|sine_14bit_256:u_rom_2k|altsyncram:altsyncram_component                                                                   ; altsyncram          ; work         ;
;          |altsyncram_rq91:auto_generated|      ; 0 (0)               ; 0 (0)                     ; 3584        ; 0            ; 0       ; 0         ; 0    ; 0            ; |DDS_simple|sine_14bit_256:u_rom_2k|altsyncram:altsyncram_component|altsyncram_rq91:auto_generated                                    ; altsyncram_rq91     ; work         ;
;    |sine_14bit_256:u_rom_ask|                  ; 0 (0)               ; 0 (0)                     ; 3584        ; 0            ; 0       ; 0         ; 0    ; 0            ; |DDS_simple|sine_14bit_256:u_rom_ask                                                                                                  ; sine_14bit_256      ; work         ;
;       |altsyncram:altsyncram_component|        ; 0 (0)               ; 0 (0)                     ; 3584        ; 0            ; 0       ; 0         ; 0    ; 0            ; |DDS_simple|sine_14bit_256:u_rom_ask|altsyncram:altsyncram_component                                                                  ; altsyncram          ; work         ;
;          |altsyncram_rq91:auto_generated|      ; 0 (0)               ; 0 (0)                     ; 3584        ; 0            ; 0       ; 0         ; 0    ; 0            ; |DDS_simple|sine_14bit_256:u_rom_ask|altsyncram:altsyncram_component|altsyncram_rq91:auto_generated                                   ; altsyncram_rq91     ; work         ;
;    |sine_14bit_256:u_rom_carrier_14|           ; 0 (0)               ; 0 (0)                     ; 3584        ; 0            ; 0       ; 0         ; 0    ; 0            ; |DDS_simple|sine_14bit_256:u_rom_carrier_14                                                                                           ; sine_14bit_256      ; work         ;
;       |altsyncram:altsyncram_component|        ; 0 (0)               ; 0 (0)                     ; 3584        ; 0            ; 0       ; 0         ; 0    ; 0            ; |DDS_simple|sine_14bit_256:u_rom_carrier_14|altsyncram:altsyncram_component                                                           ; altsyncram          ; work         ;
;          |altsyncram_rq91:auto_generated|      ; 0 (0)               ; 0 (0)                     ; 3584        ; 0            ; 0       ; 0         ; 0    ; 0            ; |DDS_simple|sine_14bit_256:u_rom_carrier_14|altsyncram:altsyncram_component|altsyncram_rq91:auto_generated                            ; altsyncram_rq91     ; work         ;
;    |sine_14bit_256:u_rom_mod|                  ; 0 (0)               ; 0 (0)                     ; 3584        ; 0            ; 0       ; 0         ; 0    ; 0            ; |DDS_simple|sine_14bit_256:u_rom_mod                                                                                                  ; sine_14bit_256      ; work         ;
;       |altsyncram:altsyncram_component|        ; 0 (0)               ; 0 (0)                     ; 3584        ; 0            ; 0       ; 0         ; 0    ; 0            ; |DDS_simple|sine_14bit_256:u_rom_mod|altsyncram:altsyncram_component                                                                  ; altsyncram          ; work         ;
;          |altsyncram_rq91:auto_generated|      ; 0 (0)               ; 0 (0)                     ; 3584        ; 0            ; 0       ; 0         ; 0    ; 0            ; |DDS_simple|sine_14bit_256:u_rom_mod|altsyncram:altsyncram_component|altsyncram_rq91:auto_generated                                   ; altsyncram_rq91     ; work         ;
;    |sine_14bit_256:u_rom_psk|                  ; 0 (0)               ; 0 (0)                     ; 3584        ; 0            ; 0       ; 0         ; 0    ; 0            ; |DDS_simple|sine_14bit_256:u_rom_psk                                                                                                  ; sine_14bit_256      ; work         ;
;       |altsyncram:altsyncram_component|        ; 0 (0)               ; 0 (0)                     ; 3584        ; 0            ; 0       ; 0         ; 0    ; 0            ; |DDS_simple|sine_14bit_256:u_rom_psk|altsyncram:altsyncram_component                                                                  ; altsyncram          ; work         ;
;          |altsyncram_rq91:auto_generated|      ; 0 (0)               ; 0 (0)                     ; 3584        ; 0            ; 0       ; 0         ; 0    ; 0            ; |DDS_simple|sine_14bit_256:u_rom_psk|altsyncram:altsyncram_component|altsyncram_rq91:auto_generated                                   ; altsyncram_rq91     ; work         ;
;    |sintopwm:u_pwm_inst|                       ; 20 (20)             ; 18 (18)                   ; 0           ; 0            ; 0       ; 0         ; 0    ; 0            ; |DDS_simple|sintopwm:u_pwm_inst                                                                                                       ; sintopwm            ; work         ;
+------------------------------------------------+---------------------+---------------------------+-------------+--------------+---------+-----------+------+--------------+---------------------------------------------------------------------------------------------------------------------------------------+---------------------+--------------+
Note: For table entries with two numbers listed, the numbers in parentheses indicate the number of resources of the given type used by the specific entity alone. The numbers listed outside of parentheses indicate the total resources of the given type used by the specific entity and all of its sub-entities in the hierarchy.


+-----------------------------------------------------------------------------------------------------------------------------------------------------------------------------------------------------------------+
; Analysis & Synthesis RAM Summary                                                                                                                                                                                ;
+-----------------------------------------------------------------------------------------------------------+------+------+--------------+--------------+--------------+--------------+------+--------------------+
; Name                                                                                                      ; Type ; Mode ; Port A Depth ; Port A Width ; Port B Depth ; Port B Width ; Size ; MIF                ;
+-----------------------------------------------------------------------------------------------------------+------+------+--------------+--------------+--------------+--------------+------+--------------------+
; sine_12bit_256:u_rom_carrier_12|altsyncram:altsyncram_component|altsyncram_nq91:auto_generated|ALTSYNCRAM ; AUTO ; ROM  ; 256          ; 12           ; --           ; --           ; 3072 ; sine_12bit_256.mif ;
; sine_14bit_256:u_rom_1k|altsyncram:altsyncram_component|altsyncram_rq91:auto_generated|ALTSYNCRAM         ; AUTO ; ROM  ; 256          ; 14           ; --           ; --           ; 3584 ; sine_14bit_256.mif ;
; sine_14bit_256:u_rom_2k|altsyncram:altsyncram_component|altsyncram_rq91:auto_generated|ALTSYNCRAM         ; AUTO ; ROM  ; 256          ; 14           ; --           ; --           ; 3584 ; sine_14bit_256.mif ;
; sine_14bit_256:u_rom_ask|altsyncram:altsyncram_component|altsyncram_rq91:auto_generated|ALTSYNCRAM        ; AUTO ; ROM  ; 256          ; 14           ; --           ; --           ; 3584 ; sine_14bit_256.mif ;
; sine_14bit_256:u_rom_carrier_14|altsyncram:altsyncram_component|altsyncram_rq91:auto_generated|ALTSYNCRAM ; AUTO ; ROM  ; 256          ; 14           ; --           ; --           ; 3584 ; sine_14bit_256.mif ;
; sine_14bit_256:u_rom_mod|altsyncram:altsyncram_component|altsyncram_rq91:auto_generated|ALTSYNCRAM        ; AUTO ; ROM  ; 256          ; 14           ; --           ; --           ; 3584 ; sine_14bit_256.mif ;
; sine_14bit_256:u_rom_psk|altsyncram:altsyncram_component|altsyncram_rq91:auto_generated|ALTSYNCRAM        ; AUTO ; ROM  ; 256          ; 14           ; --           ; --           ; 3584 ; sine_14bit_256.mif ;
+-----------------------------------------------------------------------------------------------------------+------+------+--------------+--------------+--------------+--------------+------+--------------------+


+-----------------------------------------------------+
; Analysis & Synthesis DSP Block Usage Summary        ;
+---------------------------------------+-------------+
; Statistic                             ; Number Used ;
+---------------------------------------+-------------+
; Simple Multipliers (9-bit)            ; 0           ;
; Simple Multipliers (18-bit)           ; 12          ;
; Embedded Multiplier Blocks            ; --          ;
; Embedded Multiplier 9-bit elements    ; 24          ;
; Signed Embedded Multipliers           ; 5           ;
; Unsigned Embedded Multipliers         ; 4           ;
; Mixed Sign Embedded Multipliers       ; 3           ;
; Variable Sign Embedded Multipliers    ; 0           ;
; Dedicated Input Shift Register Chains ; 0           ;
+---------------------------------------+-------------+
Note: number of Embedded Multiplier Blocks used is only available after a successful fit.


+--------------------------------------------------------------------------------------------------------------------------------+
; Analysis & Synthesis IP Cores Summary                                                                                          ;
+--------+--------------+---------+--------------+--------------+---------------------------------------------+------------------+
; Vendor ; IP Core Name ; Version ; Release Date ; License Type ; Entity Instance                             ; IP Include File  ;
+--------+--------------+---------+--------------+--------------+---------------------------------------------+------------------+
; Altera ; ALTPLL       ; 18.0    ; N/A          ; N/A          ; |DDS_simple|dac904_pll:u_pll                ; dac904_pll.v     ;
; Altera ; ROM: 1-PORT  ; 18.0    ; N/A          ; N/A          ; |DDS_simple|sine_14bit_256:u_rom_1k         ; sine_14bit_256.v ;
; Altera ; ROM: 1-PORT  ; 18.0    ; N/A          ; N/A          ; |DDS_simple|sine_14bit_256:u_rom_2k         ; sine_14bit_256.v ;
; Altera ; ROM: 1-PORT  ; 18.0    ; N/A          ; N/A          ; |DDS_simple|sine_14bit_256:u_rom_ask        ; sine_14bit_256.v ;
; Altera ; ROM: 1-PORT  ; 18.0    ; N/A          ; N/A          ; |DDS_simple|sine_12bit_256:u_rom_carrier_12 ; sine_12bit_256.v ;
; Altera ; ROM: 1-PORT  ; 18.0    ; N/A          ; N/A          ; |DDS_simple|sine_14bit_256:u_rom_carrier_14 ; sine_14bit_256.v ;
; Altera ; ROM: 1-PORT  ; 18.0    ; N/A          ; N/A          ; |DDS_simple|sine_14bit_256:u_rom_mod        ; sine_14bit_256.v ;
; Altera ; ROM: 1-PORT  ; 18.0    ; N/A          ; N/A          ; |DDS_simple|sine_14bit_256:u_rom_psk        ; sine_14bit_256.v ;
+--------+--------------+---------+--------------+--------------+---------------------------------------------+------------------+


Encoding Type:  One-Hot
+-----------------------------------------------------------------------------------------------------------------+
; State Machine - |DDS_simple|square_out_reg                                                                      ;
+----------------------------+----------------------------+---------------------------+---------------------------+
; Name                       ; square_out_reg.SQUARE_HIGH ; square_out_reg.SQUARE_LOW ; square_out_reg.SQUARE_MID ;
+----------------------------+----------------------------+---------------------------+---------------------------+
; square_out_reg.SQUARE_LOW  ; 0                          ; 0                         ; 0                         ;
; square_out_reg.SQUARE_MID  ; 0                          ; 1                         ; 1                         ;
; square_out_reg.SQUARE_HIGH ; 1                          ; 1                         ; 0                         ;
+----------------------------+----------------------------+---------------------------+---------------------------+


Encoding Type:  One-Hot
+---------------------------------------------------+
; State Machine - |DDS_simple|square_prev           ;
+-------------------------+-------------------------+
; Name                    ; square_prev.SQUARE_HIGH ;
+-------------------------+-------------------------+
; square_prev.SQUARE_LOW  ; 0                       ;
; square_prev.SQUARE_HIGH ; 1                       ;
+-------------------------+-------------------------+


Encoding Type:  One-Hot
+-------------------------------------------------+
; State Machine - |DDS_simple|square_raw          ;
+------------------------+------------------------+
; Name                   ; square_raw.SQUARE_HIGH ;
+------------------------+------------------------+
; square_raw.SQUARE_LOW  ; 0                      ;
; square_raw.SQUARE_HIGH ; 1                      ;
+------------------------+------------------------+


Encoding Type:  One-Hot
+-------------------------------------------------------------+
; State Machine - |DDS_simple|seg_display:u_seg_display|state ;
+-----------+-----------+-----------+-------------------------+
; Name      ; state.000 ; state.010 ; state.001               ;
+-----------+-----------+-----------+-------------------------+
; state.000 ; 0         ; 0         ; 0                       ;
; state.001 ; 1         ; 0         ; 1                       ;
; state.010 ; 1         ; 1         ; 0                       ;
+-----------+-----------+-----------+-------------------------+


Encoding Type:  One-Hot
+----------------------------------------------------------------------------+
; State Machine - |DDS_simple|MCU_uart:u_mcu_uart|state                      ;
+---------------+--------------+--------------+---------------+--------------+
; Name          ; state.S_STOP ; state.S_DATA ; state.S_START ; state.S_IDLE ;
+---------------+--------------+--------------+---------------+--------------+
; state.S_IDLE  ; 0            ; 0            ; 0             ; 0            ;
; state.S_START ; 0            ; 0            ; 1             ; 1            ;
; state.S_DATA  ; 0            ; 1            ; 0             ; 1            ;
; state.S_STOP  ; 1            ; 0            ; 0             ; 1            ;
+---------------+--------------+--------------+---------------+--------------+


+------------------------------------------------------------------------------------------------------------------------------------------+
; Registers Removed During Synthesis                                                                                                       ;
+-----------------------------------------------------------------------------------------+------------------------------------------------+
; Register name                                                                           ; Reason for Removal                             ;
+-----------------------------------------------------------------------------------------+------------------------------------------------+
; dac904_pll:u_pll|altpll:altpll_component|dac904_pll_altpll:auto_generated|pll_lock_sync ; Stuck at VCC due to stuck port data_in         ;
; seg_display:u_seg_display|z_reg[3]                                                      ; Stuck at GND due to stuck port data_in         ;
; seg_display:u_seg_display|base[0,1,11,21,22,24..31]                                     ; Stuck at GND due to stuck port data_in         ;
; seg_display:u_seg_display|z_show[3]                                                     ; Stuck at GND due to stuck port data_in         ;
; baseband_reg                                                                            ; Merged with bb_shift_reg[0]                    ;
; seg_display:u_seg_display|base[20,23]                                                   ; Merged with seg_display:u_seg_display|base[12] ;
; seg_display:u_seg_display|base[17,18]                                                   ; Merged with seg_display:u_seg_display|base[14] ;
; seg_display:u_seg_display|base[4]                                                       ; Merged with seg_display:u_seg_display|base[13] ;
; seg_display:u_seg_display|z_reg[0]                                                      ; Merged with seg_display:u_seg_display|base[7]  ;
; duty_threshold_reg[0]                                                                   ; Stuck at GND due to stuck port data_in         ;
; dds_freq_ctrlword:u_freq_ctrlword|ctrl_reg[0]                                           ; Stuck at GND due to stuck port data_in         ;
; duty_threshold_reg[1,2]                                                                 ; Stuck at GND due to stuck port data_in         ;
; phase[0]                                                                                ; Stuck at GND due to stuck port data_in         ;
; phase_1k[0]                                                                             ; Merged with digital_mod_phase[0]               ;
; phase_2k[1]                                                                             ; Merged with digital_mod_phase[0]               ;
; mod_phase[4]                                                                            ; Merged with digital_mod_phase[0]               ;
; phase_2k[2]                                                                             ; Merged with digital_mod_phase[1]               ;
; mod_phase[5]                                                                            ; Merged with digital_mod_phase[1]               ;
; phase_1k[1]                                                                             ; Merged with digital_mod_phase[1]               ;
; phase_2k[3]                                                                             ; Merged with phase_1k[2]                        ;
; mod_phase[6]                                                                            ; Merged with digital_mod_phase[2]               ;
; phase_2k[4]                                                                             ; Merged with phase_1k[3]                        ;
; mod_phase[7]                                                                            ; Merged with digital_mod_phase[3]               ;
; phase_2k[5]                                                                             ; Merged with phase_1k[4]                        ;
; phase_2k[6]                                                                             ; Merged with phase_1k[5]                        ;
; phase_2k[7]                                                                             ; Merged with phase_1k[6]                        ;
; phase_2k[8]                                                                             ; Merged with phase_1k[7]                        ;
; phase_2k[9]                                                                             ; Merged with phase_1k[8]                        ;
; phase_2k[10]                                                                            ; Merged with phase_1k[9]                        ;
; phase_2k[11]                                                                            ; Merged with phase_1k[10]                       ;
; phase_2k[12]                                                                            ; Merged with phase_1k[11]                       ;
; phase_2k[13]                                                                            ; Merged with phase_1k[12]                       ;
; phase_2k[14]                                                                            ; Merged with phase_1k[13]                       ;
; square_out_reg.SQUARE_HIGH                                                              ; Lost fanout                                    ;
; square_out_reg~4                                                                        ; Lost fanout                                    ;
; square_out_reg~5                                                                        ; Lost fanout                                    ;
; square_out_reg~6                                                                        ; Lost fanout                                    ;
; square_out_reg~7                                                                        ; Lost fanout                                    ;
; square_out_reg~8                                                                        ; Lost fanout                                    ;
; square_out_reg~9                                                                        ; Lost fanout                                    ;
; square_out_reg~10                                                                       ; Lost fanout                                    ;
; square_out_reg~11                                                                       ; Lost fanout                                    ;
; square_out_reg~12                                                                       ; Lost fanout                                    ;
; square_out_reg~13                                                                       ; Lost fanout                                    ;
; square_out_reg~14                                                                       ; Lost fanout                                    ;
; square_out_reg~15                                                                       ; Lost fanout                                    ;
; square_prev~4                                                                           ; Lost fanout                                    ;
; square_prev~5                                                                           ; Lost fanout                                    ;
; square_prev~6                                                                           ; Lost fanout                                    ;
; square_prev~7                                                                           ; Lost fanout                                    ;
; square_prev~8                                                                           ; Lost fanout                                    ;
; square_prev~9                                                                           ; Lost fanout                                    ;
; square_prev~10                                                                          ; Lost fanout                                    ;
; square_prev~11                                                                          ; Lost fanout                                    ;
; square_prev~12                                                                          ; Lost fanout                                    ;
; square_prev~13                                                                          ; Lost fanout                                    ;
; square_prev~14                                                                          ; Lost fanout                                    ;
; square_prev~15                                                                          ; Lost fanout                                    ;
; square_prev~16                                                                          ; Lost fanout                                    ;
; square_raw~4                                                                            ; Lost fanout                                    ;
; square_raw~5                                                                            ; Lost fanout                                    ;
; square_raw~6                                                                            ; Lost fanout                                    ;
; square_raw~7                                                                            ; Lost fanout                                    ;
; square_raw~8                                                                            ; Lost fanout                                    ;
; square_raw~9                                                                            ; Lost fanout                                    ;
; square_raw~10                                                                           ; Lost fanout                                    ;
; square_raw~11                                                                           ; Lost fanout                                    ;
; square_raw~12                                                                           ; Lost fanout                                    ;
; square_raw~13                                                                           ; Lost fanout                                    ;
; square_raw~14                                                                           ; Lost fanout                                    ;
; square_raw~15                                                                           ; Lost fanout                                    ;
; square_raw~16                                                                           ; Lost fanout                                    ;
; seg_display:u_seg_display|state~9                                                       ; Lost fanout                                    ;
; MCU_uart:u_mcu_uart|state~8                                                             ; Lost fanout                                    ;
; MCU_uart:u_mcu_uart|state~9                                                             ; Lost fanout                                    ;
; Total Number of Removed Registers = 90                                                  ;                                                ;
+-----------------------------------------------------------------------------------------+------------------------------------------------+


+---------------------------------------------------------------------------------------------------------+
; Removed Registers Triggering Further Register Optimizations                                             ;
+------------------------------------+---------------------------+----------------------------------------+
; Register name                      ; Reason for Removal        ; Registers Removed due to This Register ;
+------------------------------------+---------------------------+----------------------------------------+
; seg_display:u_seg_display|z_reg[3] ; Stuck at GND              ; seg_display:u_seg_display|z_show[3]    ;
;                                    ; due to stuck port data_in ;                                        ;
+------------------------------------+---------------------------+----------------------------------------+


+------------------------------------------------------+
; General Register Statistics                          ;
+----------------------------------------------+-------+
; Statistic                                    ; Value ;
+----------------------------------------------+-------+
; Total registers                              ; 671   ;
; Number of registers using Synchronous Clear  ; 93    ;
; Number of registers using Synchronous Load   ; 89    ;
; Number of registers using Asynchronous Clear ; 578   ;
; Number of registers using Asynchronous Load  ; 0     ;
; Number of registers using Clock Enable       ; 355   ;
; Number of registers using Preset             ; 0     ;
+----------------------------------------------+-------+


+---------------------------------------------------+
; Inverted Register Statistics                      ;
+-----------------------------------------+---------+
; Inverted Register                       ; Fan out ;
+-----------------------------------------+---------+
; duty_threshold_reg[30]                  ; 1       ;
; duty_threshold_reg[29]                  ; 1       ;
; duty_threshold_reg[28]                  ; 1       ;
; duty_threshold_reg[27]                  ; 1       ;
; duty_threshold_reg[26]                  ; 1       ;
; duty_threshold_reg[25]                  ; 1       ;
; duty_threshold_reg[24]                  ; 1       ;
; duty_threshold_reg[23]                  ; 1       ;
; duty_threshold_reg[22]                  ; 1       ;
; duty_threshold_reg[21]                  ; 1       ;
; duty_threshold_reg[20]                  ; 1       ;
; duty_threshold_reg[19]                  ; 1       ;
; duty_threshold_reg[18]                  ; 1       ;
; duty_threshold_reg[17]                  ; 1       ;
; duty_threshold_reg[16]                  ; 1       ;
; duty_threshold_reg[15]                  ; 1       ;
; duty_threshold_reg[14]                  ; 1       ;
; duty_threshold_reg[13]                  ; 1       ;
; duty_threshold_reg[12]                  ; 1       ;
; duty_threshold_reg[11]                  ; 1       ;
; duty_threshold_reg[10]                  ; 1       ;
; duty_threshold_reg[9]                   ; 1       ;
; duty_threshold_reg[8]                   ; 1       ;
; duty_threshold_reg[7]                   ; 1       ;
; sweep_freq[6]                           ; 7       ;
; sweep_freq[5]                           ; 7       ;
; sweep_freq[2]                           ; 7       ;
; work_mode[0]                            ; 20      ;
; am_out[13]                              ; 1       ;
; bb_shift_reg[7]                         ; 1       ;
; fm_dev[12]                              ; 4       ;
; fm_dev[9]                               ; 4       ;
; square_duty[5]                          ; 22      ;
; fm_dev[8]                               ; 4       ;
; square_duty[4]                          ; 24      ;
; fm_dev[7]                               ; 4       ;
; am_ma[3]                                ; 2       ;
; am_ma[1]                                ; 2       ;
; square_duty[1]                          ; 22      ;
; fm_dev[3]                               ; 4       ;
; duty_threshold_reg[6]                   ; 1       ;
; duty_threshold_reg[4]                   ; 1       ;
; am_fc[18]                               ; 1       ;
; am_fc[17]                               ; 1       ;
; am_fc[19]                               ; 1       ;
; am_fc[14]                               ; 1       ;
; sine_freq[6]                            ; 1       ;
; am_fc[6]                                ; 1       ;
; sine_freq[5]                            ; 1       ;
; fm_fc[5]                                ; 2       ;
; sine_freq[7]                            ; 1       ;
; fm_fc[7]                                ; 2       ;
; sine_freq[8]                            ; 1       ;
; sine_freq[9]                            ; 1       ;
; am_fc[9]                                ; 1       ;
; fm_fc[9]                                ; 2       ;
; fm_fc[10]                               ; 2       ;
; fm_fc[15]                               ; 2       ;
; am_fc[16]                               ; 1       ;
; fm_fc[16]                               ; 2       ;
; sine_freq[3]                            ; 1       ;
; bb_shift_reg[5]                         ; 1       ;
; bb_shift_reg[4]                         ; 1       ;
; bb_shift_reg[1]                         ; 1       ;
; Total number of inverted registers = 64 ;         ;
+-----------------------------------------+---------+


+----------------------------------------------------------------------------------------------------------------------------------------------------------------+
; Multiplexer Restructuring Statistics (Restructuring Performed)                                                                                                 ;
+--------------------+-----------+---------------+----------------------+------------------------+------------+--------------------------------------------------+
; Multiplexer Inputs ; Bus Width ; Baseline Area ; Area if Restructured ; Saving if Restructured ; Registered ; Example Multiplexer Output                       ;
+--------------------+-----------+---------------+----------------------+------------------------+------------+--------------------------------------------------+
; 3:1                ; 13 bits   ; 26 LEs        ; 26 LEs               ; 0 LEs                  ; Yes        ; |DDS_simple|am_out[1]                            ;
; 3:1                ; 2 bits    ; 4 LEs         ; 4 LEs                ; 0 LEs                  ; Yes        ; |DDS_simple|MCU_uart:u_mcu_uart|mode_sel[1]      ;
; 3:1                ; 2 bits    ; 4 LEs         ; 2 LEs                ; 2 LEs                  ; Yes        ; |DDS_simple|MCU_uart:u_mcu_uart|idx_cnt[1]       ;
; 3:1                ; 4 bits    ; 8 LEs         ; 8 LEs                ; 0 LEs                  ; Yes        ; |DDS_simple|seg_display:u_seg_display|z_reg[2]   ;
; 3:1                ; 32 bits   ; 64 LEs        ; 32 LEs               ; 32 LEs                 ; Yes        ; |DDS_simple|sweep_cnt[30]                        ;
; 4:1                ; 29 bits   ; 58 LEs        ; 58 LEs               ; 0 LEs                  ; Yes        ; |DDS_simple|sweep_freq[15]                       ;
; 4:1                ; 35 bits   ; 70 LEs        ; 35 LEs               ; 35 LEs                 ; Yes        ; |DDS_simple|MCU_uart:u_mcu_uart|freq_temp[7]     ;
; 4:1                ; 6 bits    ; 12 LEs        ; 12 LEs               ; 0 LEs                  ; Yes        ; |DDS_simple|seg_display:u_seg_display|base[7]    ;
; 4:1                ; 2 bits    ; 4 LEs         ; 2 LEs                ; 2 LEs                  ; Yes        ; |DDS_simple|seg_display:u_seg_display|temp_f[0]  ;
; 7:1                ; 26 bits   ; 104 LEs       ; 0 LEs                ; 104 LEs                ; Yes        ; |DDS_simple|sine_freq[31]                        ;
; 5:1                ; 4 bits    ; 12 LEs        ; 4 LEs                ; 8 LEs                  ; Yes        ; |DDS_simple|MCU_uart:u_mcu_uart|bit_cnt[3]       ;
; 5:1                ; 30 bits   ; 90 LEs        ; 60 LEs               ; 30 LEs                 ; Yes        ; |DDS_simple|seg_display:u_seg_display|temp_f[10] ;
; 7:1                ; 16 bits   ; 64 LEs        ; 16 LEs               ; 48 LEs                 ; Yes        ; |DDS_simple|MCU_uart:u_mcu_uart|baud_cnt[6]      ;
; 8:1                ; 27 bits   ; 135 LEs       ; 54 LEs               ; 81 LEs                 ; Yes        ; |DDS_simple|fm_dev[19]                           ;
; 4:1                ; 3 bits    ; 6 LEs         ; 6 LEs                ; 0 LEs                  ; Yes        ; |DDS_simple|sweep_freq[2]                        ;
; 6:1                ; 3 bits    ; 12 LEs        ; 6 LEs                ; 6 LEs                  ; Yes        ; |DDS_simple|fm_dev[2]                            ;
; 7:1                ; 6 bits    ; 24 LEs        ; 0 LEs                ; 24 LEs                 ; Yes        ; |DDS_simple|sine_freq[7]                         ;
; 3:1                ; 8 bits    ; 16 LEs        ; 16 LEs               ; 0 LEs                  ; No         ; |DDS_simple|display_ma[1]                        ;
; 3:1                ; 16 bits   ; 32 LEs        ; 32 LEs               ; 0 LEs                  ; No         ; |DDS_simple|envelope[1]                          ;
; 7:1                ; 26 bits   ; 104 LEs       ; 78 LEs               ; 26 LEs                 ; No         ; |DDS_simple|display_freq                         ;
; 15:1               ; 6 bits    ; 60 LEs        ; 54 LEs               ; 6 LEs                  ; No         ; |DDS_simple|seg_display:u_seg_display|Mux3       ;
; 8:1                ; 2 bits    ; 10 LEs        ; 4 LEs                ; 6 LEs                  ; No         ; |DDS_simple|MCU_uart:u_mcu_uart|Selector1        ;
; 8:1                ; 2 bits    ; 10 LEs        ; 4 LEs                ; 6 LEs                  ; No         ; |DDS_simple|MCU_uart:u_mcu_uart|Selector0        ;
; 13:1               ; 12 bits   ; 96 LEs        ; 48 LEs               ; 48 LEs                 ; No         ; |DDS_simple|dac_comb[3]                          ;
; 13:1               ; 2 bits    ; 16 LEs        ; 8 LEs                ; 8 LEs                  ; No         ; |DDS_simple|dac_comb[12]                         ;
; 10:1               ; 6 bits    ; 36 LEs        ; 24 LEs               ; 12 LEs                 ; No         ; |DDS_simple|display_freq[16]                     ;
+--------------------+-----------+---------------+----------------------+------------------------+------------+--------------------------------------------------+


+----------------------------------------------------------------------------------------------------------------+
; Source assignments for sine_14bit_256:u_rom_psk|altsyncram:altsyncram_component|altsyncram_rq91:auto_generated ;
+---------------------------------+--------------------+------+--------------------------------------------------+
; Assignment                      ; Value              ; From ; To                                               ;
+---------------------------------+--------------------+------+--------------------------------------------------+
; OPTIMIZE_POWER_DURING_SYNTHESIS ; NORMAL_COMPILATION ; -    ; -                                                ;
+---------------------------------+--------------------+------+--------------------------------------------------+


+----------------------------------------------------------------------------------------------------------------+
; Source assignments for sine_14bit_256:u_rom_ask|altsyncram:altsyncram_component|altsyncram_rq91:auto_generated ;
+---------------------------------+--------------------+------+--------------------------------------------------+
; Assignment                      ; Value              ; From ; To                                               ;
+---------------------------------+--------------------+------+--------------------------------------------------+
; OPTIMIZE_POWER_DURING_SYNTHESIS ; NORMAL_COMPILATION ; -    ; -                                                ;
+---------------------------------+--------------------+------+--------------------------------------------------+


+---------------------------------------------------------------------------------------------------------------+
; Source assignments for sine_14bit_256:u_rom_1k|altsyncram:altsyncram_component|altsyncram_rq91:auto_generated ;
+---------------------------------+--------------------+------+-------------------------------------------------+
; Assignment                      ; Value              ; From ; To                                              ;
+---------------------------------+--------------------+------+-------------------------------------------------+
; OPTIMIZE_POWER_DURING_SYNTHESIS ; NORMAL_COMPILATION ; -    ; -                                               ;
+---------------------------------+--------------------+------+-------------------------------------------------+


+---------------------------------------------------------------------------------------------------------------+
; Source assignments for sine_14bit_256:u_rom_2k|altsyncram:altsyncram_component|altsyncram_rq91:auto_generated ;
+---------------------------------+--------------------+------+-------------------------------------------------+
; Assignment                      ; Value              ; From ; To                                              ;
+---------------------------------+--------------------+------+-------------------------------------------------+
; OPTIMIZE_POWER_DURING_SYNTHESIS ; NORMAL_COMPILATION ; -    ; -                                               ;
+---------------------------------+--------------------+------+-------------------------------------------------+


+-----------------------------------------------------------------------------------------------------------------------+
; Source assignments for sine_12bit_256:u_rom_carrier_12|altsyncram:altsyncram_component|altsyncram_nq91:auto_generated ;
+---------------------------------+--------------------+------+---------------------------------------------------------+
; Assignment                      ; Value              ; From ; To                                                      ;
+---------------------------------+--------------------+------+---------------------------------------------------------+
; OPTIMIZE_POWER_DURING_SYNTHESIS ; NORMAL_COMPILATION ; -    ; -                                                       ;
+---------------------------------+--------------------+------+---------------------------------------------------------+


+-----------------------------------------------------------------------------------------------------------------------+
; Source assignments for sine_14bit_256:u_rom_carrier_14|altsyncram:altsyncram_component|altsyncram_rq91:auto_generated ;
+---------------------------------+--------------------+------+---------------------------------------------------------+
; Assignment                      ; Value              ; From ; To                                                      ;
+---------------------------------+--------------------+------+---------------------------------------------------------+
; OPTIMIZE_POWER_DURING_SYNTHESIS ; NORMAL_COMPILATION ; -    ; -                                                       ;
+---------------------------------+--------------------+------+---------------------------------------------------------+


+----------------------------------------------------------------------------------------------------------------+
; Source assignments for sine_14bit_256:u_rom_mod|altsyncram:altsyncram_component|altsyncram_rq91:auto_generated ;
+---------------------------------+--------------------+------+--------------------------------------------------+
; Assignment                      ; Value              ; From ; To                                               ;
+---------------------------------+--------------------+------+--------------------------------------------------+
; OPTIMIZE_POWER_DURING_SYNTHESIS ; NORMAL_COMPILATION ; -    ; -                                                ;
+---------------------------------+--------------------+------+--------------------------------------------------+


+----------------------------------------------------------------------------+
; Parameter Settings for User Entity Instance: Top-level Entity: |DDS_simple ;
+----------------+----------------------------------+------------------------+
; Parameter Name ; Value                            ; Type                   ;
+----------------+----------------------------------+------------------------+
; FTW_1K         ; 00000000000000010100111110001011 ; Unsigned Binary        ;
; FTW_2K         ; 00000000000000101001111100010110 ; Unsigned Binary        ;
; SWEEP_MIN      ; 00000000000000000000000001100100 ; Unsigned Binary        ;
; SWEEP_MAX      ; 00000000100110001001011010000000 ; Unsigned Binary        ;
; SWEEP_INTERVAL ; 00000000000000010100010110000101 ; Unsigned Binary        ;
+----------------+----------------------------------+------------------------+
Note: In order to hide this table in the UI and the text report file, please set the "Show Parameter Settings in Synthesis Report" option in "Analysis and Synthesis Settings -> More Settings" to "Off".


+-------------------------------------------------------------------------------------------------------+
; Parameter Settings for User Entity Instance: sine_14bit_256:u_rom_psk|altsyncram:altsyncram_component ;
+------------------------------------+----------------------+-------------------------------------------+
; Parameter Name                     ; Value                ; Type                                      ;
+------------------------------------+----------------------+-------------------------------------------+
; BYTE_SIZE_BLOCK                    ; 8                    ; Untyped                                   ;
; AUTO_CARRY_CHAINS                  ; ON                   ; AUTO_CARRY                                ;
; IGNORE_CARRY_BUFFERS               ; OFF                  ; IGNORE_CARRY                              ;
; AUTO_CASCADE_CHAINS                ; ON                   ; AUTO_CASCADE                              ;
; IGNORE_CASCADE_BUFFERS             ; OFF                  ; IGNORE_CASCADE                            ;
; WIDTH_BYTEENA                      ; 1                    ; Untyped                                   ;
; OPERATION_MODE                     ; ROM                  ; Untyped                                   ;
; WIDTH_A                            ; 14                   ; Signed Integer                            ;
; WIDTHAD_A                          ; 8                    ; Signed Integer                            ;
; NUMWORDS_A                         ; 256                  ; Signed Integer                            ;
; OUTDATA_REG_A                      ; CLOCK0               ; Untyped                                   ;
; ADDRESS_ACLR_A                     ; NONE                 ; Untyped                                   ;
; OUTDATA_ACLR_A                     ; NONE                 ; Untyped                                   ;
; WRCONTROL_ACLR_A                   ; NONE                 ; Untyped                                   ;
; INDATA_ACLR_A                      ; NONE                 ; Untyped                                   ;
; BYTEENA_ACLR_A                     ; NONE                 ; Untyped                                   ;
; WIDTH_B                            ; 1                    ; Untyped                                   ;
; WIDTHAD_B                          ; 1                    ; Untyped                                   ;
; NUMWORDS_B                         ; 1                    ; Untyped                                   ;
; INDATA_REG_B                       ; CLOCK1               ; Untyped                                   ;
; WRCONTROL_WRADDRESS_REG_B          ; CLOCK1               ; Untyped                                   ;
; RDCONTROL_REG_B                    ; CLOCK1               ; Untyped                                   ;
; ADDRESS_REG_B                      ; CLOCK1               ; Untyped                                   ;
; OUTDATA_REG_B                      ; UNREGISTERED         ; Untyped                                   ;
; BYTEENA_REG_B                      ; CLOCK1               ; Untyped                                   ;
; INDATA_ACLR_B                      ; NONE                 ; Untyped                                   ;
; WRCONTROL_ACLR_B                   ; NONE                 ; Untyped                                   ;
; ADDRESS_ACLR_B                     ; NONE                 ; Untyped                                   ;
; OUTDATA_ACLR_B                     ; NONE                 ; Untyped                                   ;
; RDCONTROL_ACLR_B                   ; NONE                 ; Untyped                                   ;
; BYTEENA_ACLR_B                     ; NONE                 ; Untyped                                   ;
; WIDTH_BYTEENA_A                    ; 1                    ; Signed Integer                            ;
; WIDTH_BYTEENA_B                    ; 1                    ; Untyped                                   ;
; RAM_BLOCK_TYPE                     ; AUTO                 ; Untyped                                   ;
; BYTE_SIZE                          ; 8                    ; Untyped                                   ;
; READ_DURING_WRITE_MODE_MIXED_PORTS ; DONT_CARE            ; Untyped                                   ;
; READ_DURING_WRITE_MODE_PORT_A      ; NEW_DATA_NO_NBE_READ ; Untyped                                   ;
; READ_DURING_WRITE_MODE_PORT_B      ; NEW_DATA_NO_NBE_READ ; Untyped                                   ;
; INIT_FILE                          ; sine_14bit_256.mif   ; Untyped                                   ;
; INIT_FILE_LAYOUT                   ; PORT_A               ; Untyped                                   ;
; MAXIMUM_DEPTH                      ; 0                    ; Untyped                                   ;
; CLOCK_ENABLE_INPUT_A               ; BYPASS               ; Untyped                                   ;
; CLOCK_ENABLE_INPUT_B               ; NORMAL               ; Untyped                                   ;
; CLOCK_ENABLE_OUTPUT_A              ; BYPASS               ; Untyped                                   ;
; CLOCK_ENABLE_OUTPUT_B              ; NORMAL               ; Untyped                                   ;
; CLOCK_ENABLE_CORE_A                ; USE_INPUT_CLKEN      ; Untyped                                   ;
; CLOCK_ENABLE_CORE_B                ; USE_INPUT_CLKEN      ; Untyped                                   ;
; ENABLE_ECC                         ; FALSE                ; Untyped                                   ;
; ECC_PIPELINE_STAGE_ENABLED         ; FALSE                ; Untyped                                   ;
; WIDTH_ECCSTATUS                    ; 3                    ; Untyped                                   ;
; DEVICE_FAMILY                      ; Cyclone IV E         ; Untyped                                   ;
; CBXI_PARAMETER                     ; altsyncram_rq91      ; Untyped                                   ;
+------------------------------------+----------------------+-------------------------------------------+
Note: In order to hide this table in the UI and the text report file, please set the "Show Parameter Settings in Synthesis Report" option in "Analysis and Synthesis Settings -> More Settings" to "Off".


+-------------------------------------------------------------------------------------------------------+
; Parameter Settings for User Entity Instance: sine_14bit_256:u_rom_ask|altsyncram:altsyncram_component ;
+------------------------------------+----------------------+-------------------------------------------+
; Parameter Name                     ; Value                ; Type                                      ;
+------------------------------------+----------------------+-------------------------------------------+
; BYTE_SIZE_BLOCK                    ; 8                    ; Untyped                                   ;
; AUTO_CARRY_CHAINS                  ; ON                   ; AUTO_CARRY                                ;
; IGNORE_CARRY_BUFFERS               ; OFF                  ; IGNORE_CARRY                              ;
; AUTO_CASCADE_CHAINS                ; ON                   ; AUTO_CASCADE                              ;
; IGNORE_CASCADE_BUFFERS             ; OFF                  ; IGNORE_CASCADE                            ;
; WIDTH_BYTEENA                      ; 1                    ; Untyped                                   ;
; OPERATION_MODE                     ; ROM                  ; Untyped                                   ;
; WIDTH_A                            ; 14                   ; Signed Integer                            ;
; WIDTHAD_A                          ; 8                    ; Signed Integer                            ;
; NUMWORDS_A                         ; 256                  ; Signed Integer                            ;
; OUTDATA_REG_A                      ; CLOCK0               ; Untyped                                   ;
; ADDRESS_ACLR_A                     ; NONE                 ; Untyped                                   ;
; OUTDATA_ACLR_A                     ; NONE                 ; Untyped                                   ;
; WRCONTROL_ACLR_A                   ; NONE                 ; Untyped                                   ;
; INDATA_ACLR_A                      ; NONE                 ; Untyped                                   ;
; BYTEENA_ACLR_A                     ; NONE                 ; Untyped                                   ;
; WIDTH_B                            ; 1                    ; Untyped                                   ;
; WIDTHAD_B                          ; 1                    ; Untyped                                   ;
; NUMWORDS_B                         ; 1                    ; Untyped                                   ;
; INDATA_REG_B                       ; CLOCK1               ; Untyped                                   ;
; WRCONTROL_WRADDRESS_REG_B          ; CLOCK1               ; Untyped                                   ;
; RDCONTROL_REG_B                    ; CLOCK1               ; Untyped                                   ;
; ADDRESS_REG_B                      ; CLOCK1               ; Untyped                                   ;
; OUTDATA_REG_B                      ; UNREGISTERED         ; Untyped                                   ;
; BYTEENA_REG_B                      ; CLOCK1               ; Untyped                                   ;
; INDATA_ACLR_B                      ; NONE                 ; Untyped                                   ;
; WRCONTROL_ACLR_B                   ; NONE                 ; Untyped                                   ;
; ADDRESS_ACLR_B                     ; NONE                 ; Untyped                                   ;
; OUTDATA_ACLR_B                     ; NONE                 ; Untyped                                   ;
; RDCONTROL_ACLR_B                   ; NONE                 ; Untyped                                   ;
; BYTEENA_ACLR_B                     ; NONE                 ; Untyped                                   ;
; WIDTH_BYTEENA_A                    ; 1                    ; Signed Integer                            ;
; WIDTH_BYTEENA_B                    ; 1                    ; Untyped                                   ;
; RAM_BLOCK_TYPE                     ; AUTO                 ; Untyped                                   ;
; BYTE_SIZE                          ; 8                    ; Untyped                                   ;
; READ_DURING_WRITE_MODE_MIXED_PORTS ; DONT_CARE            ; Untyped                                   ;
; READ_DURING_WRITE_MODE_PORT_A      ; NEW_DATA_NO_NBE_READ ; Untyped                                   ;
; READ_DURING_WRITE_MODE_PORT_B      ; NEW_DATA_NO_NBE_READ ; Untyped                                   ;
; INIT_FILE                          ; sine_14bit_256.mif   ; Untyped                                   ;
; INIT_FILE_LAYOUT                   ; PORT_A               ; Untyped                                   ;
; MAXIMUM_DEPTH                      ; 0                    ; Untyped                                   ;
; CLOCK_ENABLE_INPUT_A               ; BYPASS               ; Untyped                                   ;
; CLOCK_ENABLE_INPUT_B               ; NORMAL               ; Untyped                                   ;
; CLOCK_ENABLE_OUTPUT_A              ; BYPASS               ; Untyped                                   ;
; CLOCK_ENABLE_OUTPUT_B              ; NORMAL               ; Untyped                                   ;
; CLOCK_ENABLE_CORE_A                ; USE_INPUT_CLKEN      ; Untyped                                   ;
; CLOCK_ENABLE_CORE_B                ; USE_INPUT_CLKEN      ; Untyped                                   ;
; ENABLE_ECC                         ; FALSE                ; Untyped                                   ;
; ECC_PIPELINE_STAGE_ENABLED         ; FALSE                ; Untyped                                   ;
; WIDTH_ECCSTATUS                    ; 3                    ; Untyped                                   ;
; DEVICE_FAMILY                      ; Cyclone IV E         ; Untyped                                   ;
; CBXI_PARAMETER                     ; altsyncram_rq91      ; Untyped                                   ;
+------------------------------------+----------------------+-------------------------------------------+
Note: In order to hide this table in the UI and the text report file, please set the "Show Parameter Settings in Synthesis Report" option in "Analysis and Synthesis Settings -> More Settings" to "Off".


+------------------------------------------------------------------+
; Parameter Settings for User Entity Instance: MCU_uart:u_mcu_uart ;
+----------------+----------+--------------------------------------+
; Parameter Name ; Value    ; Type                                 ;
+----------------+----------+--------------------------------------+
; CLK_FREQ       ; 50000000 ; Signed Integer                       ;
; UART_BPS       ; 115200   ; Signed Integer                       ;
+----------------+----------+--------------------------------------+
Note: In order to hide this table in the UI and the text report file, please set the "Show Parameter Settings in Synthesis Report" option in "Analysis and Synthesis Settings -> More Settings" to "Off".


+------------------------------------------------------------------------------------------------------+
; Parameter Settings for User Entity Instance: sine_14bit_256:u_rom_1k|altsyncram:altsyncram_component ;
+------------------------------------+----------------------+------------------------------------------+
; Parameter Name                     ; Value                ; Type                                     ;
+------------------------------------+----------------------+------------------------------------------+
; BYTE_SIZE_BLOCK                    ; 8                    ; Untyped                                  ;
; AUTO_CARRY_CHAINS                  ; ON                   ; AUTO_CARRY                               ;
; IGNORE_CARRY_BUFFERS               ; OFF                  ; IGNORE_CARRY                             ;
; AUTO_CASCADE_CHAINS                ; ON                   ; AUTO_CASCADE                             ;
; IGNORE_CASCADE_BUFFERS             ; OFF                  ; IGNORE_CASCADE                           ;
; WIDTH_BYTEENA                      ; 1                    ; Untyped                                  ;
; OPERATION_MODE                     ; ROM                  ; Untyped                                  ;
; WIDTH_A                            ; 14                   ; Signed Integer                           ;
; WIDTHAD_A                          ; 8                    ; Signed Integer                           ;
; NUMWORDS_A                         ; 256                  ; Signed Integer                           ;
; OUTDATA_REG_A                      ; CLOCK0               ; Untyped                                  ;
; ADDRESS_ACLR_A                     ; NONE                 ; Untyped                                  ;
; OUTDATA_ACLR_A                     ; NONE                 ; Untyped                                  ;
; WRCONTROL_ACLR_A                   ; NONE                 ; Untyped                                  ;
; INDATA_ACLR_A                      ; NONE                 ; Untyped                                  ;
; BYTEENA_ACLR_A                     ; NONE                 ; Untyped                                  ;
; WIDTH_B                            ; 1                    ; Untyped                                  ;
; WIDTHAD_B                          ; 1                    ; Untyped                                  ;
; NUMWORDS_B                         ; 1                    ; Untyped                                  ;
; INDATA_REG_B                       ; CLOCK1               ; Untyped                                  ;
; WRCONTROL_WRADDRESS_REG_B          ; CLOCK1               ; Untyped                                  ;
; RDCONTROL_REG_B                    ; CLOCK1               ; Untyped                                  ;
; ADDRESS_REG_B                      ; CLOCK1               ; Untyped                                  ;
; OUTDATA_REG_B                      ; UNREGISTERED         ; Untyped                                  ;
; BYTEENA_REG_B                      ; CLOCK1               ; Untyped                                  ;
; INDATA_ACLR_B                      ; NONE                 ; Untyped                                  ;
; WRCONTROL_ACLR_B                   ; NONE                 ; Untyped                                  ;
; ADDRESS_ACLR_B                     ; NONE                 ; Untyped                                  ;
; OUTDATA_ACLR_B                     ; NONE                 ; Untyped                                  ;
; RDCONTROL_ACLR_B                   ; NONE                 ; Untyped                                  ;
; BYTEENA_ACLR_B                     ; NONE                 ; Untyped                                  ;
; WIDTH_BYTEENA_A                    ; 1                    ; Signed Integer                           ;
; WIDTH_BYTEENA_B                    ; 1                    ; Untyped                                  ;
; RAM_BLOCK_TYPE                     ; AUTO                 ; Untyped                                  ;
; BYTE_SIZE                          ; 8                    ; Untyped                                  ;
; READ_DURING_WRITE_MODE_MIXED_PORTS ; DONT_CARE            ; Untyped                                  ;
; READ_DURING_WRITE_MODE_PORT_A      ; NEW_DATA_NO_NBE_READ ; Untyped                                  ;
; READ_DURING_WRITE_MODE_PORT_B      ; NEW_DATA_NO_NBE_READ ; Untyped                                  ;
; INIT_FILE                          ; sine_14bit_256.mif   ; Untyped                                  ;
; INIT_FILE_LAYOUT                   ; PORT_A               ; Untyped                                  ;
; MAXIMUM_DEPTH                      ; 0                    ; Untyped                                  ;
; CLOCK_ENABLE_INPUT_A               ; BYPASS               ; Untyped                                  ;
; CLOCK_ENABLE_INPUT_B               ; NORMAL               ; Untyped                                  ;
; CLOCK_ENABLE_OUTPUT_A              ; BYPASS               ; Untyped                                  ;
; CLOCK_ENABLE_OUTPUT_B              ; NORMAL               ; Untyped                                  ;
; CLOCK_ENABLE_CORE_A                ; USE_INPUT_CLKEN      ; Untyped                                  ;
; CLOCK_ENABLE_CORE_B                ; USE_INPUT_CLKEN      ; Untyped                                  ;
; ENABLE_ECC                         ; FALSE                ; Untyped                                  ;
; ECC_PIPELINE_STAGE_ENABLED         ; FALSE                ; Untyped                                  ;
; WIDTH_ECCSTATUS                    ; 3                    ; Untyped                                  ;
; DEVICE_FAMILY                      ; Cyclone IV E         ; Untyped                                  ;
; CBXI_PARAMETER                     ; altsyncram_rq91      ; Untyped                                  ;
+------------------------------------+----------------------+------------------------------------------+
Note: In order to hide this table in the UI and the text report file, please set the "Show Parameter Settings in Synthesis Report" option in "Analysis and Synthesis Settings -> More Settings" to "Off".


+------------------------------------------------------------------------------------------------------+
; Parameter Settings for User Entity Instance: sine_14bit_256:u_rom_2k|altsyncram:altsyncram_component ;
+------------------------------------+----------------------+------------------------------------------+
; Parameter Name                     ; Value                ; Type                                     ;
+------------------------------------+----------------------+------------------------------------------+
; BYTE_SIZE_BLOCK                    ; 8                    ; Untyped                                  ;
; AUTO_CARRY_CHAINS                  ; ON                   ; AUTO_CARRY                               ;
; IGNORE_CARRY_BUFFERS               ; OFF                  ; IGNORE_CARRY                             ;
; AUTO_CASCADE_CHAINS                ; ON                   ; AUTO_CASCADE                             ;
; IGNORE_CASCADE_BUFFERS             ; OFF                  ; IGNORE_CASCADE                           ;
; WIDTH_BYTEENA                      ; 1                    ; Untyped                                  ;
; OPERATION_MODE                     ; ROM                  ; Untyped                                  ;
; WIDTH_A                            ; 14                   ; Signed Integer                           ;
; WIDTHAD_A                          ; 8                    ; Signed Integer                           ;
; NUMWORDS_A                         ; 256                  ; Signed Integer                           ;
; OUTDATA_REG_A                      ; CLOCK0               ; Untyped                                  ;
; ADDRESS_ACLR_A                     ; NONE                 ; Untyped                                  ;
; OUTDATA_ACLR_A                     ; NONE                 ; Untyped                                  ;
; WRCONTROL_ACLR_A                   ; NONE                 ; Untyped                                  ;
; INDATA_ACLR_A                      ; NONE                 ; Untyped                                  ;
; BYTEENA_ACLR_A                     ; NONE                 ; Untyped                                  ;
; WIDTH_B                            ; 1                    ; Untyped                                  ;
; WIDTHAD_B                          ; 1                    ; Untyped                                  ;
; NUMWORDS_B                         ; 1                    ; Untyped                                  ;
; INDATA_REG_B                       ; CLOCK1               ; Untyped                                  ;
; WRCONTROL_WRADDRESS_REG_B          ; CLOCK1               ; Untyped                                  ;
; RDCONTROL_REG_B                    ; CLOCK1               ; Untyped                                  ;
; ADDRESS_REG_B                      ; CLOCK1               ; Untyped                                  ;
; OUTDATA_REG_B                      ; UNREGISTERED         ; Untyped                                  ;
; BYTEENA_REG_B                      ; CLOCK1               ; Untyped                                  ;
; INDATA_ACLR_B                      ; NONE                 ; Untyped                                  ;
; WRCONTROL_ACLR_B                   ; NONE                 ; Untyped                                  ;
; ADDRESS_ACLR_B                     ; NONE                 ; Untyped                                  ;
; OUTDATA_ACLR_B                     ; NONE                 ; Untyped                                  ;
; RDCONTROL_ACLR_B                   ; NONE                 ; Untyped                                  ;
; BYTEENA_ACLR_B                     ; NONE                 ; Untyped                                  ;
; WIDTH_BYTEENA_A                    ; 1                    ; Signed Integer                           ;
; WIDTH_BYTEENA_B                    ; 1                    ; Untyped                                  ;
; RAM_BLOCK_TYPE                     ; AUTO                 ; Untyped                                  ;
; BYTE_SIZE                          ; 8                    ; Untyped                                  ;
; READ_DURING_WRITE_MODE_MIXED_PORTS ; DONT_CARE            ; Untyped                                  ;
; READ_DURING_WRITE_MODE_PORT_A      ; NEW_DATA_NO_NBE_READ ; Untyped                                  ;
; READ_DURING_WRITE_MODE_PORT_B      ; NEW_DATA_NO_NBE_READ ; Untyped                                  ;
; INIT_FILE                          ; sine_14bit_256.mif   ; Untyped                                  ;
; INIT_FILE_LAYOUT                   ; PORT_A               ; Untyped                                  ;
; MAXIMUM_DEPTH                      ; 0                    ; Untyped                                  ;
; CLOCK_ENABLE_INPUT_A               ; BYPASS               ; Untyped                                  ;
; CLOCK_ENABLE_INPUT_B               ; NORMAL               ; Untyped                                  ;
; CLOCK_ENABLE_OUTPUT_A              ; BYPASS               ; Untyped                                  ;
; CLOCK_ENABLE_OUTPUT_B              ; NORMAL               ; Untyped                                  ;
; CLOCK_ENABLE_CORE_A                ; USE_INPUT_CLKEN      ; Untyped                                  ;
; CLOCK_ENABLE_CORE_B                ; USE_INPUT_CLKEN      ; Untyped                                  ;
; ENABLE_ECC                         ; FALSE                ; Untyped                                  ;
; ECC_PIPELINE_STAGE_ENABLED         ; FALSE                ; Untyped                                  ;
; WIDTH_ECCSTATUS                    ; 3                    ; Untyped                                  ;
; DEVICE_FAMILY                      ; Cyclone IV E         ; Untyped                                  ;
; CBXI_PARAMETER                     ; altsyncram_rq91      ; Untyped                                  ;
+------------------------------------+----------------------+------------------------------------------+
Note: In order to hide this table in the UI and the text report file, please set the "Show Parameter Settings in Synthesis Report" option in "Analysis and Synthesis Settings -> More Settings" to "Off".


+--------------------------------------------------------------------------------------------------------------+
; Parameter Settings for User Entity Instance: sine_12bit_256:u_rom_carrier_12|altsyncram:altsyncram_component ;
+------------------------------------+----------------------+--------------------------------------------------+
; Parameter Name                     ; Value                ; Type                                             ;
+------------------------------------+----------------------+--------------------------------------------------+
; BYTE_SIZE_BLOCK                    ; 8                    ; Untyped                                          ;
; AUTO_CARRY_CHAINS                  ; ON                   ; AUTO_CARRY                                       ;
; IGNORE_CARRY_BUFFERS               ; OFF                  ; IGNORE_CARRY                                     ;
; AUTO_CASCADE_CHAINS                ; ON                   ; AUTO_CASCADE                                     ;
; IGNORE_CASCADE_BUFFERS             ; OFF                  ; IGNORE_CASCADE                                   ;
; WIDTH_BYTEENA                      ; 1                    ; Untyped                                          ;
; OPERATION_MODE                     ; ROM                  ; Untyped                                          ;
; WIDTH_A                            ; 12                   ; Signed Integer                                   ;
; WIDTHAD_A                          ; 8                    ; Signed Integer                                   ;
; NUMWORDS_A                         ; 256                  ; Signed Integer                                   ;
; OUTDATA_REG_A                      ; CLOCK0               ; Untyped                                          ;
; ADDRESS_ACLR_A                     ; NONE                 ; Untyped                                          ;
; OUTDATA_ACLR_A                     ; NONE                 ; Untyped                                          ;
; WRCONTROL_ACLR_A                   ; NONE                 ; Untyped                                          ;
; INDATA_ACLR_A                      ; NONE                 ; Untyped                                          ;
; BYTEENA_ACLR_A                     ; NONE                 ; Untyped                                          ;
; WIDTH_B                            ; 1                    ; Untyped                                          ;
; WIDTHAD_B                          ; 1                    ; Untyped                                          ;
; NUMWORDS_B                         ; 1                    ; Untyped                                          ;
; INDATA_REG_B                       ; CLOCK1               ; Untyped                                          ;
; WRCONTROL_WRADDRESS_REG_B          ; CLOCK1               ; Untyped                                          ;
; RDCONTROL_REG_B                    ; CLOCK1               ; Untyped                                          ;
; ADDRESS_REG_B                      ; CLOCK1               ; Untyped                                          ;
; OUTDATA_REG_B                      ; UNREGISTERED         ; Untyped                                          ;
; BYTEENA_REG_B                      ; CLOCK1               ; Untyped                                          ;
; INDATA_ACLR_B                      ; NONE                 ; Untyped                                          ;
; WRCONTROL_ACLR_B                   ; NONE                 ; Untyped                                          ;
; ADDRESS_ACLR_B                     ; NONE                 ; Untyped                                          ;
; OUTDATA_ACLR_B                     ; NONE                 ; Untyped                                          ;
; RDCONTROL_ACLR_B                   ; NONE                 ; Untyped                                          ;
; BYTEENA_ACLR_B                     ; NONE                 ; Untyped                                          ;
; WIDTH_BYTEENA_A                    ; 1                    ; Signed Integer                                   ;
; WIDTH_BYTEENA_B                    ; 1                    ; Untyped                                          ;
; RAM_BLOCK_TYPE                     ; AUTO                 ; Untyped                                          ;
; BYTE_SIZE                          ; 8                    ; Untyped                                          ;
; READ_DURING_WRITE_MODE_MIXED_PORTS ; DONT_CARE            ; Untyped                                          ;
; READ_DURING_WRITE_MODE_PORT_A      ; NEW_DATA_NO_NBE_READ ; Untyped                                          ;
; READ_DURING_WRITE_MODE_PORT_B      ; NEW_DATA_NO_NBE_READ ; Untyped                                          ;
; INIT_FILE                          ; sine_12bit_256.mif   ; Untyped                                          ;
; INIT_FILE_LAYOUT                   ; PORT_A               ; Untyped                                          ;
; MAXIMUM_DEPTH                      ; 0                    ; Untyped                                          ;
; CLOCK_ENABLE_INPUT_A               ; BYPASS               ; Untyped                                          ;
; CLOCK_ENABLE_INPUT_B               ; NORMAL               ; Untyped                                          ;
; CLOCK_ENABLE_OUTPUT_A              ; BYPASS               ; Untyped                                          ;
; CLOCK_ENABLE_OUTPUT_B              ; NORMAL               ; Untyped                                          ;
; CLOCK_ENABLE_CORE_A                ; USE_INPUT_CLKEN      ; Untyped                                          ;
; CLOCK_ENABLE_CORE_B                ; USE_INPUT_CLKEN      ; Untyped                                          ;
; ENABLE_ECC                         ; FALSE                ; Untyped                                          ;
; ECC_PIPELINE_STAGE_ENABLED         ; FALSE                ; Untyped                                          ;
; WIDTH_ECCSTATUS                    ; 3                    ; Untyped                                          ;
; DEVICE_FAMILY                      ; Cyclone IV E         ; Untyped                                          ;
; CBXI_PARAMETER                     ; altsyncram_nq91      ; Untyped                                          ;
+------------------------------------+----------------------+--------------------------------------------------+
Note: In order to hide this table in the UI and the text report file, please set the "Show Parameter Settings in Synthesis Report" option in "Analysis and Synthesis Settings -> More Settings" to "Off".


+--------------------------------------------------------------------------------------------------------------+
; Parameter Settings for User Entity Instance: sine_14bit_256:u_rom_carrier_14|altsyncram:altsyncram_component ;
+------------------------------------+----------------------+--------------------------------------------------+
; Parameter Name                     ; Value                ; Type                                             ;
+------------------------------------+----------------------+--------------------------------------------------+
; BYTE_SIZE_BLOCK                    ; 8                    ; Untyped                                          ;
; AUTO_CARRY_CHAINS                  ; ON                   ; AUTO_CARRY                                       ;
; IGNORE_CARRY_BUFFERS               ; OFF                  ; IGNORE_CARRY                                     ;
; AUTO_CASCADE_CHAINS                ; ON                   ; AUTO_CASCADE                                     ;
; IGNORE_CASCADE_BUFFERS             ; OFF                  ; IGNORE_CASCADE                                   ;
; WIDTH_BYTEENA                      ; 1                    ; Untyped                                          ;
; OPERATION_MODE                     ; ROM                  ; Untyped                                          ;
; WIDTH_A                            ; 14                   ; Signed Integer                                   ;
; WIDTHAD_A                          ; 8                    ; Signed Integer                                   ;
; NUMWORDS_A                         ; 256                  ; Signed Integer                                   ;
; OUTDATA_REG_A                      ; CLOCK0               ; Untyped                                          ;
; ADDRESS_ACLR_A                     ; NONE                 ; Untyped                                          ;
; OUTDATA_ACLR_A                     ; NONE                 ; Untyped                                          ;
; WRCONTROL_ACLR_A                   ; NONE                 ; Untyped                                          ;
; INDATA_ACLR_A                      ; NONE                 ; Untyped                                          ;
; BYTEENA_ACLR_A                     ; NONE                 ; Untyped                                          ;
; WIDTH_B                            ; 1                    ; Untyped                                          ;
; WIDTHAD_B                          ; 1                    ; Untyped                                          ;
; NUMWORDS_B                         ; 1                    ; Untyped                                          ;
; INDATA_REG_B                       ; CLOCK1               ; Untyped                                          ;
; WRCONTROL_WRADDRESS_REG_B          ; CLOCK1               ; Untyped                                          ;
; RDCONTROL_REG_B                    ; CLOCK1               ; Untyped                                          ;
; ADDRESS_REG_B                      ; CLOCK1               ; Untyped                                          ;
; OUTDATA_REG_B                      ; UNREGISTERED         ; Untyped                                          ;
; BYTEENA_REG_B                      ; CLOCK1               ; Untyped                                          ;
; INDATA_ACLR_B                      ; NONE                 ; Untyped                                          ;
; WRCONTROL_ACLR_B                   ; NONE                 ; Untyped                                          ;
; ADDRESS_ACLR_B                     ; NONE                 ; Untyped                                          ;
; OUTDATA_ACLR_B                     ; NONE                 ; Untyped                                          ;
; RDCONTROL_ACLR_B                   ; NONE                 ; Untyped                                          ;
; BYTEENA_ACLR_B                     ; NONE                 ; Untyped                                          ;
; WIDTH_BYTEENA_A                    ; 1                    ; Signed Integer                                   ;
; WIDTH_BYTEENA_B                    ; 1                    ; Untyped                                          ;
; RAM_BLOCK_TYPE                     ; AUTO                 ; Untyped                                          ;
; BYTE_SIZE                          ; 8                    ; Untyped                                          ;
; READ_DURING_WRITE_MODE_MIXED_PORTS ; DONT_CARE            ; Untyped                                          ;
; READ_DURING_WRITE_MODE_PORT_A      ; NEW_DATA_NO_NBE_READ ; Untyped                                          ;
; READ_DURING_WRITE_MODE_PORT_B      ; NEW_DATA_NO_NBE_READ ; Untyped                                          ;
; INIT_FILE                          ; sine_14bit_256.mif   ; Untyped                                          ;
; INIT_FILE_LAYOUT                   ; PORT_A               ; Untyped                                          ;
; MAXIMUM_DEPTH                      ; 0                    ; Untyped                                          ;
; CLOCK_ENABLE_INPUT_A               ; BYPASS               ; Untyped                                          ;
; CLOCK_ENABLE_INPUT_B               ; NORMAL               ; Untyped                                          ;
; CLOCK_ENABLE_OUTPUT_A              ; BYPASS               ; Untyped                                          ;
; CLOCK_ENABLE_OUTPUT_B              ; NORMAL               ; Untyped                                          ;
; CLOCK_ENABLE_CORE_A                ; USE_INPUT_CLKEN      ; Untyped                                          ;
; CLOCK_ENABLE_CORE_B                ; USE_INPUT_CLKEN      ; Untyped                                          ;
; ENABLE_ECC                         ; FALSE                ; Untyped                                          ;
; ECC_PIPELINE_STAGE_ENABLED         ; FALSE                ; Untyped                                          ;
; WIDTH_ECCSTATUS                    ; 3                    ; Untyped                                          ;
; DEVICE_FAMILY                      ; Cyclone IV E         ; Untyped                                          ;
; CBXI_PARAMETER                     ; altsyncram_rq91      ; Untyped                                          ;
+------------------------------------+----------------------+--------------------------------------------------+
Note: In order to hide this table in the UI and the text report file, please set the "Show Parameter Settings in Synthesis Report" option in "Analysis and Synthesis Settings -> More Settings" to "Off".


+-------------------------------------------------------------------------------------------------------+
; Parameter Settings for User Entity Instance: sine_14bit_256:u_rom_mod|altsyncram:altsyncram_component ;
+------------------------------------+----------------------+-------------------------------------------+
; Parameter Name                     ; Value                ; Type                                      ;
+------------------------------------+----------------------+-------------------------------------------+
; BYTE_SIZE_BLOCK                    ; 8                    ; Untyped                                   ;
; AUTO_CARRY_CHAINS                  ; ON                   ; AUTO_CARRY                                ;
; IGNORE_CARRY_BUFFERS               ; OFF                  ; IGNORE_CARRY                              ;
; AUTO_CASCADE_CHAINS                ; ON                   ; AUTO_CASCADE                              ;
; IGNORE_CASCADE_BUFFERS             ; OFF                  ; IGNORE_CASCADE                            ;
; WIDTH_BYTEENA                      ; 1                    ; Untyped                                   ;
; OPERATION_MODE                     ; ROM                  ; Untyped                                   ;
; WIDTH_A                            ; 14                   ; Signed Integer                            ;
; WIDTHAD_A                          ; 8                    ; Signed Integer                            ;
; NUMWORDS_A                         ; 256                  ; Signed Integer                            ;
; OUTDATA_REG_A                      ; CLOCK0               ; Untyped                                   ;
; ADDRESS_ACLR_A                     ; NONE                 ; Untyped                                   ;
; OUTDATA_ACLR_A                     ; NONE                 ; Untyped                                   ;
; WRCONTROL_ACLR_A                   ; NONE                 ; Untyped                                   ;
; INDATA_ACLR_A                      ; NONE                 ; Untyped                                   ;
; BYTEENA_ACLR_A                     ; NONE                 ; Untyped                                   ;
; WIDTH_B                            ; 1                    ; Untyped                                   ;
; WIDTHAD_B                          ; 1                    ; Untyped                                   ;
; NUMWORDS_B                         ; 1                    ; Untyped                                   ;
; INDATA_REG_B                       ; CLOCK1               ; Untyped                                   ;
; WRCONTROL_WRADDRESS_REG_B          ; CLOCK1               ; Untyped                                   ;
; RDCONTROL_REG_B                    ; CLOCK1               ; Untyped                                   ;
; ADDRESS_REG_B                      ; CLOCK1               ; Untyped                                   ;
; OUTDATA_REG_B                      ; UNREGISTERED         ; Untyped                                   ;
; BYTEENA_REG_B                      ; CLOCK1               ; Untyped                                   ;
; INDATA_ACLR_B                      ; NONE                 ; Untyped                                   ;
; WRCONTROL_ACLR_B                   ; NONE                 ; Untyped                                   ;
; ADDRESS_ACLR_B                     ; NONE                 ; Untyped                                   ;
; OUTDATA_ACLR_B                     ; NONE                 ; Untyped                                   ;
; RDCONTROL_ACLR_B                   ; NONE                 ; Untyped                                   ;
; BYTEENA_ACLR_B                     ; NONE                 ; Untyped                                   ;
; WIDTH_BYTEENA_A                    ; 1                    ; Signed Integer                            ;
; WIDTH_BYTEENA_B                    ; 1                    ; Untyped                                   ;
; RAM_BLOCK_TYPE                     ; AUTO                 ; Untyped                                   ;
; BYTE_SIZE                          ; 8                    ; Untyped                                   ;
; READ_DURING_WRITE_MODE_MIXED_PORTS ; DONT_CARE            ; Untyped                                   ;
; READ_DURING_WRITE_MODE_PORT_A      ; NEW_DATA_NO_NBE_READ ; Untyped                                   ;
; READ_DURING_WRITE_MODE_PORT_B      ; NEW_DATA_NO_NBE_READ ; Untyped                                   ;
; INIT_FILE                          ; sine_14bit_256.mif   ; Untyped                                   ;
; INIT_FILE_LAYOUT                   ; PORT_A               ; Untyped                                   ;
; MAXIMUM_DEPTH                      ; 0                    ; Untyped                                   ;
; CLOCK_ENABLE_INPUT_A               ; BYPASS               ; Untyped                                   ;
; CLOCK_ENABLE_INPUT_B               ; NORMAL               ; Untyped                                   ;
; CLOCK_ENABLE_OUTPUT_A              ; BYPASS               ; Untyped                                   ;
; CLOCK_ENABLE_OUTPUT_B              ; NORMAL               ; Untyped                                   ;
; CLOCK_ENABLE_CORE_A                ; USE_INPUT_CLKEN      ; Untyped                                   ;
; CLOCK_ENABLE_CORE_B                ; USE_INPUT_CLKEN      ; Untyped                                   ;
; ENABLE_ECC                         ; FALSE                ; Untyped                                   ;
; ECC_PIPELINE_STAGE_ENABLED         ; FALSE                ; Untyped                                   ;
; WIDTH_ECCSTATUS                    ; 3                    ; Untyped                                   ;
; DEVICE_FAMILY                      ; Cyclone IV E         ; Untyped                                   ;
; CBXI_PARAMETER                     ; altsyncram_rq91      ; Untyped                                   ;
+------------------------------------+----------------------+-------------------------------------------+
Note: In order to hide this table in the UI and the text report file, please set the "Show Parameter Settings in Synthesis Report" option in "Analysis and Synthesis Settings -> More Settings" to "Off".


+---------------------------------------------------------------------------------------+
; Parameter Settings for User Entity Instance: dac904_pll:u_pll|altpll:altpll_component ;
+-------------------------------+------------------------------+------------------------+
; Parameter Name                ; Value                        ; Type                   ;
+-------------------------------+------------------------------+------------------------+
; OPERATION_MODE                ; NORMAL                       ; Untyped                ;
; PLL_TYPE                      ; AUTO                         ; Untyped                ;
; LPM_HINT                      ; CBX_MODULE_PREFIX=dac904_pll ; Untyped                ;
; QUALIFY_CONF_DONE             ; OFF                          ; Untyped                ;
; COMPENSATE_CLOCK              ; CLK0                         ; Untyped                ;
; SCAN_CHAIN                    ; LONG                         ; Untyped                ;
; PRIMARY_CLOCK                 ; INCLK0                       ; Untyped                ;
; INCLK0_INPUT_FREQUENCY        ; 20000                        ; Signed Integer         ;
; INCLK1_INPUT_FREQUENCY        ; 0                            ; Untyped                ;
; GATE_LOCK_SIGNAL              ; NO                           ; Untyped                ;
; GATE_LOCK_COUNTER             ; 0                            ; Untyped                ;
; LOCK_HIGH                     ; 1                            ; Untyped                ;
; LOCK_LOW                      ; 1                            ; Untyped                ;
; VALID_LOCK_MULTIPLIER         ; 1                            ; Untyped                ;
; INVALID_LOCK_MULTIPLIER       ; 5                            ; Untyped                ;
; SWITCH_OVER_ON_LOSSCLK        ; OFF                          ; Untyped                ;
; SWITCH_OVER_ON_GATED_LOCK     ; OFF                          ; Untyped                ;
; ENABLE_SWITCH_OVER_COUNTER    ; OFF                          ; Untyped                ;
; SKIP_VCO                      ; OFF                          ; Untyped                ;
; SWITCH_OVER_COUNTER           ; 0                            ; Untyped                ;
; SWITCH_OVER_TYPE              ; AUTO                         ; Untyped                ;
; FEEDBACK_SOURCE               ; EXTCLK0                      ; Untyped                ;
; BANDWIDTH                     ; 0                            ; Untyped                ;
; BANDWIDTH_TYPE                ; AUTO                         ; Untyped                ;
; SPREAD_FREQUENCY              ; 0                            ; Untyped                ;
; DOWN_SPREAD                   ; 0                            ; Untyped                ;
; SELF_RESET_ON_GATED_LOSS_LOCK ; OFF                          ; Untyped                ;
; SELF_RESET_ON_LOSS_LOCK       ; OFF                          ; Untyped                ;
; CLK9_MULTIPLY_BY              ; 0                            ; Untyped                ;
; CLK8_MULTIPLY_BY              ; 0                            ; Untyped                ;
; CLK7_MULTIPLY_BY              ; 0                            ; Untyped                ;
; CLK6_MULTIPLY_BY              ; 0                            ; Untyped                ;
; CLK5_MULTIPLY_BY              ; 1                            ; Untyped                ;
; CLK4_MULTIPLY_BY              ; 1                            ; Untyped                ;
; CLK3_MULTIPLY_BY              ; 1                            ; Untyped                ;
; CLK2_MULTIPLY_BY              ; 1                            ; Untyped                ;
; CLK1_MULTIPLY_BY              ; 1                            ; Untyped                ;
; CLK0_MULTIPLY_BY              ; 4                            ; Signed Integer         ;
; CLK9_DIVIDE_BY                ; 0                            ; Untyped                ;
; CLK8_DIVIDE_BY                ; 0                            ; Untyped                ;
; CLK7_DIVIDE_BY                ; 0                            ; Untyped                ;
; CLK6_DIVIDE_BY                ; 0                            ; Untyped                ;
; CLK5_DIVIDE_BY                ; 1                            ; Untyped                ;
; CLK4_DIVIDE_BY                ; 1                            ; Untyped                ;
; CLK3_DIVIDE_BY                ; 1                            ; Untyped                ;
; CLK2_DIVIDE_BY                ; 1                            ; Untyped                ;
; CLK1_DIVIDE_BY                ; 1                            ; Untyped                ;
; CLK0_DIVIDE_BY                ; 1                            ; Signed Integer         ;
; CLK9_PHASE_SHIFT              ; 0                            ; Untyped                ;
; CLK8_PHASE_SHIFT              ; 0                            ; Untyped                ;
; CLK7_PHASE_SHIFT              ; 0                            ; Untyped                ;
; CLK6_PHASE_SHIFT              ; 0                            ; Untyped                ;
; CLK5_PHASE_SHIFT              ; 0                            ; Untyped                ;
; CLK4_PHASE_SHIFT              ; 0                            ; Untyped                ;
; CLK3_PHASE_SHIFT              ; 0                            ; Untyped                ;
; CLK2_PHASE_SHIFT              ; 0                            ; Untyped                ;
; CLK1_PHASE_SHIFT              ; 0                            ; Untyped                ;
; CLK0_PHASE_SHIFT              ; 0                            ; Untyped                ;
; CLK5_TIME_DELAY               ; 0                            ; Untyped                ;
; CLK4_TIME_DELAY               ; 0                            ; Untyped                ;
; CLK3_TIME_DELAY               ; 0                            ; Untyped                ;
; CLK2_TIME_DELAY               ; 0                            ; Untyped                ;
; CLK1_TIME_DELAY               ; 0                            ; Untyped                ;
; CLK0_TIME_DELAY               ; 0                            ; Untyped                ;
; CLK9_DUTY_CYCLE               ; 50                           ; Untyped                ;
; CLK8_DUTY_CYCLE               ; 50                           ; Untyped                ;
; CLK7_DUTY_CYCLE               ; 50                           ; Untyped                ;
; CLK6_DUTY_CYCLE               ; 50                           ; Untyped                ;
; CLK5_DUTY_CYCLE               ; 50                           ; Untyped                ;
; CLK4_DUTY_CYCLE               ; 50                           ; Untyped                ;
; CLK3_DUTY_CYCLE               ; 50                           ; Untyped                ;
; CLK2_DUTY_CYCLE               ; 50                           ; Untyped                ;
; CLK1_DUTY_CYCLE               ; 50                           ; Untyped                ;
; CLK0_DUTY_CYCLE               ; 50                           ; Signed Integer         ;
; CLK9_USE_EVEN_COUNTER_MODE    ; OFF                          ; Untyped                ;
; CLK8_USE_EVEN_COUNTER_MODE    ; OFF                          ; Untyped                ;
; CLK7_USE_EVEN_COUNTER_MODE    ; OFF                          ; Untyped                ;
; CLK6_USE_EVEN_COUNTER_MODE    ; OFF                          ; Untyped                ;
; CLK5_USE_EVEN_COUNTER_MODE    ; OFF                          ; Untyped                ;
; CLK4_USE_EVEN_COUNTER_MODE    ; OFF                          ; Untyped                ;
; CLK3_USE_EVEN_COUNTER_MODE    ; OFF                          ; Untyped                ;
; CLK2_USE_EVEN_COUNTER_MODE    ; OFF                          ; Untyped                ;
; CLK1_USE_EVEN_COUNTER_MODE    ; OFF                          ; Untyped                ;
; CLK0_USE_EVEN_COUNTER_MODE    ; OFF                          ; Untyped                ;
; CLK9_USE_EVEN_COUNTER_VALUE   ; OFF                          ; Untyped                ;
; CLK8_USE_EVEN_COUNTER_VALUE   ; OFF                          ; Untyped                ;
; CLK7_USE_EVEN_COUNTER_VALUE   ; OFF                          ; Untyped                ;
; CLK6_USE_EVEN_COUNTER_VALUE   ; OFF                          ; Untyped                ;
; CLK5_USE_EVEN_COUNTER_VALUE   ; OFF                          ; Untyped                ;
; CLK4_USE_EVEN_COUNTER_VALUE   ; OFF                          ; Untyped                ;
; CLK3_USE_EVEN_COUNTER_VALUE   ; OFF                          ; Untyped                ;
; CLK2_USE_EVEN_COUNTER_VALUE   ; OFF                          ; Untyped                ;
; CLK1_USE_EVEN_COUNTER_VALUE   ; OFF                          ; Untyped                ;
; CLK0_USE_EVEN_COUNTER_VALUE   ; OFF                          ; Untyped                ;
; LOCK_WINDOW_UI                ;  0.05                        ; Untyped                ;
; LOCK_WINDOW_UI_BITS           ; UNUSED                       ; Untyped                ;
; VCO_RANGE_DETECTOR_LOW_BITS   ; UNUSED                       ; Untyped                ;
; VCO_RANGE_DETECTOR_HIGH_BITS  ; UNUSED                       ; Untyped                ;
; DPA_MULTIPLY_BY               ; 0                            ; Untyped                ;
; DPA_DIVIDE_BY                 ; 1                            ; Untyped                ;
; DPA_DIVIDER                   ; 0                            ; Untyped                ;
; EXTCLK3_MULTIPLY_BY           ; 1                            ; Untyped                ;
; EXTCLK2_MULTIPLY_BY           ; 1                            ; Untyped                ;
; EXTCLK1_MULTIPLY_BY           ; 1                            ; Untyped                ;
; EXTCLK0_MULTIPLY_BY           ; 1                            ; Untyped                ;
; EXTCLK3_DIVIDE_BY             ; 1                            ; Untyped                ;
; EXTCLK2_DIVIDE_BY             ; 1                            ; Untyped                ;
; EXTCLK1_DIVIDE_BY             ; 1                            ; Untyped                ;
; EXTCLK0_DIVIDE_BY             ; 1                            ; Untyped                ;
; EXTCLK3_PHASE_SHIFT           ; 0                            ; Untyped                ;
; EXTCLK2_PHASE_SHIFT           ; 0                            ; Untyped                ;
; EXTCLK1_PHASE_SHIFT           ; 0                            ; Untyped                ;
; EXTCLK0_PHASE_SHIFT           ; 0                            ; Untyped                ;
; EXTCLK3_TIME_DELAY            ; 0                            ; Untyped                ;
; EXTCLK2_TIME_DELAY            ; 0                            ; Untyped                ;
; EXTCLK1_TIME_DELAY            ; 0                            ; Untyped                ;
; EXTCLK0_TIME_DELAY            ; 0                            ; Untyped                ;
; EXTCLK3_DUTY_CYCLE            ; 50                           ; Untyped                ;
; EXTCLK2_DUTY_CYCLE            ; 50                           ; Untyped                ;
; EXTCLK1_DUTY_CYCLE            ; 50                           ; Untyped                ;
; EXTCLK0_DUTY_CYCLE            ; 50                           ; Untyped                ;
; VCO_MULTIPLY_BY               ; 0                            ; Untyped                ;
; VCO_DIVIDE_BY                 ; 0                            ; Untyped                ;
; SCLKOUT0_PHASE_SHIFT          ; 0                            ; Untyped                ;
; SCLKOUT1_PHASE_SHIFT          ; 0                            ; Untyped                ;
; VCO_MIN                       ; 0                            ; Untyped                ;
; VCO_MAX                       ; 0                            ; Untyped                ;
; VCO_CENTER                    ; 0                            ; Untyped                ;
; PFD_MIN                       ; 0                            ; Untyped                ;
; PFD_MAX                       ; 0                            ; Untyped                ;
; M_INITIAL                     ; 0                            ; Untyped                ;
; M                             ; 0                            ; Untyped                ;
; N                             ; 1                            ; Untyped                ;
; M2                            ; 1                            ; Untyped                ;
; N2                            ; 1                            ; Untyped                ;
; SS                            ; 1                            ; Untyped                ;
; C0_HIGH                       ; 0                            ; Untyped                ;
; C1_HIGH                       ; 0                            ; Untyped                ;
; C2_HIGH                       ; 0                            ; Untyped                ;
; C3_HIGH                       ; 0                            ; Untyped                ;
; C4_HIGH                       ; 0                            ; Untyped                ;
; C5_HIGH                       ; 0                            ; Untyped                ;
; C6_HIGH                       ; 0                            ; Untyped                ;
; C7_HIGH                       ; 0                            ; Untyped                ;
; C8_HIGH                       ; 0                            ; Untyped                ;
; C9_HIGH                       ; 0                            ; Untyped                ;
; C0_LOW                        ; 0                            ; Untyped                ;
; C1_LOW                        ; 0                            ; Untyped                ;
; C2_LOW                        ; 0                            ; Untyped                ;
; C3_LOW                        ; 0                            ; Untyped                ;
; C4_LOW                        ; 0                            ; Untyped                ;
; C5_LOW                        ; 0                            ; Untyped                ;
; C6_LOW                        ; 0                            ; Untyped                ;
; C7_LOW                        ; 0                            ; Untyped                ;
; C8_LOW                        ; 0                            ; Untyped                ;
; C9_LOW                        ; 0                            ; Untyped                ;
; C0_INITIAL                    ; 0                            ; Untyped                ;
; C1_INITIAL                    ; 0                            ; Untyped                ;
; C2_INITIAL                    ; 0                            ; Untyped                ;
; C3_INITIAL                    ; 0                            ; Untyped                ;
; C4_INITIAL                    ; 0                            ; Untyped                ;
; C5_INITIAL                    ; 0                            ; Untyped                ;
; C6_INITIAL                    ; 0                            ; Untyped                ;
; C7_INITIAL                    ; 0                            ; Untyped                ;
; C8_INITIAL                    ; 0                            ; Untyped                ;
; C9_INITIAL                    ; 0                            ; Untyped                ;
; C0_MODE                       ; BYPASS                       ; Untyped                ;
; C1_MODE                       ; BYPASS                       ; Untyped                ;
; C2_MODE                       ; BYPASS                       ; Untyped                ;
; C3_MODE                       ; BYPASS                       ; Untyped                ;
; C4_MODE                       ; BYPASS                       ; Untyped                ;
; C5_MODE                       ; BYPASS                       ; Untyped                ;
; C6_MODE                       ; BYPASS                       ; Untyped                ;
; C7_MODE                       ; BYPASS                       ; Untyped                ;
; C8_MODE                       ; BYPASS                       ; Untyped                ;
; C9_MODE                       ; BYPASS                       ; Untyped                ;
; C0_PH                         ; 0                            ; Untyped                ;
; C1_PH                         ; 0                            ; Untyped                ;
; C2_PH                         ; 0                            ; Untyped                ;
; C3_PH                         ; 0                            ; Untyped                ;
; C4_PH                         ; 0                            ; Untyped                ;
; C5_PH                         ; 0                            ; Untyped                ;
; C6_PH                         ; 0                            ; Untyped                ;
; C7_PH                         ; 0                            ; Untyped                ;
; C8_PH                         ; 0                            ; Untyped                ;
; C9_PH                         ; 0                            ; Untyped                ;
; L0_HIGH                       ; 1                            ; Untyped                ;
; L1_HIGH                       ; 1                            ; Untyped                ;
; G0_HIGH                       ; 1                            ; Untyped                ;
; G1_HIGH                       ; 1                            ; Untyped                ;
; G2_HIGH                       ; 1                            ; Untyped                ;
; G3_HIGH                       ; 1                            ; Untyped                ;
; E0_HIGH                       ; 1                            ; Untyped                ;
; E1_HIGH                       ; 1                            ; Untyped                ;
; E2_HIGH                       ; 1                            ; Untyped                ;
; E3_HIGH                       ; 1                            ; Untyped                ;
; L0_LOW                        ; 1                            ; Untyped                ;
; L1_LOW                        ; 1                            ; Untyped                ;
; G0_LOW                        ; 1                            ; Untyped                ;
; G1_LOW                        ; 1                            ; Untyped                ;
; G2_LOW                        ; 1                            ; Untyped                ;
; G3_LOW                        ; 1                            ; Untyped                ;
; E0_LOW                        ; 1                            ; Untyped                ;
; E1_LOW                        ; 1                            ; Untyped                ;
; E2_LOW                        ; 1                            ; Untyped                ;
; E3_LOW                        ; 1                            ; Untyped                ;
; L0_INITIAL                    ; 1                            ; Untyped                ;
; L1_INITIAL                    ; 1                            ; Untyped                ;
; G0_INITIAL                    ; 1                            ; Untyped                ;
; G1_INITIAL                    ; 1                            ; Untyped                ;
; G2_INITIAL                    ; 1                            ; Untyped                ;
; G3_INITIAL                    ; 1                            ; Untyped                ;
; E0_INITIAL                    ; 1                            ; Untyped                ;
; E1_INITIAL                    ; 1                            ; Untyped                ;
; E2_INITIAL                    ; 1                            ; Untyped                ;
; E3_INITIAL                    ; 1                            ; Untyped                ;
; L0_MODE                       ; BYPASS                       ; Untyped                ;
; L1_MODE                       ; BYPASS                       ; Untyped                ;
; G0_MODE                       ; BYPASS                       ; Untyped                ;
; G1_MODE                       ; BYPASS                       ; Untyped                ;
; G2_MODE                       ; BYPASS                       ; Untyped                ;
; G3_MODE                       ; BYPASS                       ; Untyped                ;
; E0_MODE                       ; BYPASS                       ; Untyped                ;
; E1_MODE                       ; BYPASS                       ; Untyped                ;
; E2_MODE                       ; BYPASS                       ; Untyped                ;
; E3_MODE                       ; BYPASS                       ; Untyped                ;
; L0_PH                         ; 0                            ; Untyped                ;
; L1_PH                         ; 0                            ; Untyped                ;
; G0_PH                         ; 0                            ; Untyped                ;
; G1_PH                         ; 0                            ; Untyped                ;
; G2_PH                         ; 0                            ; Untyped                ;
; G3_PH                         ; 0                            ; Untyped                ;
; E0_PH                         ; 0                            ; Untyped                ;
; E1_PH                         ; 0                            ; Untyped                ;
; E2_PH                         ; 0                            ; Untyped                ;
; E3_PH                         ; 0                            ; Untyped                ;
; M_PH                          ; 0                            ; Untyped                ;
; C1_USE_CASC_IN                ; OFF                          ; Untyped                ;
; C2_USE_CASC_IN                ; OFF                          ; Untyped                ;
; C3_USE_CASC_IN                ; OFF                          ; Untyped                ;
; C4_USE_CASC_IN                ; OFF                          ; Untyped                ;
; C5_USE_CASC_IN                ; OFF                          ; Untyped                ;
; C6_USE_CASC_IN                ; OFF                          ; Untyped                ;
; C7_USE_CASC_IN                ; OFF                          ; Untyped                ;
; C8_USE_CASC_IN                ; OFF                          ; Untyped                ;
; C9_USE_CASC_IN                ; OFF                          ; Untyped                ;
; CLK0_COUNTER                  ; G0                           ; Untyped                ;
; CLK1_COUNTER                  ; G0                           ; Untyped                ;
; CLK2_COUNTER                  ; G0                           ; Untyped                ;
; CLK3_COUNTER                  ; G0                           ; Untyped                ;
; CLK4_COUNTER                  ; G0                           ; Untyped                ;
; CLK5_COUNTER                  ; G0                           ; Untyped                ;
; CLK6_COUNTER                  ; E0                           ; Untyped                ;
; CLK7_COUNTER                  ; E1                           ; Untyped                ;
; CLK8_COUNTER                  ; E2                           ; Untyped                ;
; CLK9_COUNTER                  ; E3                           ; Untyped                ;
; L0_TIME_DELAY                 ; 0                            ; Untyped                ;
; L1_TIME_DELAY                 ; 0                            ; Untyped                ;
; G0_TIME_DELAY                 ; 0                            ; Untyped                ;
; G1_TIME_DELAY                 ; 0                            ; Untyped                ;
; G2_TIME_DELAY                 ; 0                            ; Untyped                ;
; G3_TIME_DELAY                 ; 0                            ; Untyped                ;
; E0_TIME_DELAY                 ; 0                            ; Untyped                ;
; E1_TIME_DELAY                 ; 0                            ; Untyped                ;
; E2_TIME_DELAY                 ; 0                            ; Untyped                ;
; E3_TIME_DELAY                 ; 0                            ; Untyped                ;
; M_TIME_DELAY                  ; 0                            ; Untyped                ;
; N_TIME_DELAY                  ; 0                            ; Untyped                ;
; EXTCLK3_COUNTER               ; E3                           ; Untyped                ;
; EXTCLK2_COUNTER               ; E2                           ; Untyped                ;
; EXTCLK1_COUNTER               ; E1                           ; Untyped                ;
; EXTCLK0_COUNTER               ; E0                           ; Untyped                ;
; ENABLE0_COUNTER               ; L0                           ; Untyped                ;
; ENABLE1_COUNTER               ; L0                           ; Untyped                ;
; CHARGE_PUMP_CURRENT           ; 2                            ; Untyped                ;
; LOOP_FILTER_R                 ;  1.000000                    ; Untyped                ;
; LOOP_FILTER_C                 ; 5                            ; Untyped                ;
; CHARGE_PUMP_CURRENT_BITS      ; 9999                         ; Untyped                ;
; LOOP_FILTER_R_BITS            ; 9999                         ; Untyped                ;
; LOOP_FILTER_C_BITS            ; 9999                         ; Untyped                ;
; VCO_POST_SCALE                ; 0                            ; Untyped                ;
; CLK2_OUTPUT_FREQUENCY         ; 0                            ; Untyped                ;
; CLK1_OUTPUT_FREQUENCY         ; 0                            ; Untyped                ;
; CLK0_OUTPUT_FREQUENCY         ; 0                            ; Untyped                ;
; INTENDED_DEVICE_FAMILY        ; Cyclone IV E                 ; Untyped                ;
; PORT_CLKENA0                  ; PORT_UNUSED                  ; Untyped                ;
; PORT_CLKENA1                  ; PORT_UNUSED                  ; Untyped                ;
; PORT_CLKENA2                  ; PORT_UNUSED                  ; Untyped                ;
; PORT_CLKENA3                  ; PORT_UNUSED                  ; Untyped                ;
; PORT_CLKENA4                  ; PORT_UNUSED                  ; Untyped                ;
; PORT_CLKENA5                  ; PORT_UNUSED                  ; Untyped                ;
; PORT_EXTCLKENA0               ; PORT_CONNECTIVITY            ; Untyped                ;
; PORT_EXTCLKENA1               ; PORT_CONNECTIVITY            ; Untyped                ;
; PORT_EXTCLKENA2               ; PORT_CONNECTIVITY            ; Untyped                ;
; PORT_EXTCLKENA3               ; PORT_CONNECTIVITY            ; Untyped                ;
; PORT_EXTCLK0                  ; PORT_UNUSED                  ; Untyped                ;
; PORT_EXTCLK1                  ; PORT_UNUSED                  ; Untyped                ;
; PORT_EXTCLK2                  ; PORT_UNUSED                  ; Untyped                ;
; PORT_EXTCLK3                  ; PORT_UNUSED                  ; Untyped                ;
; PORT_CLKBAD0                  ; PORT_UNUSED                  ; Untyped                ;
; PORT_CLKBAD1                  ; PORT_UNUSED                  ; Untyped                ;
; PORT_CLK0                     ; PORT_USED                    ; Untyped                ;
; PORT_CLK1                     ; PORT_UNUSED                  ; Untyped                ;
; PORT_CLK2                     ; PORT_UNUSED                  ; Untyped                ;
; PORT_CLK3                     ; PORT_UNUSED                  ; Untyped                ;
; PORT_CLK4                     ; PORT_UNUSED                  ; Untyped                ;
; PORT_CLK5                     ; PORT_UNUSED                  ; Untyped                ;
; PORT_CLK6                     ; PORT_UNUSED                  ; Untyped                ;
; PORT_CLK7                     ; PORT_UNUSED                  ; Untyped                ;
; PORT_CLK8                     ; PORT_UNUSED                  ; Untyped                ;
; PORT_CLK9                     ; PORT_UNUSED                  ; Untyped                ;
; PORT_SCANDATA                 ; PORT_UNUSED                  ; Untyped                ;
; PORT_SCANDATAOUT              ; PORT_UNUSED                  ; Untyped                ;
; PORT_SCANDONE                 ; PORT_UNUSED                  ; Untyped                ;
; PORT_SCLKOUT1                 ; PORT_CONNECTIVITY            ; Untyped                ;
; PORT_SCLKOUT0                 ; PORT_CONNECTIVITY            ; Untyped                ;
; PORT_ACTIVECLOCK              ; PORT_UNUSED                  ; Untyped                ;
; PORT_CLKLOSS                  ; PORT_UNUSED                  ; Untyped                ;
; PORT_INCLK1                   ; PORT_UNUSED                  ; Untyped                ;
; PORT_INCLK0                   ; PORT_USED                    ; Untyped                ;
; PORT_FBIN                     ; PORT_UNUSED                  ; Untyped                ;
; PORT_PLLENA                   ; PORT_UNUSED                  ; Untyped                ;
; PORT_CLKSWITCH                ; PORT_UNUSED                  ; Untyped                ;
; PORT_ARESET                   ; PORT_USED                    ; Untyped                ;
; PORT_PFDENA                   ; PORT_UNUSED                  ; Untyped                ;
; PORT_SCANCLK                  ; PORT_UNUSED                  ; Untyped                ;
; PORT_SCANACLR                 ; PORT_UNUSED                  ; Untyped                ;
; PORT_SCANREAD                 ; PORT_UNUSED                  ; Untyped                ;
; PORT_SCANWRITE                ; PORT_UNUSED                  ; Untyped                ;
; PORT_ENABLE0                  ; PORT_CONNECTIVITY            ; Untyped                ;
; PORT_ENABLE1                  ; PORT_CONNECTIVITY            ; Untyped                ;
; PORT_LOCKED                   ; PORT_USED                    ; Untyped                ;
; PORT_CONFIGUPDATE             ; PORT_UNUSED                  ; Untyped                ;
; PORT_FBOUT                    ; PORT_CONNECTIVITY            ; Untyped                ;
; PORT_PHASEDONE                ; PORT_UNUSED                  ; Untyped                ;
; PORT_PHASESTEP                ; PORT_UNUSED                  ; Untyped                ;
; PORT_PHASEUPDOWN              ; PORT_UNUSED                  ; Untyped                ;
; PORT_SCANCLKENA               ; PORT_UNUSED                  ; Untyped                ;
; PORT_PHASECOUNTERSELECT       ; PORT_UNUSED                  ; Untyped                ;
; PORT_VCOOVERRANGE             ; PORT_CONNECTIVITY            ; Untyped                ;
; PORT_VCOUNDERRANGE            ; PORT_CONNECTIVITY            ; Untyped                ;
; M_TEST_SOURCE                 ; 5                            ; Untyped                ;
; C0_TEST_SOURCE                ; 5                            ; Untyped                ;
; C1_TEST_SOURCE                ; 5                            ; Untyped                ;
; C2_TEST_SOURCE                ; 5                            ; Untyped                ;
; C3_TEST_SOURCE                ; 5                            ; Untyped                ;
; C4_TEST_SOURCE                ; 5                            ; Untyped                ;
; C5_TEST_SOURCE                ; 5                            ; Untyped                ;
; C6_TEST_SOURCE                ; 5                            ; Untyped                ;
; C7_TEST_SOURCE                ; 5                            ; Untyped                ;
; C8_TEST_SOURCE                ; 5                            ; Untyped                ;
; C9_TEST_SOURCE                ; 5                            ; Untyped                ;
; CBXI_PARAMETER                ; dac904_pll_altpll            ; Untyped                ;
; VCO_FREQUENCY_CONTROL         ; AUTO                         ; Untyped                ;
; VCO_PHASE_SHIFT_STEP          ; 0                            ; Untyped                ;
; WIDTH_CLOCK                   ; 5                            ; Signed Integer         ;
; WIDTH_PHASECOUNTERSELECT      ; 4                            ; Untyped                ;
; USING_FBMIMICBIDIR_PORT       ; OFF                          ; Untyped                ;
; DEVICE_FAMILY                 ; Cyclone IV E                 ; Untyped                ;
; SCAN_CHAIN_MIF_FILE           ; UNUSED                       ; Untyped                ;
; SIM_GATE_LOCK_DEVICE_BEHAVIOR ; OFF                          ; Untyped                ;
; AUTO_CARRY_CHAINS             ; ON                           ; AUTO_CARRY             ;
; IGNORE_CARRY_BUFFERS          ; OFF                          ; IGNORE_CARRY           ;
; AUTO_CASCADE_CHAINS           ; ON                           ; AUTO_CASCADE           ;
; IGNORE_CASCADE_BUFFERS        ; OFF                          ; IGNORE_CASCADE         ;
+-------------------------------+------------------------------+------------------------+
Note: In order to hide this table in the UI and the text report file, please set the "Show Parameter Settings in Synthesis Report" option in "Analysis and Synthesis Settings -> More Settings" to "Off".


+-------------------------------------------------------------------------------------+
; Parameter Settings for Inferred Entity Instance: lpm_mult:Mult0                     ;
+------------------------------------------------+--------------+---------------------+
; Parameter Name                                 ; Value        ; Type                ;
+------------------------------------------------+--------------+---------------------+
; AUTO_CARRY_CHAINS                              ; ON           ; AUTO_CARRY          ;
; IGNORE_CARRY_BUFFERS                           ; OFF          ; IGNORE_CARRY        ;
; AUTO_CASCADE_CHAINS                            ; ON           ; AUTO_CASCADE        ;
; IGNORE_CASCADE_BUFFERS                         ; OFF          ; IGNORE_CASCADE      ;
; LPM_WIDTHA                                     ; 14           ; Untyped             ;
; LPM_WIDTHB                                     ; 8            ; Untyped             ;
; LPM_WIDTHP                                     ; 22           ; Untyped             ;
; LPM_WIDTHR                                     ; 22           ; Untyped             ;
; LPM_WIDTHS                                     ; 1            ; Untyped             ;
; LPM_REPRESENTATION                             ; SIGNED       ; Untyped             ;
; LPM_PIPELINE                                   ; 0            ; Untyped             ;
; LATENCY                                        ; 0            ; Untyped             ;
; INPUT_A_IS_CONSTANT                            ; NO           ; Untyped             ;
; INPUT_B_IS_CONSTANT                            ; YES          ; Untyped             ;
; USE_EAB                                        ; OFF          ; Untyped             ;
; MAXIMIZE_SPEED                                 ; 6            ; Untyped             ;
; DEVICE_FAMILY                                  ; Cyclone IV E ; Untyped             ;
; CARRY_CHAIN                                    ; MANUAL       ; Untyped             ;
; APEX20K_TECHNOLOGY_MAPPER                      ; LUT          ; TECH_MAPPER_APEX20K ;
; DEDICATED_MULTIPLIER_CIRCUITRY                 ; AUTO         ; Untyped             ;
; DEDICATED_MULTIPLIER_MIN_INPUT_WIDTH_FOR_AUTO  ; 0            ; Untyped             ;
; DEDICATED_MULTIPLIER_MIN_OUTPUT_WIDTH_FOR_AUTO ; 0            ; Untyped             ;
; CBXI_PARAMETER                                 ; NOTHING      ; Untyped             ;
; INPUT_A_FIXED_VALUE                            ; Bx           ; Untyped             ;
; INPUT_B_FIXED_VALUE                            ; Bx           ; Untyped             ;
; USE_AHDL_IMPLEMENTATION                        ; OFF          ; Untyped             ;
+------------------------------------------------+--------------+---------------------+
Note: In order to hide this table in the UI and the text report file, please set the "Show Parameter Settings in Synthesis Report" option in "Analysis and Synthesis Settings -> More Settings" to "Off".


+------------------------------------------------------------------+
; Parameter Settings for Inferred Entity Instance: lpm_divide:Div1 ;
+------------------------+----------------+------------------------+
; Parameter Name         ; Value          ; Type                   ;
+------------------------+----------------+------------------------+
; LPM_WIDTHN             ; 32             ; Untyped                ;
; LPM_WIDTHD             ; 10             ; Untyped                ;
; LPM_NREPRESENTATION    ; UNSIGNED       ; Untyped                ;
; LPM_DREPRESENTATION    ; UNSIGNED       ; Untyped                ;
; LPM_PIPELINE           ; 0              ; Untyped                ;
; LPM_REMAINDERPOSITIVE  ; TRUE           ; Untyped                ;
; MAXIMIZE_SPEED         ; 5              ; Untyped                ;
; CBXI_PARAMETER         ; lpm_divide_dkm ; Untyped                ;
; CARRY_CHAIN            ; MANUAL         ; Untyped                ;
; OPTIMIZE_FOR_SPEED     ; 5              ; Untyped                ;
; AUTO_CARRY_CHAINS      ; ON             ; AUTO_CARRY             ;
; IGNORE_CARRY_BUFFERS   ; OFF            ; IGNORE_CARRY           ;
; AUTO_CASCADE_CHAINS    ; ON             ; AUTO_CASCADE           ;
; IGNORE_CASCADE_BUFFERS ; OFF            ; IGNORE_CASCADE         ;
+------------------------+----------------+------------------------+
Note: In order to hide this table in the UI and the text report file, please set the "Show Parameter Settings in Synthesis Report" option in "Analysis and Synthesis Settings -> More Settings" to "Off".


+--------------------------------------------------------------------------------------------+
; Parameter Settings for Inferred Entity Instance: seg_display:u_seg_display|lpm_divide:Mod0 ;
+------------------------+----------------+--------------------------------------------------+
; Parameter Name         ; Value          ; Type                                             ;
+------------------------+----------------+--------------------------------------------------+
; LPM_WIDTHN             ; 32             ; Untyped                                          ;
; LPM_WIDTHD             ; 7              ; Untyped                                          ;
; LPM_NREPRESENTATION    ; UNSIGNED       ; Untyped                                          ;
; LPM_DREPRESENTATION    ; UNSIGNED       ; Untyped                                          ;
; LPM_PIPELINE           ; 0              ; Untyped                                          ;
; LPM_REMAINDERPOSITIVE  ; TRUE           ; Untyped                                          ;
; MAXIMIZE_SPEED         ; 5              ; Untyped                                          ;
; CBXI_PARAMETER         ; lpm_divide_6bm ; Untyped                                          ;
; CARRY_CHAIN            ; MANUAL         ; Untyped                                          ;
; OPTIMIZE_FOR_SPEED     ; 5              ; Untyped                                          ;
; AUTO_CARRY_CHAINS      ; ON             ; AUTO_CARRY                                       ;
; IGNORE_CARRY_BUFFERS   ; OFF            ; IGNORE_CARRY                                     ;
; AUTO_CASCADE_CHAINS    ; ON             ; AUTO_CASCADE                                     ;
; IGNORE_CASCADE_BUFFERS ; OFF            ; IGNORE_CASCADE                                   ;
+------------------------+----------------+--------------------------------------------------+
Note: In order to hide this table in the UI and the text report file, please set the "Show Parameter Settings in Synthesis Report" option in "Analysis and Synthesis Settings -> More Settings" to "Off".


+--------------------------------------------------------------------------------------------+
; Parameter Settings for Inferred Entity Instance: seg_display:u_seg_display|lpm_divide:Div0 ;
+------------------------+----------------+--------------------------------------------------+
; Parameter Name         ; Value          ; Type                                             ;
+------------------------+----------------+--------------------------------------------------+
; LPM_WIDTHN             ; 7              ; Untyped                                          ;
; LPM_WIDTHD             ; 4              ; Untyped                                          ;
; LPM_NREPRESENTATION    ; UNSIGNED       ; Untyped                                          ;
; LPM_DREPRESENTATION    ; UNSIGNED       ; Untyped                                          ;
; LPM_PIPELINE           ; 0              ; Untyped                                          ;
; LPM_REMAINDERPOSITIVE  ; TRUE           ; Untyped                                          ;
; MAXIMIZE_SPEED         ; 5              ; Untyped                                          ;
; CBXI_PARAMETER         ; lpm_divide_ihm ; Untyped                                          ;
; CARRY_CHAIN            ; MANUAL         ; Untyped                                          ;
; OPTIMIZE_FOR_SPEED     ; 5              ; Untyped                                          ;
; AUTO_CARRY_CHAINS      ; ON             ; AUTO_CARRY                                       ;
; IGNORE_CARRY_BUFFERS   ; OFF            ; IGNORE_CARRY                                     ;
; AUTO_CASCADE_CHAINS    ; ON             ; AUTO_CASCADE                                     ;
; IGNORE_CASCADE_BUFFERS ; OFF            ; IGNORE_CASCADE                                   ;
+------------------------+----------------+--------------------------------------------------+
Note: In order to hide this table in the UI and the text report file, please set the "Show Parameter Settings in Synthesis Report" option in "Analysis and Synthesis Settings -> More Settings" to "Off".


+--------------------------------------------------------------------------------------------+
; Parameter Settings for Inferred Entity Instance: seg_display:u_seg_display|lpm_divide:Mod1 ;
+------------------------+----------------+--------------------------------------------------+
; Parameter Name         ; Value          ; Type                                             ;
+------------------------+----------------+--------------------------------------------------+
; LPM_WIDTHN             ; 32             ; Untyped                                          ;
; LPM_WIDTHD             ; 4              ; Untyped                                          ;
; LPM_NREPRESENTATION    ; UNSIGNED       ; Untyped                                          ;
; LPM_DREPRESENTATION    ; UNSIGNED       ; Untyped                                          ;
; LPM_PIPELINE           ; 0              ; Untyped                                          ;
; LPM_REMAINDERPOSITIVE  ; TRUE           ; Untyped                                          ;
; MAXIMIZE_SPEED         ; 5              ; Untyped                                          ;
; CBXI_PARAMETER         ; lpm_divide_3bm ; Untyped                                          ;
; CARRY_CHAIN            ; MANUAL         ; Untyped                                          ;
; OPTIMIZE_FOR_SPEED     ; 5              ; Untyped                                          ;
; AUTO_CARRY_CHAINS      ; ON             ; AUTO_CARRY                                       ;
; IGNORE_CARRY_BUFFERS   ; OFF            ; IGNORE_CARRY                                     ;
; AUTO_CASCADE_CHAINS    ; ON             ; AUTO_CASCADE                                     ;
; IGNORE_CASCADE_BUFFERS ; OFF            ; IGNORE_CASCADE                                   ;
+------------------------+----------------+--------------------------------------------------+
Note: In order to hide this table in the UI and the text report file, please set the "Show Parameter Settings in Synthesis Report" option in "Analysis and Synthesis Settings -> More Settings" to "Off".


+-------------------------------------------------------------------------------------+
; Parameter Settings for Inferred Entity Instance: lpm_mult:Mult4                     ;
+------------------------------------------------+--------------+---------------------+
; Parameter Name                                 ; Value        ; Type                ;
+------------------------------------------------+--------------+---------------------+
; AUTO_CARRY_CHAINS                              ; ON           ; AUTO_CARRY          ;
; IGNORE_CARRY_BUFFERS                           ; OFF          ; IGNORE_CARRY        ;
; AUTO_CASCADE_CHAINS                            ; ON           ; AUTO_CASCADE        ;
; IGNORE_CASCADE_BUFFERS                         ; OFF          ; IGNORE_CASCADE      ;
; LPM_WIDTHA                                     ; 14           ; Untyped             ;
; LPM_WIDTHB                                     ; 9            ; Untyped             ;
; LPM_WIDTHP                                     ; 23           ; Untyped             ;
; LPM_WIDTHR                                     ; 23           ; Untyped             ;
; LPM_WIDTHS                                     ; 1            ; Untyped             ;
; LPM_REPRESENTATION                             ; SIGNED       ; Untyped             ;
; LPM_PIPELINE                                   ; 0            ; Untyped             ;
; LATENCY                                        ; 0            ; Untyped             ;
; INPUT_A_IS_CONSTANT                            ; NO           ; Untyped             ;
; INPUT_B_IS_CONSTANT                            ; NO           ; Untyped             ;
; USE_EAB                                        ; OFF          ; Untyped             ;
; MAXIMIZE_SPEED                                 ; 6            ; Untyped             ;
; DEVICE_FAMILY                                  ; Cyclone IV E ; Untyped             ;
; CARRY_CHAIN                                    ; MANUAL       ; Untyped             ;
; APEX20K_TECHNOLOGY_MAPPER                      ; LUT          ; TECH_MAPPER_APEX20K ;
; DEDICATED_MULTIPLIER_CIRCUITRY                 ; AUTO         ; Untyped             ;
; DEDICATED_MULTIPLIER_MIN_INPUT_WIDTH_FOR_AUTO  ; 0            ; Untyped             ;
; DEDICATED_MULTIPLIER_MIN_OUTPUT_WIDTH_FOR_AUTO ; 0            ; Untyped             ;
; CBXI_PARAMETER                                 ; mult_k4t     ; Untyped             ;
; INPUT_A_FIXED_VALUE                            ; Bx           ; Untyped             ;
; INPUT_B_FIXED_VALUE                            ; Bx           ; Untyped             ;
; USE_AHDL_IMPLEMENTATION                        ; OFF          ; Untyped             ;
+------------------------------------------------+--------------+---------------------+
Note: In order to hide this table in the UI and the text report file, please set the "Show Parameter Settings in Synthesis Report" option in "Analysis and Synthesis Settings -> More Settings" to "Off".


+-------------------------------------------------------------------------------------+
; Parameter Settings for Inferred Entity Instance: lpm_mult:Mult5                     ;
+------------------------------------------------+--------------+---------------------+
; Parameter Name                                 ; Value        ; Type                ;
+------------------------------------------------+--------------+---------------------+
; AUTO_CARRY_CHAINS                              ; ON           ; AUTO_CARRY          ;
; IGNORE_CARRY_BUFFERS                           ; OFF          ; IGNORE_CARRY        ;
; AUTO_CASCADE_CHAINS                            ; ON           ; AUTO_CASCADE        ;
; IGNORE_CASCADE_BUFFERS                         ; OFF          ; IGNORE_CASCADE      ;
; LPM_WIDTHA                                     ; 23           ; Untyped             ;
; LPM_WIDTHB                                     ; 12           ; Untyped             ;
; LPM_WIDTHP                                     ; 35           ; Untyped             ;
; LPM_WIDTHR                                     ; 35           ; Untyped             ;
; LPM_WIDTHS                                     ; 1            ; Untyped             ;
; LPM_REPRESENTATION                             ; SIGNED       ; Untyped             ;
; LPM_PIPELINE                                   ; 0            ; Untyped             ;
; LATENCY                                        ; 0            ; Untyped             ;
; INPUT_A_IS_CONSTANT                            ; NO           ; Untyped             ;
; INPUT_B_IS_CONSTANT                            ; YES          ; Untyped             ;
; USE_EAB                                        ; OFF          ; Untyped             ;
; MAXIMIZE_SPEED                                 ; 5            ; Untyped             ;
; DEVICE_FAMILY                                  ; Cyclone IV E ; Untyped             ;
; CARRY_CHAIN                                    ; MANUAL       ; Untyped             ;
; APEX20K_TECHNOLOGY_MAPPER                      ; LUT          ; TECH_MAPPER_APEX20K ;
; DEDICATED_MULTIPLIER_CIRCUITRY                 ; AUTO         ; Untyped             ;
; DEDICATED_MULTIPLIER_MIN_INPUT_WIDTH_FOR_AUTO  ; 0            ; Untyped             ;
; DEDICATED_MULTIPLIER_MIN_OUTPUT_WIDTH_FOR_AUTO ; 0            ; Untyped             ;
; CBXI_PARAMETER                                 ; mult_k9t     ; Untyped             ;
; INPUT_A_FIXED_VALUE                            ; Bx           ; Untyped             ;
; INPUT_B_FIXED_VALUE                            ; Bx           ; Untyped             ;
; USE_AHDL_IMPLEMENTATION                        ; OFF          ; Untyped             ;
+------------------------------------------------+--------------+---------------------+
Note: In order to hide this table in the UI and the text report file, please set the "Show Parameter Settings in Synthesis Report" option in "Analysis and Synthesis Settings -> More Settings" to "Off".


+-------------------------------------------------------------------------------------+
; Parameter Settings for Inferred Entity Instance: lpm_mult:Mult6                     ;
+------------------------------------------------+--------------+---------------------+
; Parameter Name                                 ; Value        ; Type                ;
+------------------------------------------------+--------------+---------------------+
; AUTO_CARRY_CHAINS                              ; ON           ; AUTO_CARRY          ;
; IGNORE_CARRY_BUFFERS                           ; OFF          ; IGNORE_CARRY        ;
; AUTO_CASCADE_CHAINS                            ; ON           ; AUTO_CASCADE        ;
; IGNORE_CASCADE_BUFFERS                         ; OFF          ; IGNORE_CASCADE      ;
; LPM_WIDTHA                                     ; 14           ; Untyped             ;
; LPM_WIDTHB                                     ; 15           ; Untyped             ;
; LPM_WIDTHP                                     ; 29           ; Untyped             ;
; LPM_WIDTHR                                     ; 29           ; Untyped             ;
; LPM_WIDTHS                                     ; 1            ; Untyped             ;
; LPM_REPRESENTATION                             ; SIGNED       ; Untyped             ;
; LPM_PIPELINE                                   ; 0            ; Untyped             ;
; LATENCY                                        ; 0            ; Untyped             ;
; INPUT_A_IS_CONSTANT                            ; NO           ; Untyped             ;
; INPUT_B_IS_CONSTANT                            ; NO           ; Untyped             ;
; USE_EAB                                        ; OFF          ; Untyped             ;
; MAXIMIZE_SPEED                                 ; 5            ; Untyped             ;
; DEVICE_FAMILY                                  ; Cyclone IV E ; Untyped             ;
; CARRY_CHAIN                                    ; MANUAL       ; Untyped             ;
; APEX20K_TECHNOLOGY_MAPPER                      ; LUT          ; TECH_MAPPER_APEX20K ;
; DEDICATED_MULTIPLIER_CIRCUITRY                 ; AUTO         ; Untyped             ;
; DEDICATED_MULTIPLIER_MIN_INPUT_WIDTH_FOR_AUTO  ; 0            ; Untyped             ;
; DEDICATED_MULTIPLIER_MIN_OUTPUT_WIDTH_FOR_AUTO ; 0            ; Untyped             ;
; CBXI_PARAMETER                                 ; mult_76t     ; Untyped             ;
; INPUT_A_FIXED_VALUE                            ; Bx           ; Untyped             ;
; INPUT_B_FIXED_VALUE                            ; Bx           ; Untyped             ;
; USE_AHDL_IMPLEMENTATION                        ; OFF          ; Untyped             ;
+------------------------------------------------+--------------+---------------------+
Note: In order to hide this table in the UI and the text report file, please set the "Show Parameter Settings in Synthesis Report" option in "Analysis and Synthesis Settings -> More Settings" to "Off".


+-------------------------------------------------------------------------------------+
; Parameter Settings for Inferred Entity Instance: lpm_mult:Mult3                     ;
+------------------------------------------------+--------------+---------------------+
; Parameter Name                                 ; Value        ; Type                ;
+------------------------------------------------+--------------+---------------------+
; AUTO_CARRY_CHAINS                              ; ON           ; AUTO_CARRY          ;
; IGNORE_CARRY_BUFFERS                           ; OFF          ; IGNORE_CARRY        ;
; AUTO_CASCADE_CHAINS                            ; ON           ; AUTO_CASCADE        ;
; IGNORE_CASCADE_BUFFERS                         ; OFF          ; IGNORE_CASCADE      ;
; LPM_WIDTHA                                     ; 32           ; Untyped             ;
; LPM_WIDTHB                                     ; 8            ; Untyped             ;
; LPM_WIDTHP                                     ; 40           ; Untyped             ;
; LPM_WIDTHR                                     ; 40           ; Untyped             ;
; LPM_WIDTHS                                     ; 1            ; Untyped             ;
; LPM_REPRESENTATION                             ; SIGNED       ; Untyped             ;
; LPM_PIPELINE                                   ; 0            ; Untyped             ;
; LATENCY                                        ; 0            ; Untyped             ;
; INPUT_A_IS_CONSTANT                            ; NO           ; Untyped             ;
; INPUT_B_IS_CONSTANT                            ; YES          ; Untyped             ;
; USE_EAB                                        ; OFF          ; Untyped             ;
; MAXIMIZE_SPEED                                 ; 5            ; Untyped             ;
; DEVICE_FAMILY                                  ; Cyclone IV E ; Untyped             ;
; CARRY_CHAIN                                    ; MANUAL       ; Untyped             ;
; APEX20K_TECHNOLOGY_MAPPER                      ; LUT          ; TECH_MAPPER_APEX20K ;
; DEDICATED_MULTIPLIER_CIRCUITRY                 ; AUTO         ; Untyped             ;
; DEDICATED_MULTIPLIER_MIN_INPUT_WIDTH_FOR_AUTO  ; 0            ; Untyped             ;
; DEDICATED_MULTIPLIER_MIN_OUTPUT_WIDTH_FOR_AUTO ; 0            ; Untyped             ;
; CBXI_PARAMETER                                 ; mult_58t     ; Untyped             ;
; INPUT_A_FIXED_VALUE                            ; Bx           ; Untyped             ;
; INPUT_B_FIXED_VALUE                            ; Bx           ; Untyped             ;
; USE_AHDL_IMPLEMENTATION                        ; OFF          ; Untyped             ;
+------------------------------------------------+--------------+---------------------+
Note: In order to hide this table in the UI and the text report file, please set the "Show Parameter Settings in Synthesis Report" option in "Analysis and Synthesis Settings -> More Settings" to "Off".


+-------------------------------------------------------------------------------------+
; Parameter Settings for Inferred Entity Instance: lpm_mult:Mult1                     ;
+------------------------------------------------+--------------+---------------------+
; Parameter Name                                 ; Value        ; Type                ;
+------------------------------------------------+--------------+---------------------+
; AUTO_CARRY_CHAINS                              ; ON           ; AUTO_CARRY          ;
; IGNORE_CARRY_BUFFERS                           ; OFF          ; IGNORE_CARRY        ;
; AUTO_CASCADE_CHAINS                            ; ON           ; AUTO_CASCADE        ;
; IGNORE_CASCADE_BUFFERS                         ; OFF          ; IGNORE_CASCADE      ;
; LPM_WIDTHA                                     ; 32           ; Untyped             ;
; LPM_WIDTHB                                     ; 7            ; Untyped             ;
; LPM_WIDTHP                                     ; 39           ; Untyped             ;
; LPM_WIDTHR                                     ; 39           ; Untyped             ;
; LPM_WIDTHS                                     ; 1            ; Untyped             ;
; LPM_REPRESENTATION                             ; UNSIGNED     ; Untyped             ;
; LPM_PIPELINE                                   ; 0            ; Untyped             ;
; LATENCY                                        ; 0            ; Untyped             ;
; INPUT_A_IS_CONSTANT                            ; NO           ; Untyped             ;
; INPUT_B_IS_CONSTANT                            ; YES          ; Untyped             ;
; USE_EAB                                        ; OFF          ; Untyped             ;
; MAXIMIZE_SPEED                                 ; 5            ; Untyped             ;
; DEVICE_FAMILY                                  ; Cyclone IV E ; Untyped             ;
; CARRY_CHAIN                                    ; MANUAL       ; Untyped             ;
; APEX20K_TECHNOLOGY_MAPPER                      ; LUT          ; TECH_MAPPER_APEX20K ;
; DEDICATED_MULTIPLIER_CIRCUITRY                 ; AUTO         ; Untyped             ;
; DEDICATED_MULTIPLIER_MIN_INPUT_WIDTH_FOR_AUTO  ; 0            ; Untyped             ;
; DEDICATED_MULTIPLIER_MIN_OUTPUT_WIDTH_FOR_AUTO ; 0            ; Untyped             ;
; CBXI_PARAMETER                                 ; mult_fft     ; Untyped             ;
; INPUT_A_FIXED_VALUE                            ; Bx           ; Untyped             ;
; INPUT_B_FIXED_VALUE                            ; Bx           ; Untyped             ;
; USE_AHDL_IMPLEMENTATION                        ; OFF          ; Untyped             ;
+------------------------------------------------+--------------+---------------------+
Note: In order to hide this table in the UI and the text report file, please set the "Show Parameter Settings in Synthesis Report" option in "Analysis and Synthesis Settings -> More Settings" to "Off".


+--------------------------------------------------------------------------------------------+
; Parameter Settings for Inferred Entity Instance: seg_display:u_seg_display|lpm_divide:Div1 ;
+------------------------+----------------+--------------------------------------------------+
; Parameter Name         ; Value          ; Type                                             ;
+------------------------+----------------+--------------------------------------------------+
; LPM_WIDTHN             ; 32             ; Untyped                                          ;
; LPM_WIDTHD             ; 4              ; Untyped                                          ;
; LPM_NREPRESENTATION    ; UNSIGNED       ; Untyped                                          ;
; LPM_DREPRESENTATION    ; UNSIGNED       ; Untyped                                          ;
; LPM_PIPELINE           ; 0              ; Untyped                                          ;
; LPM_REMAINDERPOSITIVE  ; TRUE           ; Untyped                                          ;
; MAXIMIZE_SPEED         ; 5              ; Untyped                                          ;
; CBXI_PARAMETER         ; lpm_divide_0jm ; Untyped                                          ;
; CARRY_CHAIN            ; MANUAL         ; Untyped                                          ;
; OPTIMIZE_FOR_SPEED     ; 5              ; Untyped                                          ;
; AUTO_CARRY_CHAINS      ; ON             ; AUTO_CARRY                                       ;
; IGNORE_CARRY_BUFFERS   ; OFF            ; IGNORE_CARRY                                     ;
; AUTO_CASCADE_CHAINS    ; ON             ; AUTO_CASCADE                                     ;
; IGNORE_CASCADE_BUFFERS ; OFF            ; IGNORE_CASCADE                                   ;
+------------------------+----------------+--------------------------------------------------+
Note: In order to hide this table in the UI and the text report file, please set the "Show Parameter Settings in Synthesis Report" option in "Analysis and Synthesis Settings -> More Settings" to "Off".


+---------------------------------------------------------------------------------------------------+
; Parameter Settings for Inferred Entity Instance: dds_freq_ctrlword:u_freq_ctrlword|lpm_mult:Mult0 ;
+------------------------------------------------+--------------+-----------------------------------+
; Parameter Name                                 ; Value        ; Type                              ;
+------------------------------------------------+--------------+-----------------------------------+
; AUTO_CARRY_CHAINS                              ; ON           ; AUTO_CARRY                        ;
; IGNORE_CARRY_BUFFERS                           ; OFF          ; IGNORE_CARRY                      ;
; AUTO_CASCADE_CHAINS                            ; ON           ; AUTO_CASCADE                      ;
; IGNORE_CASCADE_BUFFERS                         ; OFF          ; IGNORE_CASCADE                    ;
; LPM_WIDTHA                                     ; 32           ; Untyped                           ;
; LPM_WIDTHB                                     ; 7            ; Untyped                           ;
; LPM_WIDTHP                                     ; 39           ; Untyped                           ;
; LPM_WIDTHR                                     ; 39           ; Untyped                           ;
; LPM_WIDTHS                                     ; 1            ; Untyped                           ;
; LPM_REPRESENTATION                             ; UNSIGNED     ; Untyped                           ;
; LPM_PIPELINE                                   ; 0            ; Untyped                           ;
; LATENCY                                        ; 0            ; Untyped                           ;
; INPUT_A_IS_CONSTANT                            ; NO           ; Untyped                           ;
; INPUT_B_IS_CONSTANT                            ; YES          ; Untyped                           ;
; USE_EAB                                        ; OFF          ; Untyped                           ;
; MAXIMIZE_SPEED                                 ; 5            ; Untyped                           ;
; DEVICE_FAMILY                                  ; Cyclone IV E ; Untyped                           ;
; CARRY_CHAIN                                    ; MANUAL       ; Untyped                           ;
; APEX20K_TECHNOLOGY_MAPPER                      ; LUT          ; TECH_MAPPER_APEX20K               ;
; DEDICATED_MULTIPLIER_CIRCUITRY                 ; AUTO         ; Untyped                           ;
; DEDICATED_MULTIPLIER_MIN_INPUT_WIDTH_FOR_AUTO  ; 0            ; Untyped                           ;
; DEDICATED_MULTIPLIER_MIN_OUTPUT_WIDTH_FOR_AUTO ; 0            ; Untyped                           ;
; CBXI_PARAMETER                                 ; mult_fft     ; Untyped                           ;
; INPUT_A_FIXED_VALUE                            ; Bx           ; Untyped                           ;
; INPUT_B_FIXED_VALUE                            ; Bx           ; Untyped                           ;
; USE_AHDL_IMPLEMENTATION                        ; OFF          ; Untyped                           ;
+------------------------------------------------+--------------+-----------------------------------+
Note: In order to hide this table in the UI and the text report file, please set the "Show Parameter Settings in Synthesis Report" option in "Analysis and Synthesis Settings -> More Settings" to "Off".


+-------------------------------------------------------------------------------------+
; Parameter Settings for Inferred Entity Instance: lpm_mult:Mult2                     ;
+------------------------------------------------+--------------+---------------------+
; Parameter Name                                 ; Value        ; Type                ;
+------------------------------------------------+--------------+---------------------+
; AUTO_CARRY_CHAINS                              ; ON           ; AUTO_CARRY          ;
; IGNORE_CARRY_BUFFERS                           ; OFF          ; IGNORE_CARRY        ;
; AUTO_CASCADE_CHAINS                            ; ON           ; AUTO_CASCADE        ;
; IGNORE_CASCADE_BUFFERS                         ; OFF          ; IGNORE_CASCADE      ;
; LPM_WIDTHA                                     ; 33           ; Untyped             ;
; LPM_WIDTHB                                     ; 14           ; Untyped             ;
; LPM_WIDTHP                                     ; 47           ; Untyped             ;
; LPM_WIDTHR                                     ; 47           ; Untyped             ;
; LPM_WIDTHS                                     ; 1            ; Untyped             ;
; LPM_REPRESENTATION                             ; SIGNED       ; Untyped             ;
; LPM_PIPELINE                                   ; 0            ; Untyped             ;
; LATENCY                                        ; 0            ; Untyped             ;
; INPUT_A_IS_CONSTANT                            ; NO           ; Untyped             ;
; INPUT_B_IS_CONSTANT                            ; NO           ; Untyped             ;
; USE_EAB                                        ; OFF          ; Untyped             ;
; MAXIMIZE_SPEED                                 ; 5            ; Untyped             ;
; DEVICE_FAMILY                                  ; Cyclone IV E ; Untyped             ;
; CARRY_CHAIN                                    ; MANUAL       ; Untyped             ;
; APEX20K_TECHNOLOGY_MAPPER                      ; LUT          ; TECH_MAPPER_APEX20K ;
; DEDICATED_MULTIPLIER_CIRCUITRY                 ; AUTO         ; Untyped             ;
; DEDICATED_MULTIPLIER_MIN_INPUT_WIDTH_FOR_AUTO  ; 0            ; Untyped             ;
; DEDICATED_MULTIPLIER_MIN_OUTPUT_WIDTH_FOR_AUTO ; 0            ; Untyped             ;
; CBXI_PARAMETER                                 ; mult_66t     ; Untyped             ;
; INPUT_A_FIXED_VALUE                            ; Bx           ; Untyped             ;
; INPUT_B_FIXED_VALUE                            ; Bx           ; Untyped             ;
; USE_AHDL_IMPLEMENTATION                        ; OFF          ; Untyped             ;
+------------------------------------------------+--------------+---------------------+
Note: In order to hide this table in the UI and the text report file, please set the "Show Parameter Settings in Synthesis Report" option in "Analysis and Synthesis Settings -> More Settings" to "Off".


+------------------------------------------------------------------+
; Parameter Settings for Inferred Entity Instance: lpm_divide:Div0 ;
+------------------------+----------------+------------------------+
; Parameter Name         ; Value          ; Type                   ;
+------------------------+----------------+------------------------+
; LPM_WIDTHN             ; 32             ; Untyped                ;
; LPM_WIDTHD             ; 4              ; Untyped                ;
; LPM_NREPRESENTATION    ; UNSIGNED       ; Untyped                ;
; LPM_DREPRESENTATION    ; UNSIGNED       ; Untyped                ;
; LPM_PIPELINE           ; 0              ; Untyped                ;
; LPM_REMAINDERPOSITIVE  ; TRUE           ; Untyped                ;
; MAXIMIZE_SPEED         ; 5              ; Untyped                ;
; CBXI_PARAMETER         ; lpm_divide_0jm ; Untyped                ;
; CARRY_CHAIN            ; MANUAL         ; Untyped                ;
; OPTIMIZE_FOR_SPEED     ; 5              ; Untyped                ;
; AUTO_CARRY_CHAINS      ; ON             ; AUTO_CARRY             ;
; IGNORE_CARRY_BUFFERS   ; OFF            ; IGNORE_CARRY           ;
; AUTO_CASCADE_CHAINS    ; ON             ; AUTO_CASCADE           ;
; IGNORE_CASCADE_BUFFERS ; OFF            ; IGNORE_CASCADE         ;
+------------------------+----------------+------------------------+
Note: In order to hide this table in the UI and the text report file, please set the "Show Parameter Settings in Synthesis Report" option in "Analysis and Synthesis Settings -> More Settings" to "Off".


+--------------------------------------------------------------------+
; Parameter Settings for Inferred Entity Instance: lpm_add_sub:Add15 ;
+------------------------+--------------+----------------------------+
; Parameter Name         ; Value        ; Type                       ;
+------------------------+--------------+----------------------------+
; LPM_WIDTH              ; 32           ; Untyped                    ;
; LPM_REPRESENTATION     ; UNSIGNED     ; Untyped                    ;
; LPM_DIRECTION          ; DEFAULT      ; Untyped                    ;
; ONE_INPUT_IS_CONSTANT  ; NO           ; Untyped                    ;
; LPM_PIPELINE           ; 0            ; Untyped                    ;
; MAXIMIZE_SPEED         ; 5            ; Untyped                    ;
; REGISTERED_AT_END      ; 0            ; Untyped                    ;
; OPTIMIZE_FOR_SPEED     ; 5            ; Untyped                    ;
; USE_CS_BUFFERS         ; 1            ; Untyped                    ;
; CARRY_CHAIN            ; MANUAL       ; Untyped                    ;
; CARRY_CHAIN_LENGTH     ; 48           ; CARRY_CHAIN_LENGTH         ;
; DEVICE_FAMILY          ; Cyclone IV E ; Untyped                    ;
; USE_WYS                ; OFF          ; Untyped                    ;
; STYLE                  ; FAST         ; Untyped                    ;
; CBXI_PARAMETER         ; add_sub_pvi  ; Untyped                    ;
; AUTO_CARRY_CHAINS      ; ON           ; AUTO_CARRY                 ;
; IGNORE_CARRY_BUFFERS   ; OFF          ; IGNORE_CARRY               ;
; AUTO_CASCADE_CHAINS    ; ON           ; AUTO_CASCADE               ;
; IGNORE_CASCADE_BUFFERS ; OFF          ; IGNORE_CASCADE             ;
+------------------------+--------------+----------------------------+
Note: In order to hide this table in the UI and the text report file, please set the "Show Parameter Settings in Synthesis Report" option in "Analysis and Synthesis Settings -> More Settings" to "Off".


+-------------------------------------------------------------------------------------+
; Parameter Settings for Inferred Entity Instance: lpm_mult:Mult7                     ;
+------------------------------------------------+--------------+---------------------+
; Parameter Name                                 ; Value        ; Type                ;
+------------------------------------------------+--------------+---------------------+
; AUTO_CARRY_CHAINS                              ; ON           ; AUTO_CARRY          ;
; IGNORE_CARRY_BUFFERS                           ; OFF          ; IGNORE_CARRY        ;
; AUTO_CASCADE_CHAINS                            ; ON           ; AUTO_CASCADE        ;
; IGNORE_CASCADE_BUFFERS                         ; OFF          ; IGNORE_CASCADE      ;
; LPM_WIDTHA                                     ; 26           ; Untyped             ;
; LPM_WIDTHB                                     ; 8            ; Untyped             ;
; LPM_WIDTHP                                     ; 34           ; Untyped             ;
; LPM_WIDTHR                                     ; 34           ; Untyped             ;
; LPM_WIDTHS                                     ; 1            ; Untyped             ;
; LPM_REPRESENTATION                             ; UNSIGNED     ; Untyped             ;
; LPM_PIPELINE                                   ; 0            ; Untyped             ;
; LATENCY                                        ; 0            ; Untyped             ;
; INPUT_A_IS_CONSTANT                            ; YES          ; Untyped             ;
; INPUT_B_IS_CONSTANT                            ; NO           ; Untyped             ;
; USE_EAB                                        ; OFF          ; Untyped             ;
; MAXIMIZE_SPEED                                 ; 5            ; Untyped             ;
; DEVICE_FAMILY                                  ; Cyclone IV E ; Untyped             ;
; CARRY_CHAIN                                    ; MANUAL       ; Untyped             ;
; APEX20K_TECHNOLOGY_MAPPER                      ; LUT          ; TECH_MAPPER_APEX20K ;
; DEDICATED_MULTIPLIER_CIRCUITRY                 ; AUTO         ; Untyped             ;
; DEDICATED_MULTIPLIER_MIN_INPUT_WIDTH_FOR_AUTO  ; 0            ; Untyped             ;
; DEDICATED_MULTIPLIER_MIN_OUTPUT_WIDTH_FOR_AUTO ; 0            ; Untyped             ;
; CBXI_PARAMETER                                 ; NOTHING      ; Untyped             ;
; INPUT_A_FIXED_VALUE                            ; Bx           ; Untyped             ;
; INPUT_B_FIXED_VALUE                            ; Bx           ; Untyped             ;
; USE_AHDL_IMPLEMENTATION                        ; OFF          ; Untyped             ;
+------------------------------------------------+--------------+---------------------+
Note: In order to hide this table in the UI and the text report file, please set the "Show Parameter Settings in Synthesis Report" option in "Analysis and Synthesis Settings -> More Settings" to "Off".


+-------------------------------------------------------------------------------------------------------------+
; altsyncram Parameter Settings by Entity Instance                                                            ;
+-------------------------------------------+-----------------------------------------------------------------+
; Name                                      ; Value                                                           ;
+-------------------------------------------+-----------------------------------------------------------------+
; Number of entity instances                ; 7                                                               ;
; Entity Instance                           ; sine_14bit_256:u_rom_psk|altsyncram:altsyncram_component        ;
;     -- OPERATION_MODE                     ; ROM                                                             ;
;     -- WIDTH_A                            ; 14                                                              ;
;     -- NUMWORDS_A                         ; 256                                                             ;
;     -- OUTDATA_REG_A                      ; CLOCK0                                                          ;
;     -- WIDTH_B                            ; 1                                                               ;
;     -- NUMWORDS_B                         ; 1                                                               ;
;     -- ADDRESS_REG_B                      ; CLOCK1                                                          ;
;     -- OUTDATA_REG_B                      ; UNREGISTERED                                                    ;
;     -- RAM_BLOCK_TYPE                     ; AUTO                                                            ;
;     -- READ_DURING_WRITE_MODE_MIXED_PORTS ; DONT_CARE                                                       ;
; Entity Instance                           ; sine_14bit_256:u_rom_ask|altsyncram:altsyncram_component        ;
;     -- OPERATION_MODE                     ; ROM                                                             ;
;     -- WIDTH_A                            ; 14                                                              ;
;     -- NUMWORDS_A                         ; 256                                                             ;
;     -- OUTDATA_REG_A                      ; CLOCK0                                                          ;
;     -- WIDTH_B                            ; 1                                                               ;
;     -- NUMWORDS_B                         ; 1                                                               ;
;     -- ADDRESS_REG_B                      ; CLOCK1                                                          ;
;     -- OUTDATA_REG_B                      ; UNREGISTERED                                                    ;
;     -- RAM_BLOCK_TYPE                     ; AUTO                                                            ;
;     -- READ_DURING_WRITE_MODE_MIXED_PORTS ; DONT_CARE                                                       ;
; Entity Instance                           ; sine_14bit_256:u_rom_1k|altsyncram:altsyncram_component         ;
;     -- OPERATION_MODE                     ; ROM                                                             ;
;     -- WIDTH_A                            ; 14                                                              ;
;     -- NUMWORDS_A                         ; 256                                                             ;
;     -- OUTDATA_REG_A                      ; CLOCK0                                                          ;
;     -- WIDTH_B                            ; 1                                                               ;
;     -- NUMWORDS_B                         ; 1                                                               ;
;     -- ADDRESS_REG_B                      ; CLOCK1                                                          ;
;     -- OUTDATA_REG_B                      ; UNREGISTERED                                                    ;
;     -- RAM_BLOCK_TYPE                     ; AUTO                                                            ;
;     -- READ_DURING_WRITE_MODE_MIXED_PORTS ; DONT_CARE                                                       ;
; Entity Instance                           ; sine_14bit_256:u_rom_2k|altsyncram:altsyncram_component         ;
;     -- OPERATION_MODE                     ; ROM                                                             ;
;     -- WIDTH_A                            ; 14                                                              ;
;     -- NUMWORDS_A                         ; 256                                                             ;
;     -- OUTDATA_REG_A                      ; CLOCK0                                                          ;
;     -- WIDTH_B                            ; 1                                                               ;
;     -- NUMWORDS_B                         ; 1                                                               ;
;     -- ADDRESS_REG_B                      ; CLOCK1                                                          ;
;     -- OUTDATA_REG_B                      ; UNREGISTERED                                                    ;
;     -- RAM_BLOCK_TYPE                     ; AUTO                                                            ;
;     -- READ_DURING_WRITE_MODE_MIXED_PORTS ; DONT_CARE                                                       ;
; Entity Instance                           ; sine_12bit_256:u_rom_carrier_12|altsyncram:altsyncram_component ;
;     -- OPERATION_MODE                     ; ROM                                                             ;
;     -- WIDTH_A                            ; 12                                                              ;
;     -- NUMWORDS_A                         ; 256                                                             ;
;     -- OUTDATA_REG_A                      ; CLOCK0                                                          ;
;     -- WIDTH_B                            ; 1                                                               ;
;     -- NUMWORDS_B                         ; 1                                                               ;
;     -- ADDRESS_REG_B                      ; CLOCK1                                                          ;
;     -- OUTDATA_REG_B                      ; UNREGISTERED                                                    ;
;     -- RAM_BLOCK_TYPE                     ; AUTO                                                            ;
;     -- READ_DURING_WRITE_MODE_MIXED_PORTS ; DONT_CARE                                                       ;
; Entity Instance                           ; sine_14bit_256:u_rom_carrier_14|altsyncram:altsyncram_component ;
;     -- OPERATION_MODE                     ; ROM                                                             ;
;     -- WIDTH_A                            ; 14                                                              ;
;     -- NUMWORDS_A                         ; 256                                                             ;
;     -- OUTDATA_REG_A                      ; CLOCK0                                                          ;
;     -- WIDTH_B                            ; 1                                                               ;
;     -- NUMWORDS_B                         ; 1                                                               ;
;     -- ADDRESS_REG_B                      ; CLOCK1                                                          ;
;     -- OUTDATA_REG_B                      ; UNREGISTERED                                                    ;
;     -- RAM_BLOCK_TYPE                     ; AUTO                                                            ;
;     -- READ_DURING_WRITE_MODE_MIXED_PORTS ; DONT_CARE                                                       ;
; Entity Instance                           ; sine_14bit_256:u_rom_mod|altsyncram:altsyncram_component        ;
;     -- OPERATION_MODE                     ; ROM                                                             ;
;     -- WIDTH_A                            ; 14                                                              ;
;     -- NUMWORDS_A                         ; 256                                                             ;
;     -- OUTDATA_REG_A                      ; CLOCK0                                                          ;
;     -- WIDTH_B                            ; 1                                                               ;
;     -- NUMWORDS_B                         ; 1                                                               ;
;     -- ADDRESS_REG_B                      ; CLOCK1                                                          ;
;     -- OUTDATA_REG_B                      ; UNREGISTERED                                                    ;
;     -- RAM_BLOCK_TYPE                     ; AUTO                                                            ;
;     -- READ_DURING_WRITE_MODE_MIXED_PORTS ; DONT_CARE                                                       ;
+-------------------------------------------+-----------------------------------------------------------------+


+--------------------------------------------------------------------------+
; altpll Parameter Settings by Entity Instance                             ;
+-------------------------------+------------------------------------------+
; Name                          ; Value                                    ;
+-------------------------------+------------------------------------------+
; Number of entity instances    ; 1                                        ;
; Entity Instance               ; dac904_pll:u_pll|altpll:altpll_component ;
;     -- OPERATION_MODE         ; NORMAL                                   ;
;     -- PLL_TYPE               ; AUTO                                     ;
;     -- PRIMARY_CLOCK          ; INCLK0                                   ;
;     -- INCLK0_INPUT_FREQUENCY ; 20000                                    ;
;     -- INCLK1_INPUT_FREQUENCY ; 0                                        ;
;     -- VCO_MULTIPLY_BY        ; 0                                        ;
;     -- VCO_DIVIDE_BY          ; 0                                        ;
+-------------------------------+------------------------------------------+


+------------------------------------------------------------------------------------------+
; lpm_mult Parameter Settings by Entity Instance                                           ;
+---------------------------------------+--------------------------------------------------+
; Name                                  ; Value                                            ;
+---------------------------------------+--------------------------------------------------+
; Number of entity instances            ; 9                                                ;
; Entity Instance                       ; lpm_mult:Mult0                                   ;
;     -- LPM_WIDTHA                     ; 14                                               ;
;     -- LPM_WIDTHB                     ; 8                                                ;
;     -- LPM_WIDTHP                     ; 22                                               ;
;     -- LPM_REPRESENTATION             ; SIGNED                                           ;
;     -- INPUT_A_IS_CONSTANT            ; NO                                               ;
;     -- INPUT_B_IS_CONSTANT            ; YES                                              ;
;     -- USE_EAB                        ; OFF                                              ;
;     -- DEDICATED_MULTIPLIER_CIRCUITRY ; AUTO                                             ;
;     -- INPUT_A_FIXED_VALUE            ; Bx                                               ;
;     -- INPUT_B_FIXED_VALUE            ; Bx                                               ;
; Entity Instance                       ; lpm_mult:Mult4                                   ;
;     -- LPM_WIDTHA                     ; 14                                               ;
;     -- LPM_WIDTHB                     ; 9                                                ;
;     -- LPM_WIDTHP                     ; 23                                               ;
;     -- LPM_REPRESENTATION             ; SIGNED                                           ;
;     -- INPUT_A_IS_CONSTANT            ; NO                                               ;
;     -- INPUT_B_IS_CONSTANT            ; NO                                               ;
;     -- USE_EAB                        ; OFF                                              ;
;     -- DEDICATED_MULTIPLIER_CIRCUITRY ; AUTO                                             ;
;     -- INPUT_A_FIXED_VALUE            ; Bx                                               ;
;     -- INPUT_B_FIXED_VALUE            ; Bx                                               ;
; Entity Instance                       ; lpm_mult:Mult5                                   ;
;     -- LPM_WIDTHA                     ; 23                                               ;
;     -- LPM_WIDTHB                     ; 12                                               ;
;     -- LPM_WIDTHP                     ; 35                                               ;
;     -- LPM_REPRESENTATION             ; SIGNED                                           ;
;     -- INPUT_A_IS_CONSTANT            ; NO                                               ;
;     -- INPUT_B_IS_CONSTANT            ; YES                                              ;
;     -- USE_EAB                        ; OFF                                              ;
;     -- DEDICATED_MULTIPLIER_CIRCUITRY ; AUTO                                             ;
;     -- INPUT_A_FIXED_VALUE            ; Bx                                               ;
;     -- INPUT_B_FIXED_VALUE            ; Bx                                               ;
; Entity Instance                       ; lpm_mult:Mult6                                   ;
;     -- LPM_WIDTHA                     ; 14                                               ;
;     -- LPM_WIDTHB                     ; 15                                               ;
;     -- LPM_WIDTHP                     ; 29                                               ;
;     -- LPM_REPRESENTATION             ; SIGNED                                           ;
;     -- INPUT_A_IS_CONSTANT            ; NO                                               ;
;     -- INPUT_B_IS_CONSTANT            ; NO                                               ;
;     -- USE_EAB                        ; OFF                                              ;
;     -- DEDICATED_MULTIPLIER_CIRCUITRY ; AUTO                                             ;
;     -- INPUT_A_FIXED_VALUE            ; Bx                                               ;
;     -- INPUT_B_FIXED_VALUE            ; Bx                                               ;
; Entity Instance                       ; lpm_mult:Mult3                                   ;
;     -- LPM_WIDTHA                     ; 32                                               ;
;     -- LPM_WIDTHB                     ; 8                                                ;
;     -- LPM_WIDTHP                     ; 40                                               ;
;     -- LPM_REPRESENTATION             ; SIGNED                                           ;
;     -- INPUT_A_IS_CONSTANT            ; NO                                               ;
;     -- INPUT_B_IS_CONSTANT            ; YES                                              ;
;     -- USE_EAB                        ; OFF                                              ;
;     -- DEDICATED_MULTIPLIER_CIRCUITRY ; AUTO                                             ;
;     -- INPUT_A_FIXED_VALUE            ; Bx                                               ;
;     -- INPUT_B_FIXED_VALUE            ; Bx                                               ;
; Entity Instance                       ; lpm_mult:Mult1                                   ;
;     -- LPM_WIDTHA                     ; 32                                               ;
;     -- LPM_WIDTHB                     ; 7                                                ;
;     -- LPM_WIDTHP                     ; 39                                               ;
;     -- LPM_REPRESENTATION             ; UNSIGNED                                         ;
;     -- INPUT_A_IS_CONSTANT            ; NO                                               ;
;     -- INPUT_B_IS_CONSTANT            ; YES                                              ;
;     -- USE_EAB                        ; OFF                                              ;
;     -- DEDICATED_MULTIPLIER_CIRCUITRY ; AUTO                                             ;
;     -- INPUT_A_FIXED_VALUE            ; Bx                                               ;
;     -- INPUT_B_FIXED_VALUE            ; Bx                                               ;
; Entity Instance                       ; dds_freq_ctrlword:u_freq_ctrlword|lpm_mult:Mult0 ;
;     -- LPM_WIDTHA                     ; 32                                               ;
;     -- LPM_WIDTHB                     ; 7                                                ;
;     -- LPM_WIDTHP                     ; 39                                               ;
;     -- LPM_REPRESENTATION             ; UNSIGNED                                         ;
;     -- INPUT_A_IS_CONSTANT            ; NO                                               ;
;     -- INPUT_B_IS_CONSTANT            ; YES                                              ;
;     -- USE_EAB                        ; OFF                                              ;
;     -- DEDICATED_MULTIPLIER_CIRCUITRY ; AUTO                                             ;
;     -- INPUT_A_FIXED_VALUE            ; Bx                                               ;
;     -- INPUT_B_FIXED_VALUE            ; Bx                                               ;
; Entity Instance                       ; lpm_mult:Mult2                                   ;
;     -- LPM_WIDTHA                     ; 33                                               ;
;     -- LPM_WIDTHB                     ; 14                                               ;
;     -- LPM_WIDTHP                     ; 47                                               ;
;     -- LPM_REPRESENTATION             ; SIGNED                                           ;
;     -- INPUT_A_IS_CONSTANT            ; NO                                               ;
;     -- INPUT_B_IS_CONSTANT            ; NO                                               ;
;     -- USE_EAB                        ; OFF                                              ;
;     -- DEDICATED_MULTIPLIER_CIRCUITRY ; AUTO                                             ;
;     -- INPUT_A_FIXED_VALUE            ; Bx                                               ;
;     -- INPUT_B_FIXED_VALUE            ; Bx                                               ;
; Entity Instance                       ; lpm_mult:Mult7                                   ;
;     -- LPM_WIDTHA                     ; 26                                               ;
;     -- LPM_WIDTHB                     ; 8                                                ;
;     -- LPM_WIDTHP                     ; 34                                               ;
;     -- LPM_REPRESENTATION             ; UNSIGNED                                         ;
;     -- INPUT_A_IS_CONSTANT            ; YES                                              ;
;     -- INPUT_B_IS_CONSTANT            ; NO                                               ;
;     -- USE_EAB                        ; OFF                                              ;
;     -- DEDICATED_MULTIPLIER_CIRCUITRY ; AUTO                                             ;
;     -- INPUT_A_FIXED_VALUE            ; Bx                                               ;
;     -- INPUT_B_FIXED_VALUE            ; Bx                                               ;
+---------------------------------------+--------------------------------------------------+


+----------------------------------------------+
; Port Connectivity Checks: "dac904_pll:u_pll" ;
+--------+-------+----------+------------------+
; Port   ; Type  ; Severity ; Details          ;
+--------+-------+----------+------------------+
; areset ; Input ; Info     ; Stuck at GND     ;
+--------+-------+----------+------------------+


+-------------------------------------------------------+
; Port Connectivity Checks: "seg_display:u_seg_display" ;
+------+-------+----------+-----------------------------+
; Port ; Type  ; Severity ; Details                     ;
+------+-------+----------+-----------------------------+
; en   ; Input ; Info     ; Stuck at VCC                ;
+------+-------+----------+-----------------------------+


+-----------------------------------------------------+
; Post-Synthesis Netlist Statistics for Top Partition ;
+-----------------------+-----------------------------+
; Type                  ; Count                       ;
+-----------------------+-----------------------------+
; boundary_port         ; 41                          ;
; cycloneiii_ff         ; 671                         ;
;     CLR               ; 235                         ;
;     CLR SCLR          ; 46                          ;
;     ENA               ; 26                          ;
;     ENA CLR           ; 193                         ;
;     ENA CLR SCLR      ; 47                          ;
;     ENA CLR SLD       ; 57                          ;
;     ENA SLD           ; 32                          ;
;     plain             ; 35                          ;
; cycloneiii_lcell_comb ; 3605                        ;
;     arith             ; 1402                        ;
;         1 data inputs ; 5                           ;
;         2 data inputs ; 396                         ;
;         3 data inputs ; 1001                        ;
;     normal            ; 2203                        ;
;         0 data inputs ; 119                         ;
;         1 data inputs ; 77                          ;
;         2 data inputs ; 859                         ;
;         3 data inputs ; 211                         ;
;         4 data inputs ; 937                         ;
; cycloneiii_mac_mult   ; 12                          ;
; cycloneiii_mac_out    ; 12                          ;
; cycloneiii_pll        ; 1                           ;
; cycloneiii_ram_block  ; 96                          ;
;                       ;                             ;
; Max LUT depth         ; 76.50                       ;
; Average LUT depth     ; 33.95                       ;
+-----------------------+-----------------------------+


+-------------------------------+
; Elapsed Time Per Partition    ;
+----------------+--------------+
; Partition Name ; Elapsed Time ;
+----------------+--------------+
; Top            ; 00:00:05     ;
+----------------+--------------+


+-------------------------------+
; Analysis & Synthesis Messages ;
+-------------------------------+
Info: *******************************************************************
Info: Running Quartus Prime Analysis & Synthesis
    Info: Version 18.1.0 Build 625 09/12/2018 SJ Standard Edition
    Info: Processing started: Sat May 30 12:50:47 2026
Info: Command: quartus_map --read_settings_files=on --write_settings_files=off DDS_simple -c DDS_simple
Warning (18236): Number of processors has not been specified which may cause overloading on shared machines.  Set the global assignment NUM_PARALLEL_PROCESSORS in your QSF to an appropriate value for best performance.
Info (20030): Parallel compilation is enabled and will use 16 of the 16 processors detected
Info (12021): Found 1 design units, including 1 entities, in source file dds_simple.v
    Info (12023): Found entity 1: DDS_simple File: C:/Users/HUAWEI/Desktop/DDS-main/DDS-main/DDS_FPGA/DDS_simple.v Line: 188
Info (12021): Found 1 design units, including 1 entities, in source file mcu_uart.v
    Info (12023): Found entity 1: MCU_uart File: C:/Users/HUAWEI/Desktop/DDS-main/DDS-main/DDS_FPGA/MCU_uart.v Line: 1
Info (12021): Found 1 design units, including 1 entities, in source file sine_12bit_256.v
    Info (12023): Found entity 1: sine_12bit_256 File: C:/Users/HUAWEI/Desktop/DDS-main/DDS-main/DDS_FPGA/sine_12bit_256.v Line: 39
Info (12021): Found 1 design units, including 1 entities, in source file dds_freq_ctrlword.v
    Info (12023): Found entity 1: dds_freq_ctrlword File: C:/Users/HUAWEI/Desktop/DDS-main/DDS-main/DDS_FPGA/dds_freq_ctrlword.v Line: 31
Info (12021): Found 1 design units, including 1 entities, in source file output_files/dac_clk.v
    Info (12023): Found entity 1: DAC_clk File: C:/Users/HUAWEI/Desktop/DDS-main/DDS-main/DDS_FPGA/output_files/DAC_clk.v Line: 1
Info (12021): Found 1 design units, including 1 entities, in source file seg_display.v
    Info (12023): Found entity 1: seg_display File: C:/Users/HUAWEI/Desktop/DDS-main/DDS-main/DDS_FPGA/seg_display.v Line: 1
Info (12021): Found 1 design units, including 1 entities, in source file dac904_pll.v
    Info (12023): Found entity 1: dac904_pll File: C:/Users/HUAWEI/Desktop/DDS-main/DDS-main/DDS_FPGA/dac904_pll.v Line: 39
Info (12021): Found 1 design units, including 1 entities, in source file sine_14bit_256.v
    Info (12023): Found entity 1: sine_14bit_256 File: C:/Users/HUAWEI/Desktop/DDS-main/DDS-main/DDS_FPGA/sine_14bit_256.v Line: 39
Info (12021): Found 1 design units, including 1 entities, in source file sintopwm.v
    Info (12023): Found entity 1: sintopwm File: C:/Users/HUAWEI/Desktop/DDS-main/DDS-main/DDS_FPGA/sintopwm.v Line: 1
Info (12127): Elaborating entity "DDS_simple" for the top level hierarchy
Warning (10230): Verilog HDL assignment warning at DDS_simple.v(267): truncated value with size 32 to match size of target (15) File: C:/Users/HUAWEI/Desktop/DDS-main/DDS-main/DDS_FPGA/DDS_simple.v Line: 267
Warning (10230): Verilog HDL assignment warning at DDS_simple.v(268): truncated value with size 15 to match size of target (14) File: C:/Users/HUAWEI/Desktop/DDS-main/DDS-main/DDS_FPGA/DDS_simple.v Line: 268
Warning (10240): Verilog HDL Always Construct warning at DDS_simple.v(426): inferring latch(es) for variable "mod_phase", which holds its previous value in one or more paths through the always construct File: C:/Users/HUAWEI/Desktop/DDS-main/DDS-main/DDS_FPGA/DDS_simple.v Line: 426
Warning (10240): Verilog HDL Always Construct warning at DDS_simple.v(432): inferring latch(es) for variable "phase_2k", which holds its previous value in one or more paths through the always construct File: C:/Users/HUAWEI/Desktop/DDS-main/DDS-main/DDS_FPGA/DDS_simple.v Line: 432
Warning (10230): Verilog HDL assignment warning at DDS_simple.v(444): truncated value with size 47 to match size of target (32) File: C:/Users/HUAWEI/Desktop/DDS-main/DDS-main/DDS_FPGA/DDS_simple.v Line: 444
Warning (10230): Verilog HDL assignment warning at DDS_simple.v(516): truncated value with size 35 to match size of target (16) File: C:/Users/HUAWEI/Desktop/DDS-main/DDS-main/DDS_FPGA/DDS_simple.v Line: 516
Warning (10230): Verilog HDL assignment warning at DDS_simple.v(529): truncated value with size 31 to match size of target (16) File: C:/Users/HUAWEI/Desktop/DDS-main/DDS-main/DDS_FPGA/DDS_simple.v Line: 529
Info (12128): Elaborating entity "sine_14bit_256" for hierarchy "sine_14bit_256:u_rom_psk" File: C:/Users/HUAWEI/Desktop/DDS-main/DDS-main/DDS_FPGA/DDS_simple.v Line: 314
Info (12128): Elaborating entity "altsyncram" for hierarchy "sine_14bit_256:u_rom_psk|altsyncram:altsyncram_component" File: C:/Users/HUAWEI/Desktop/DDS-main/DDS-main/DDS_FPGA/sine_14bit_256.v Line: 81
Info (12130): Elaborated megafunction instantiation "sine_14bit_256:u_rom_psk|altsyncram:altsyncram_component" File: C:/Users/HUAWEI/Desktop/DDS-main/DDS-main/DDS_FPGA/sine_14bit_256.v Line: 81
Info (12133): Instantiated megafunction "sine_14bit_256:u_rom_psk|altsyncram:altsyncram_component" with the following parameter: File: C:/Users/HUAWEI/Desktop/DDS-main/DDS-main/DDS_FPGA/sine_14bit_256.v Line: 81
    Info (12134): Parameter "address_aclr_a" = "NONE"
    Info (12134): Parameter "clock_enable_input_a" = "BYPASS"
    Info (12134): Parameter "clock_enable_output_a" = "BYPASS"
    Info (12134): Parameter "init_file" = "sine_14bit_256.mif"
    Info (12134): Parameter "intended_device_family" = "Cyclone IV E"
    Info (12134): Parameter "lpm_hint" = "ENABLE_RUNTIME_MOD=NO"
    Info (12134): Parameter "lpm_type" = "altsyncram"
    Info (12134): Parameter "numwords_a" = "256"
    Info (12134): Parameter "operation_mode" = "ROM"
    Info (12134): Parameter "outdata_aclr_a" = "NONE"
    Info (12134): Parameter "outdata_reg_a" = "CLOCK0"
    Info (12134): Parameter "widthad_a" = "8"
    Info (12134): Parameter "width_a" = "14"
    Info (12134): Parameter "width_byteena_a" = "1"
Info (12021): Found 1 design units, including 1 entities, in source file db/altsyncram_rq91.tdf
    Info (12023): Found entity 1: altsyncram_rq91 File: C:/Users/HUAWEI/Desktop/DDS-main/DDS-main/DDS_FPGA/db/altsyncram_rq91.tdf Line: 27
Info (12128): Elaborating entity "altsyncram_rq91" for hierarchy "sine_14bit_256:u_rom_psk|altsyncram:altsyncram_component|altsyncram_rq91:auto_generated" File: d:/fpga/quartus/libraries/megafunctions/altsyncram.tdf Line: 791
Info (12128): Elaborating entity "dds_freq_ctrlword" for hierarchy "dds_freq_ctrlword:u_freq_ctrlword" File: C:/Users/HUAWEI/Desktop/DDS-main/DDS-main/DDS_FPGA/DDS_simple.v Line: 325
Info (12128): Elaborating entity "MCU_uart" for hierarchy "MCU_uart:u_mcu_uart" File: C:/Users/HUAWEI/Desktop/DDS-main/DDS-main/DDS_FPGA/DDS_simple.v Line: 332
Info (12128): Elaborating entity "seg_display" for hierarchy "seg_display:u_seg_display" File: C:/Users/HUAWEI/Desktop/DDS-main/DDS-main/DDS_FPGA/DDS_simple.v Line: 340
Warning (10230): Verilog HDL assignment warning at seg_display.v(27): truncated value with size 32 to match size of target (4) File: C:/Users/HUAWEI/Desktop/DDS-main/DDS-main/DDS_FPGA/seg_display.v Line: 27
Warning (10230): Verilog HDL assignment warning at seg_display.v(28): truncated value with size 32 to match size of target (4) File: C:/Users/HUAWEI/Desktop/DDS-main/DDS-main/DDS_FPGA/seg_display.v Line: 28
Info (12128): Elaborating entity "sintopwm" for hierarchy "sintopwm:u_pwm_inst" File: C:/Users/HUAWEI/Desktop/DDS-main/DDS-main/DDS_FPGA/DDS_simple.v Line: 353
Info (12128): Elaborating entity "sine_12bit_256" for hierarchy "sine_12bit_256:u_rom_carrier_12" File: C:/Users/HUAWEI/Desktop/DDS-main/DDS-main/DDS_FPGA/DDS_simple.v Line: 365
Info (12128): Elaborating entity "altsyncram" for hierarchy "sine_12bit_256:u_rom_carrier_12|altsyncram:altsyncram_component" File: C:/Users/HUAWEI/Desktop/DDS-main/DDS-main/DDS_FPGA/sine_12bit_256.v Line: 81
Info (12130): Elaborated megafunction instantiation "sine_12bit_256:u_rom_carrier_12|altsyncram:altsyncram_component" File: C:/Users/HUAWEI/Desktop/DDS-main/DDS-main/DDS_FPGA/sine_12bit_256.v Line: 81
Info (12133): Instantiated megafunction "sine_12bit_256:u_rom_carrier_12|altsyncram:altsyncram_component" with the following parameter: File: C:/Users/HUAWEI/Desktop/DDS-main/DDS-main/DDS_FPGA/sine_12bit_256.v Line: 81
    Info (12134): Parameter "address_aclr_a" = "NONE"
    Info (12134): Parameter "clock_enable_input_a" = "BYPASS"
    Info (12134): Parameter "clock_enable_output_a" = "BYPASS"
    Info (12134): Parameter "init_file" = "sine_12bit_256.mif"
    Info (12134): Parameter "intended_device_family" = "Cyclone IV E"
    Info (12134): Parameter "lpm_hint" = "ENABLE_RUNTIME_MOD=NO"
    Info (12134): Parameter "lpm_type" = "altsyncram"
    Info (12134): Parameter "numwords_a" = "256"
    Info (12134): Parameter "operation_mode" = "ROM"
    Info (12134): Parameter "outdata_aclr_a" = "NONE"
    Info (12134): Parameter "outdata_reg_a" = "CLOCK0"
    Info (12134): Parameter "widthad_a" = "8"
    Info (12134): Parameter "width_a" = "12"
    Info (12134): Parameter "width_byteena_a" = "1"
Info (12021): Found 1 design units, including 1 entities, in source file db/altsyncram_nq91.tdf
    Info (12023): Found entity 1: altsyncram_nq91 File: C:/Users/HUAWEI/Desktop/DDS-main/DDS-main/DDS_FPGA/db/altsyncram_nq91.tdf Line: 27
Info (12128): Elaborating entity "altsyncram_nq91" for hierarchy "sine_12bit_256:u_rom_carrier_12|altsyncram:altsyncram_component|altsyncram_nq91:auto_generated" File: d:/fpga/quartus/libraries/megafunctions/altsyncram.tdf Line: 791
Info (12128): Elaborating entity "dac904_pll" for hierarchy "dac904_pll:u_pll" File: C:/Users/HUAWEI/Desktop/DDS-main/DDS-main/DDS_FPGA/DDS_simple.v Line: 639
Info (12128): Elaborating entity "altpll" for hierarchy "dac904_pll:u_pll|altpll:altpll_component" File: C:/Users/HUAWEI/Desktop/DDS-main/DDS-main/DDS_FPGA/dac904_pll.v Line: 103
Info (12130): Elaborated megafunction instantiation "dac904_pll:u_pll|altpll:altpll_component" File: C:/Users/HUAWEI/Desktop/DDS-main/DDS-main/DDS_FPGA/dac904_pll.v Line: 103
Info (12133): Instantiated megafunction "dac904_pll:u_pll|altpll:altpll_component" with the following parameter: File: C:/Users/HUAWEI/Desktop/DDS-main/DDS-main/DDS_FPGA/dac904_pll.v Line: 103
    Info (12134): Parameter "bandwidth_type" = "AUTO"
    Info (12134): Parameter "clk0_divide_by" = "1"
    Info (12134): Parameter "clk0_duty_cycle" = "50"
    Info (12134): Parameter "clk0_multiply_by" = "4"
    Info (12134): Parameter "clk0_phase_shift" = "0"
    Info (12134): Parameter "compensate_clock" = "CLK0"
    Info (12134): Parameter "inclk0_input_frequency" = "20000"
    Info (12134): Parameter "intended_device_family" = "Cyclone IV E"
    Info (12134): Parameter "lpm_hint" = "CBX_MODULE_PREFIX=dac904_pll"
    Info (12134): Parameter "lpm_type" = "altpll"
    Info (12134): Parameter "operation_mode" = "NORMAL"
    Info (12134): Parameter "pll_type" = "AUTO"
    Info (12134): Parameter "port_activeclock" = "PORT_UNUSED"
    Info (12134): Parameter "port_areset" = "PORT_USED"
    Info (12134): Parameter "port_clkbad0" = "PORT_UNUSED"
    Info (12134): Parameter "port_clkbad1" = "PORT_UNUSED"
    Info (12134): Parameter "port_clkloss" = "PORT_UNUSED"
    Info (12134): Parameter "port_clkswitch" = "PORT_UNUSED"
    Info (12134): Parameter "port_configupdate" = "PORT_UNUSED"
    Info (12134): Parameter "port_fbin" = "PORT_UNUSED"
    Info (12134): Parameter "port_inclk0" = "PORT_USED"
    Info (12134): Parameter "port_inclk1" = "PORT_UNUSED"
    Info (12134): Parameter "port_locked" = "PORT_USED"
    Info (12134): Parameter "port_pfdena" = "PORT_UNUSED"
    Info (12134): Parameter "port_phasecounterselect" = "PORT_UNUSED"
    Info (12134): Parameter "port_phasedone" = "PORT_UNUSED"
    Info (12134): Parameter "port_phasestep" = "PORT_UNUSED"
    Info (12134): Parameter "port_phaseupdown" = "PORT_UNUSED"
    Info (12134): Parameter "port_pllena" = "PORT_UNUSED"
    Info (12134): Parameter "port_scanaclr" = "PORT_UNUSED"
    Info (12134): Parameter "port_scanclk" = "PORT_UNUSED"
    Info (12134): Parameter "port_scanclkena" = "PORT_UNUSED"
    Info (12134): Parameter "port_scandata" = "PORT_UNUSED"
    Info (12134): Parameter "port_scandataout" = "PORT_UNUSED"
    Info (12134): Parameter "port_scandone" = "PORT_UNUSED"
    Info (12134): Parameter "port_scanread" = "PORT_UNUSED"
    Info (12134): Parameter "port_scanwrite" = "PORT_UNUSED"
    Info (12134): Parameter "port_clk0" = "PORT_USED"
    Info (12134): Parameter "port_clk1" = "PORT_UNUSED"
    Info (12134): Parameter "port_clk2" = "PORT_UNUSED"
    Info (12134): Parameter "port_clk3" = "PORT_UNUSED"
    Info (12134): Parameter "port_clk4" = "PORT_UNUSED"
    Info (12134): Parameter "port_clk5" = "PORT_UNUSED"
    Info (12134): Parameter "port_clkena0" = "PORT_UNUSED"
    Info (12134): Parameter "port_clkena1" = "PORT_UNUSED"
    Info (12134): Parameter "port_clkena2" = "PORT_UNUSED"
    Info (12134): Parameter "port_clkena3" = "PORT_UNUSED"
    Info (12134): Parameter "port_clkena4" = "PORT_UNUSED"
    Info (12134): Parameter "port_clkena5" = "PORT_UNUSED"
    Info (12134): Parameter "port_extclk0" = "PORT_UNUSED"
    Info (12134): Parameter "port_extclk1" = "PORT_UNUSED"
    Info (12134): Parameter "port_extclk2" = "PORT_UNUSED"
    Info (12134): Parameter "port_extclk3" = "PORT_UNUSED"
    Info (12134): Parameter "self_reset_on_loss_lock" = "OFF"
    Info (12134): Parameter "width_clock" = "5"
Info (12021): Found 1 design units, including 1 entities, in source file db/dac904_pll_altpll.v
    Info (12023): Found entity 1: dac904_pll_altpll File: C:/Users/HUAWEI/Desktop/DDS-main/DDS-main/DDS_FPGA/db/dac904_pll_altpll.v Line: 30
Info (12128): Elaborating entity "dac904_pll_altpll" for hierarchy "dac904_pll:u_pll|altpll:altpll_component|dac904_pll_altpll:auto_generated" File: d:/fpga/quartus/libraries/megafunctions/altpll.tdf Line: 897
Info (278001): Inferred 16 megafunctions from design logic
    Info (278003): Inferred multiplier megafunction ("lpm_mult") from the following logic: "Mult0" File: C:/Users/HUAWEI/Desktop/DDS-main/DDS-main/DDS_FPGA/DDS_simple.v Line: 266
    Info (278004): Inferred divider/modulo megafunction ("lpm_divide") from the following logic: "Div1" File: C:/Users/HUAWEI/Desktop/DDS-main/DDS-main/DDS_FPGA/DDS_simple.v Line: 334
    Info (278004): Inferred divider/modulo megafunction ("lpm_divide") from the following logic: "seg_display:u_seg_display|Mod0" File: C:/Users/HUAWEI/Desktop/DDS-main/DDS-main/DDS_FPGA/seg_display.v Line: 27
    Info (278004): Inferred divider/modulo megafunction ("lpm_divide") from the following logic: "seg_display:u_seg_display|Div0" File: C:/Users/HUAWEI/Desktop/DDS-main/DDS-main/DDS_FPGA/seg_display.v Line: 27
    Info (278004): Inferred divider/modulo megafunction ("lpm_divide") from the following logic: "seg_display:u_seg_display|Mod1" File: C:/Users/HUAWEI/Desktop/DDS-main/DDS-main/DDS_FPGA/seg_display.v Line: 28
    Info (278003): Inferred multiplier megafunction ("lpm_mult") from the following logic: "Mult4" File: C:/Users/HUAWEI/Desktop/DDS-main/DDS-main/DDS_FPGA/DDS_simple.v Line: 514
    Info (278003): Inferred multiplier megafunction ("lpm_mult") from the following logic: "Mult5" File: C:/Users/HUAWEI/Desktop/DDS-main/DDS-main/DDS_FPGA/DDS_simple.v Line: 515
    Info (278003): Inferred multiplier megafunction ("lpm_mult") from the following logic: "Mult6" File: C:/Users/HUAWEI/Desktop/DDS-main/DDS-main/DDS_FPGA/DDS_simple.v Line: 526
    Info (278003): Inferred multiplier megafunction ("lpm_mult") from the following logic: "Mult3" File: C:/Users/HUAWEI/Desktop/DDS-main/DDS-main/DDS_FPGA/DDS_simple.v Line: 445
    Info (278003): Inferred multiplier megafunction ("lpm_mult") from the following logic: "Mult1" File: C:/Users/HUAWEI/Desktop/DDS-main/DDS-main/DDS_FPGA/DDS_simple.v Line: 410
    Info (278004): Inferred divider/modulo megafunction ("lpm_divide") from the following logic: "seg_display:u_seg_display|Div1" File: C:/Users/HUAWEI/Desktop/DDS-main/DDS-main/DDS_FPGA/seg_display.v Line: 44
    Info (278003): Inferred multiplier megafunction ("lpm_mult") from the following logic: "dds_freq_ctrlword:u_freq_ctrlword|Mult0" File: C:/Users/HUAWEI/Desktop/DDS-main/DDS-main/DDS_FPGA/dds_freq_ctrlword.v Line: 40
    Info (278003): Inferred multiplier megafunction ("lpm_mult") from the following logic: "Mult2" File: C:/Users/HUAWEI/Desktop/DDS-main/DDS-main/DDS_FPGA/DDS_simple.v Line: 443
    Info (278004): Inferred divider/modulo megafunction ("lpm_divide") from the following logic: "Div0" File: C:/Users/HUAWEI/Desktop/DDS-main/DDS-main/DDS_FPGA/DDS_simple.v Line: 281
    Info (278002): Inferred adder/subtractor megafunction ("lpm_add_sub") from the following logic: "Add15" File: C:/Users/HUAWEI/Desktop/DDS-main/DDS-main/DDS_FPGA/DDS_simple.v Line: 473
    Info (278003): Inferred multiplier megafunction ("lpm_mult") from the following logic: "Mult7" File: C:/Users/HUAWEI/Desktop/DDS-main/DDS-main/DDS_FPGA/DDS_simple.v Line: 572
Info (12130): Elaborated megafunction instantiation "lpm_mult:Mult0" File: C:/Users/HUAWEI/Desktop/DDS-main/DDS-main/DDS_FPGA/DDS_simple.v Line: 266
Info (12133): Instantiated megafunction "lpm_mult:Mult0" with the following parameter: File: C:/Users/HUAWEI/Desktop/DDS-main/DDS-main/DDS_FPGA/DDS_simple.v Line: 266
    Info (12134): Parameter "LPM_WIDTHA" = "14"
    Info (12134): Parameter "LPM_WIDTHB" = "8"
    Info (12134): Parameter "LPM_WIDTHP" = "22"
    Info (12134): Parameter "LPM_WIDTHR" = "22"
    Info (12134): Parameter "LPM_WIDTHS" = "1"
    Info (12134): Parameter "LPM_REPRESENTATION" = "SIGNED"
    Info (12134): Parameter "INPUT_A_IS_CONSTANT" = "NO"
    Info (12134): Parameter "INPUT_B_IS_CONSTANT" = "YES"
    Info (12134): Parameter "MAXIMIZE_SPEED" = "6"
Info (12131): Elaborated megafunction instantiation "lpm_mult:Mult0|multcore:mult_core", which is child of megafunction instantiation "lpm_mult:Mult0" File: d:/fpga/quartus/libraries/megafunctions/lpm_mult.tdf Line: 308
Info (12131): Elaborated megafunction instantiation "lpm_mult:Mult0|multcore:mult_core|mpar_add:padder", which is child of megafunction instantiation "lpm_mult:Mult0" File: d:/fpga/quartus/libraries/megafunctions/multcore.tdf Line: 228
Info (12131): Elaborated megafunction instantiation "lpm_mult:Mult0|multcore:mult_core|mpar_add:padder|lpm_add_sub:adder[1]", which is child of megafunction instantiation "lpm_mult:Mult0" File: d:/fpga/quartus/libraries/megafunctions/mpar_add.tdf Line: 115
Info (12021): Found 1 design units, including 1 entities, in source file db/add_sub_ckh.tdf
    Info (12023): Found entity 1: add_sub_ckh File: C:/Users/HUAWEI/Desktop/DDS-main/DDS-main/DDS_FPGA/db/add_sub_ckh.tdf Line: 22
Info (12131): Elaborated megafunction instantiation "lpm_mult:Mult0|multcore:mult_core|mpar_add:padder|lpm_add_sub:adder[0]", which is child of megafunction instantiation "lpm_mult:Mult0" File: d:/fpga/quartus/libraries/megafunctions/mpar_add.tdf Line: 115
Info (12021): Found 1 design units, including 1 entities, in source file db/add_sub_i9h.tdf
    Info (12023): Found entity 1: add_sub_i9h File: C:/Users/HUAWEI/Desktop/DDS-main/DDS-main/DDS_FPGA/db/add_sub_i9h.tdf Line: 22
Info (12131): Elaborated megafunction instantiation "lpm_mult:Mult0|multcore:mult_core|mpar_add:padder|mpar_add:sub_par_add", which is child of megafunction instantiation "lpm_mult:Mult0" File: d:/fpga/quartus/libraries/megafunctions/mpar_add.tdf Line: 138
Info (12131): Elaborated megafunction instantiation "lpm_mult:Mult0|multcore:mult_core|mpar_add:padder|mpar_add:sub_par_add|lpm_add_sub:adder[0]", which is child of megafunction instantiation "lpm_mult:Mult0" File: d:/fpga/quartus/libraries/megafunctions/mpar_add.tdf Line: 115
Info (12021): Found 1 design units, including 1 entities, in source file db/add_sub_gkh.tdf
    Info (12023): Found entity 1: add_sub_gkh File: C:/Users/HUAWEI/Desktop/DDS-main/DDS-main/DDS_FPGA/db/add_sub_gkh.tdf Line: 22
Info (12131): Elaborated megafunction instantiation "lpm_mult:Mult0|altshift:external_latency_ffs", which is child of megafunction instantiation "lpm_mult:Mult0" File: d:/fpga/quartus/libraries/megafunctions/lpm_mult.tdf Line: 351
Info (12130): Elaborated megafunction instantiation "lpm_divide:Div1" File: C:/Users/HUAWEI/Desktop/DDS-main/DDS-main/DDS_FPGA/DDS_simple.v Line: 334
Info (12133): Instantiated megafunction "lpm_divide:Div1" with the following parameter: File: C:/Users/HUAWEI/Desktop/DDS-main/DDS-main/DDS_FPGA/DDS_simple.v Line: 334
    Info (12134): Parameter "LPM_WIDTHN" = "32"
    Info (12134): Parameter "LPM_WIDTHD" = "10"
    Info (12134): Parameter "LPM_NREPRESENTATION" = "UNSIGNED"
    Info (12134): Parameter "LPM_DREPRESENTATION" = "UNSIGNED"
Info (12021): Found 1 design units, including 1 entities, in source file db/lpm_divide_dkm.tdf
    Info (12023): Found entity 1: lpm_divide_dkm File: C:/Users/HUAWEI/Desktop/DDS-main/DDS-main/DDS_FPGA/db/lpm_divide_dkm.tdf Line: 24
Info (12021): Found 1 design units, including 1 entities, in source file db/sign_div_unsign_5nh.tdf
    Info (12023): Found entity 1: sign_div_unsign_5nh File: C:/Users/HUAWEI/Desktop/DDS-main/DDS-main/DDS_FPGA/db/sign_div_unsign_5nh.tdf Line: 24
Info (12021): Found 1 design units, including 1 entities, in source file db/alt_u_div_u9f.tdf
    Info (12023): Found entity 1: alt_u_div_u9f File: C:/Users/HUAWEI/Desktop/DDS-main/DDS-main/DDS_FPGA/db/alt_u_div_u9f.tdf Line: 26
Info (12021): Found 1 design units, including 1 entities, in source file db/add_sub_7pc.tdf
    Info (12023): Found entity 1: add_sub_7pc File: C:/Users/HUAWEI/Desktop/DDS-main/DDS-main/DDS_FPGA/db/add_sub_7pc.tdf Line: 22
Info (12021): Found 1 design units, including 1 entities, in source file db/add_sub_8pc.tdf
    Info (12023): Found entity 1: add_sub_8pc File: C:/Users/HUAWEI/Desktop/DDS-main/DDS-main/DDS_FPGA/db/add_sub_8pc.tdf Line: 22
Info (12130): Elaborated megafunction instantiation "seg_display:u_seg_display|lpm_divide:Mod0" File: C:/Users/HUAWEI/Desktop/DDS-main/DDS-main/DDS_FPGA/seg_display.v Line: 27
Info (12133): Instantiated megafunction "seg_display:u_seg_display|lpm_divide:Mod0" with the following parameter: File: C:/Users/HUAWEI/Desktop/DDS-main/DDS-main/DDS_FPGA/seg_display.v Line: 27
    Info (12134): Parameter "LPM_WIDTHN" = "32"
    Info (12134): Parameter "LPM_WIDTHD" = "7"
    Info (12134): Parameter "LPM_NREPRESENTATION" = "UNSIGNED"
    Info (12134): Parameter "LPM_DREPRESENTATION" = "UNSIGNED"
Info (12021): Found 1 design units, including 1 entities, in source file db/lpm_divide_6bm.tdf
    Info (12023): Found entity 1: lpm_divide_6bm File: C:/Users/HUAWEI/Desktop/DDS-main/DDS-main/DDS_FPGA/db/lpm_divide_6bm.tdf Line: 24
Info (12021): Found 1 design units, including 1 entities, in source file db/sign_div_unsign_rlh.tdf
    Info (12023): Found entity 1: sign_div_unsign_rlh File: C:/Users/HUAWEI/Desktop/DDS-main/DDS-main/DDS_FPGA/db/sign_div_unsign_rlh.tdf Line: 24
Info (12021): Found 1 design units, including 1 entities, in source file db/alt_u_div_a7f.tdf
    Info (12023): Found entity 1: alt_u_div_a7f File: C:/Users/HUAWEI/Desktop/DDS-main/DDS-main/DDS_FPGA/db/alt_u_div_a7f.tdf Line: 26
Info (12130): Elaborated megafunction instantiation "seg_display:u_seg_display|lpm_divide:Div0" File: C:/Users/HUAWEI/Desktop/DDS-main/DDS-main/DDS_FPGA/seg_display.v Line: 27
Info (12133): Instantiated megafunction "seg_display:u_seg_display|lpm_divide:Div0" with the following parameter: File: C:/Users/HUAWEI/Desktop/DDS-main/DDS-main/DDS_FPGA/seg_display.v Line: 27
    Info (12134): Parameter "LPM_WIDTHN" = "7"
    Info (12134): Parameter "LPM_WIDTHD" = "4"
    Info (12134): Parameter "LPM_NREPRESENTATION" = "UNSIGNED"
    Info (12134): Parameter "LPM_DREPRESENTATION" = "UNSIGNED"
Info (12021): Found 1 design units, including 1 entities, in source file db/lpm_divide_ihm.tdf
    Info (12023): Found entity 1: lpm_divide_ihm File: C:/Users/HUAWEI/Desktop/DDS-main/DDS-main/DDS_FPGA/db/lpm_divide_ihm.tdf Line: 24
Info (12021): Found 1 design units, including 1 entities, in source file db/sign_div_unsign_akh.tdf
    Info (12023): Found entity 1: sign_div_unsign_akh File: C:/Users/HUAWEI/Desktop/DDS-main/DDS-main/DDS_FPGA/db/sign_div_unsign_akh.tdf Line: 24
Info (12021): Found 1 design units, including 1 entities, in source file db/alt_u_div_84f.tdf
    Info (12023): Found entity 1: alt_u_div_84f File: C:/Users/HUAWEI/Desktop/DDS-main/DDS-main/DDS_FPGA/db/alt_u_div_84f.tdf Line: 26
Info (12130): Elaborated megafunction instantiation "seg_display:u_seg_display|lpm_divide:Mod1" File: C:/Users/HUAWEI/Desktop/DDS-main/DDS-main/DDS_FPGA/seg_display.v Line: 28
Info (12133): Instantiated megafunction "seg_display:u_seg_display|lpm_divide:Mod1" with the following parameter: File: C:/Users/HUAWEI/Desktop/DDS-main/DDS-main/DDS_FPGA/seg_display.v Line: 28
    Info (12134): Parameter "LPM_WIDTHN" = "32"
    Info (12134): Parameter "LPM_WIDTHD" = "4"
    Info (12134): Parameter "LPM_NREPRESENTATION" = "UNSIGNED"
    Info (12134): Parameter "LPM_DREPRESENTATION" = "UNSIGNED"
Info (12021): Found 1 design units, including 1 entities, in source file db/lpm_divide_3bm.tdf
    Info (12023): Found entity 1: lpm_divide_3bm File: C:/Users/HUAWEI/Desktop/DDS-main/DDS-main/DDS_FPGA/db/lpm_divide_3bm.tdf Line: 24
Info (12021): Found 1 design units, including 1 entities, in source file db/sign_div_unsign_olh.tdf
    Info (12023): Found entity 1: sign_div_unsign_olh File: C:/Users/HUAWEI/Desktop/DDS-main/DDS-main/DDS_FPGA/db/sign_div_unsign_olh.tdf Line: 24
Info (12021): Found 1 design units, including 1 entities, in source file db/alt_u_div_47f.tdf
    Info (12023): Found entity 1: alt_u_div_47f File: C:/Users/HUAWEI/Desktop/DDS-main/DDS-main/DDS_FPGA/db/alt_u_div_47f.tdf Line: 26
Info (12130): Elaborated megafunction instantiation "lpm_mult:Mult4" File: C:/Users/HUAWEI/Desktop/DDS-main/DDS-main/DDS_FPGA/DDS_simple.v Line: 514
Info (12133): Instantiated megafunction "lpm_mult:Mult4" with the following parameter: File: C:/Users/HUAWEI/Desktop/DDS-main/DDS-main/DDS_FPGA/DDS_simple.v Line: 514
    Info (12134): Parameter "LPM_WIDTHA" = "14"
    Info (12134): Parameter "LPM_WIDTHB" = "9"
    Info (12134): Parameter "LPM_WIDTHP" = "23"
    Info (12134): Parameter "LPM_WIDTHR" = "23"
    Info (12134): Parameter "LPM_WIDTHS" = "1"
    Info (12134): Parameter "LPM_REPRESENTATION" = "SIGNED"
    Info (12134): Parameter "INPUT_A_IS_CONSTANT" = "NO"
    Info (12134): Parameter "INPUT_B_IS_CONSTANT" = "NO"
    Info (12134): Parameter "MAXIMIZE_SPEED" = "6"
Info (12021): Found 1 design units, including 1 entities, in source file db/mult_k4t.tdf
    Info (12023): Found entity 1: mult_k4t File: C:/Users/HUAWEI/Desktop/DDS-main/DDS-main/DDS_FPGA/db/mult_k4t.tdf Line: 28
Info (12130): Elaborated megafunction instantiation "lpm_mult:Mult5" File: C:/Users/HUAWEI/Desktop/DDS-main/DDS-main/DDS_FPGA/DDS_simple.v Line: 515
Info (12133): Instantiated megafunction "lpm_mult:Mult5" with the following parameter: File: C:/Users/HUAWEI/Desktop/DDS-main/DDS-main/DDS_FPGA/DDS_simple.v Line: 515
    Info (12134): Parameter "LPM_WIDTHA" = "23"
    Info (12134): Parameter "LPM_WIDTHB" = "12"
    Info (12134): Parameter "LPM_WIDTHP" = "35"
    Info (12134): Parameter "LPM_WIDTHR" = "35"
    Info (12134): Parameter "LPM_WIDTHS" = "1"
    Info (12134): Parameter "LPM_REPRESENTATION" = "SIGNED"
    Info (12134): Parameter "INPUT_A_IS_CONSTANT" = "NO"
    Info (12134): Parameter "INPUT_B_IS_CONSTANT" = "YES"
    Info (12134): Parameter "MAXIMIZE_SPEED" = "5"
Info (12021): Found 1 design units, including 1 entities, in source file db/mult_k9t.tdf
    Info (12023): Found entity 1: mult_k9t File: C:/Users/HUAWEI/Desktop/DDS-main/DDS-main/DDS_FPGA/db/mult_k9t.tdf Line: 30
Info (12130): Elaborated megafunction instantiation "lpm_mult:Mult6" File: C:/Users/HUAWEI/Desktop/DDS-main/DDS-main/DDS_FPGA/DDS_simple.v Line: 526
Info (12133): Instantiated megafunction "lpm_mult:Mult6" with the following parameter: File: C:/Users/HUAWEI/Desktop/DDS-main/DDS-main/DDS_FPGA/DDS_simple.v Line: 526
    Info (12134): Parameter "LPM_WIDTHA" = "14"
    Info (12134): Parameter "LPM_WIDTHB" = "15"
    Info (12134): Parameter "LPM_WIDTHP" = "29"
    Info (12134): Parameter "LPM_WIDTHR" = "29"
    Info (12134): Parameter "LPM_WIDTHS" = "1"
    Info (12134): Parameter "LPM_REPRESENTATION" = "SIGNED"
    Info (12134): Parameter "INPUT_A_IS_CONSTANT" = "NO"
    Info (12134): Parameter "INPUT_B_IS_CONSTANT" = "NO"
    Info (12134): Parameter "MAXIMIZE_SPEED" = "5"
Info (12021): Found 1 design units, including 1 entities, in source file db/mult_76t.tdf
    Info (12023): Found entity 1: mult_76t File: C:/Users/HUAWEI/Desktop/DDS-main/DDS-main/DDS_FPGA/db/mult_76t.tdf Line: 28
Info (12130): Elaborated megafunction instantiation "lpm_mult:Mult3" File: C:/Users/HUAWEI/Desktop/DDS-main/DDS-main/DDS_FPGA/DDS_simple.v Line: 445
Info (12133): Instantiated megafunction "lpm_mult:Mult3" with the following parameter: File: C:/Users/HUAWEI/Desktop/DDS-main/DDS-main/DDS_FPGA/DDS_simple.v Line: 445
    Info (12134): Parameter "LPM_WIDTHA" = "32"
    Info (12134): Parameter "LPM_WIDTHB" = "8"
    Info (12134): Parameter "LPM_WIDTHP" = "40"
    Info (12134): Parameter "LPM_WIDTHR" = "40"
    Info (12134): Parameter "LPM_WIDTHS" = "1"
    Info (12134): Parameter "LPM_REPRESENTATION" = "SIGNED"
    Info (12134): Parameter "INPUT_A_IS_CONSTANT" = "NO"
    Info (12134): Parameter "INPUT_B_IS_CONSTANT" = "YES"
    Info (12134): Parameter "MAXIMIZE_SPEED" = "5"
Info (12021): Found 1 design units, including 1 entities, in source file db/mult_58t.tdf
    Info (12023): Found entity 1: mult_58t File: C:/Users/HUAWEI/Desktop/DDS-main/DDS-main/DDS_FPGA/db/mult_58t.tdf Line: 30
Info (12130): Elaborated megafunction instantiation "lpm_mult:Mult1" File: C:/Users/HUAWEI/Desktop/DDS-main/DDS-main/DDS_FPGA/DDS_simple.v Line: 410
Info (12133): Instantiated megafunction "lpm_mult:Mult1" with the following parameter: File: C:/Users/HUAWEI/Desktop/DDS-main/DDS-main/DDS_FPGA/DDS_simple.v Line: 410
    Info (12134): Parameter "LPM_WIDTHA" = "32"
    Info (12134): Parameter "LPM_WIDTHB" = "7"
    Info (12134): Parameter "LPM_WIDTHP" = "39"
    Info (12134): Parameter "LPM_WIDTHR" = "39"
    Info (12134): Parameter "LPM_WIDTHS" = "1"
    Info (12134): Parameter "LPM_REPRESENTATION" = "UNSIGNED"
    Info (12134): Parameter "INPUT_A_IS_CONSTANT" = "NO"
    Info (12134): Parameter "INPUT_B_IS_CONSTANT" = "YES"
    Info (12134): Parameter "MAXIMIZE_SPEED" = "5"
Info (12021): Found 1 design units, including 1 entities, in source file db/mult_fft.tdf
    Info (12023): Found entity 1: mult_fft File: C:/Users/HUAWEI/Desktop/DDS-main/DDS-main/DDS_FPGA/db/mult_fft.tdf Line: 30
Info (12130): Elaborated megafunction instantiation "seg_display:u_seg_display|lpm_divide:Div1" File: C:/Users/HUAWEI/Desktop/DDS-main/DDS-main/DDS_FPGA/seg_display.v Line: 44
Info (12133): Instantiated megafunction "seg_display:u_seg_display|lpm_divide:Div1" with the following parameter: File: C:/Users/HUAWEI/Desktop/DDS-main/DDS-main/DDS_FPGA/seg_display.v Line: 44
    Info (12134): Parameter "LPM_WIDTHN" = "32"
    Info (12134): Parameter "LPM_WIDTHD" = "4"
    Info (12134): Parameter "LPM_NREPRESENTATION" = "UNSIGNED"
    Info (12134): Parameter "LPM_DREPRESENTATION" = "UNSIGNED"
Info (12021): Found 1 design units, including 1 entities, in source file db/lpm_divide_0jm.tdf
    Info (12023): Found entity 1: lpm_divide_0jm File: C:/Users/HUAWEI/Desktop/DDS-main/DDS-main/DDS_FPGA/db/lpm_divide_0jm.tdf Line: 24
Info (12130): Elaborated megafunction instantiation "dds_freq_ctrlword:u_freq_ctrlword|lpm_mult:Mult0" File: C:/Users/HUAWEI/Desktop/DDS-main/DDS-main/DDS_FPGA/dds_freq_ctrlword.v Line: 40
Info (12133): Instantiated megafunction "dds_freq_ctrlword:u_freq_ctrlword|lpm_mult:Mult0" with the following parameter: File: C:/Users/HUAWEI/Desktop/DDS-main/DDS-main/DDS_FPGA/dds_freq_ctrlword.v Line: 40
    Info (12134): Parameter "LPM_WIDTHA" = "32"
    Info (12134): Parameter "LPM_WIDTHB" = "7"
    Info (12134): Parameter "LPM_WIDTHP" = "39"
    Info (12134): Parameter "LPM_WIDTHR" = "39"
    Info (12134): Parameter "LPM_WIDTHS" = "1"
    Info (12134): Parameter "LPM_REPRESENTATION" = "UNSIGNED"
    Info (12134): Parameter "INPUT_A_IS_CONSTANT" = "NO"
    Info (12134): Parameter "INPUT_B_IS_CONSTANT" = "YES"
    Info (12134): Parameter "MAXIMIZE_SPEED" = "5"
Info (12130): Elaborated megafunction instantiation "lpm_mult:Mult2" File: C:/Users/HUAWEI/Desktop/DDS-main/DDS-main/DDS_FPGA/DDS_simple.v Line: 443
Info (12133): Instantiated megafunction "lpm_mult:Mult2" with the following parameter: File: C:/Users/HUAWEI/Desktop/DDS-main/DDS-main/DDS_FPGA/DDS_simple.v Line: 443
    Info (12134): Parameter "LPM_WIDTHA" = "33"
    Info (12134): Parameter "LPM_WIDTHB" = "14"
    Info (12134): Parameter "LPM_WIDTHP" = "47"
    Info (12134): Parameter "LPM_WIDTHR" = "47"
    Info (12134): Parameter "LPM_WIDTHS" = "1"
    Info (12134): Parameter "LPM_REPRESENTATION" = "SIGNED"
    Info (12134): Parameter "INPUT_A_IS_CONSTANT" = "NO"
    Info (12134): Parameter "INPUT_B_IS_CONSTANT" = "NO"
    Info (12134): Parameter "MAXIMIZE_SPEED" = "5"
Info (12021): Found 1 design units, including 1 entities, in source file db/mult_66t.tdf
    Info (12023): Found entity 1: mult_66t File: C:/Users/HUAWEI/Desktop/DDS-main/DDS-main/DDS_FPGA/db/mult_66t.tdf Line: 30
Info (12130): Elaborated megafunction instantiation "lpm_divide:Div0" File: C:/Users/HUAWEI/Desktop/DDS-main/DDS-main/DDS_FPGA/DDS_simple.v Line: 281
Info (12133): Instantiated megafunction "lpm_divide:Div0" with the following parameter: File: C:/Users/HUAWEI/Desktop/DDS-main/DDS-main/DDS_FPGA/DDS_simple.v Line: 281
    Info (12134): Parameter "LPM_WIDTHN" = "32"
    Info (12134): Parameter "LPM_WIDTHD" = "4"
    Info (12134): Parameter "LPM_NREPRESENTATION" = "UNSIGNED"
    Info (12134): Parameter "LPM_DREPRESENTATION" = "UNSIGNED"
Info (12130): Elaborated megafunction instantiation "lpm_add_sub:Add15" File: C:/Users/HUAWEI/Desktop/DDS-main/DDS-main/DDS_FPGA/DDS_simple.v Line: 473
Info (12133): Instantiated megafunction "lpm_add_sub:Add15" with the following parameter: File: C:/Users/HUAWEI/Desktop/DDS-main/DDS-main/DDS_FPGA/DDS_simple.v Line: 473
    Info (12134): Parameter "LPM_WIDTH" = "32"
    Info (12134): Parameter "LPM_DIRECTION" = "DEFAULT"
    Info (12134): Parameter "LPM_REPRESENTATION" = "UNSIGNED"
    Info (12134): Parameter "ONE_INPUT_IS_CONSTANT" = "NO"
Info (12021): Found 1 design units, including 1 entities, in source file db/add_sub_pvi.tdf
    Info (12023): Found entity 1: add_sub_pvi File: C:/Users/HUAWEI/Desktop/DDS-main/DDS-main/DDS_FPGA/db/add_sub_pvi.tdf Line: 22
Info (12130): Elaborated megafunction instantiation "lpm_mult:Mult7" File: C:/Users/HUAWEI/Desktop/DDS-main/DDS-main/DDS_FPGA/DDS_simple.v Line: 572
Info (12133): Instantiated megafunction "lpm_mult:Mult7" with the following parameter: File: C:/Users/HUAWEI/Desktop/DDS-main/DDS-main/DDS_FPGA/DDS_simple.v Line: 572
    Info (12134): Parameter "LPM_WIDTHA" = "26"
    Info (12134): Parameter "LPM_WIDTHB" = "8"
    Info (12134): Parameter "LPM_WIDTHP" = "34"
    Info (12134): Parameter "LPM_WIDTHR" = "34"
    Info (12134): Parameter "LPM_WIDTHS" = "1"
    Info (12134): Parameter "LPM_REPRESENTATION" = "UNSIGNED"
    Info (12134): Parameter "INPUT_A_IS_CONSTANT" = "YES"
    Info (12134): Parameter "INPUT_B_IS_CONSTANT" = "NO"
    Info (12134): Parameter "MAXIMIZE_SPEED" = "5"
Info (12131): Elaborated megafunction instantiation "lpm_mult:Mult7|multcore:mult_core", which is child of megafunction instantiation "lpm_mult:Mult7" File: d:/fpga/quartus/libraries/megafunctions/lpm_mult.tdf Line: 308
Info (12131): Elaborated megafunction instantiation "lpm_mult:Mult7|multcore:mult_core|mpar_add:padder", which is child of megafunction instantiation "lpm_mult:Mult7" File: d:/fpga/quartus/libraries/megafunctions/multcore.tdf Line: 228
Info (12131): Elaborated megafunction instantiation "lpm_mult:Mult7|multcore:mult_core|mpar_add:padder|lpm_add_sub:adder[0]", which is child of megafunction instantiation "lpm_mult:Mult7" File: d:/fpga/quartus/libraries/megafunctions/mpar_add.tdf Line: 78
Info (12021): Found 1 design units, including 1 entities, in source file db/add_sub_lgh.tdf
    Info (12023): Found entity 1: add_sub_lgh File: C:/Users/HUAWEI/Desktop/DDS-main/DDS-main/DDS_FPGA/db/add_sub_lgh.tdf Line: 22
Info (12131): Elaborated megafunction instantiation "lpm_mult:Mult7|altshift:external_latency_ffs", which is child of megafunction instantiation "lpm_mult:Mult7" File: d:/fpga/quartus/libraries/megafunctions/lpm_mult.tdf Line: 351
Info (13014): Ignored 252 buffer(s)
    Info (13019): Ignored 252 SOFT buffer(s)
Info (13000): Registers with preset signals will power-up high File: C:/Users/HUAWEI/Desktop/DDS-main/DDS-main/DDS_FPGA/DDS_simple.v Line: 396
Info (13003): DEV_CLRn pin will set, and not reset, register with preset signal due to NOT Gate Push-Back
Warning (13024): Output pins are stuck at VCC or GND
    Warning (13410): Pin "led" is stuck at VCC File: C:/Users/HUAWEI/Desktop/DDS-main/DDS-main/DDS_FPGA/DDS_simple.v Line: 198
Info (286030): Timing-Driven Synthesis is running
Info (17049): 42 registers lost all their fanouts during netlist optimizations.
Info (17016): Found the following redundant logic cells in design
    Info (17048): Logic cell "seg_display:u_seg_display|lpm_divide:Mod0|lpm_divide_6bm:auto_generated|sign_div_unsign_rlh:divider|alt_u_div_a7f:divider|add_sub_15_result_int[1]~14" File: C:/Users/HUAWEI/Desktop/DDS-main/DDS-main/DDS_FPGA/db/alt_u_div_a7f.tdf Line: 61
    Info (17048): Logic cell "lpm_divide:Div1|lpm_divide_dkm:auto_generated|sign_div_unsign_5nh:divider|alt_u_div_u9f:divider|add_sub_19_result_int[0]~20" File: C:/Users/HUAWEI/Desktop/DDS-main/DDS-main/DDS_FPGA/db/alt_u_div_u9f.tdf Line: 81
    Info (17048): Logic cell "lpm_divide:Div1|lpm_divide_dkm:auto_generated|sign_div_unsign_5nh:divider|alt_u_div_u9f:divider|add_sub_22_result_int[0]~20" File: C:/Users/HUAWEI/Desktop/DDS-main/DDS-main/DDS_FPGA/db/alt_u_div_u9f.tdf Line: 101
    Info (17048): Logic cell "lpm_divide:Div1|lpm_divide_dkm:auto_generated|sign_div_unsign_5nh:divider|alt_u_div_u9f:divider|add_sub_23_result_int[0]~20" File: C:/Users/HUAWEI/Desktop/DDS-main/DDS-main/DDS_FPGA/db/alt_u_div_u9f.tdf Line: 106
    Info (17048): Logic cell "lpm_divide:Div1|lpm_divide_dkm:auto_generated|sign_div_unsign_5nh:divider|alt_u_div_u9f:divider|add_sub_24_result_int[0]~20" File: C:/Users/HUAWEI/Desktop/DDS-main/DDS-main/DDS_FPGA/db/alt_u_div_u9f.tdf Line: 111
    Info (17048): Logic cell "lpm_divide:Div1|lpm_divide_dkm:auto_generated|sign_div_unsign_5nh:divider|alt_u_div_u9f:divider|add_sub_28_result_int[0]~20" File: C:/Users/HUAWEI/Desktop/DDS-main/DDS-main/DDS_FPGA/db/alt_u_div_u9f.tdf Line: 131
    Info (17048): Logic cell "lpm_divide:Div0|lpm_divide_0jm:auto_generated|sign_div_unsign_olh:divider|alt_u_div_47f:divider|add_sub_25_result_int[0]~10" File: C:/Users/HUAWEI/Desktop/DDS-main/DDS-main/DDS_FPGA/db/alt_u_div_47f.tdf Line: 116
    Info (17048): Logic cell "lpm_divide:Div0|lpm_divide_0jm:auto_generated|sign_div_unsign_olh:divider|alt_u_div_47f:divider|add_sub_26_result_int[0]~10" File: C:/Users/HUAWEI/Desktop/DDS-main/DDS-main/DDS_FPGA/db/alt_u_div_47f.tdf Line: 121
    Info (17048): Logic cell "lpm_divide:Div0|lpm_divide_0jm:auto_generated|sign_div_unsign_olh:divider|alt_u_div_47f:divider|add_sub_29_result_int[0]~10" File: C:/Users/HUAWEI/Desktop/DDS-main/DDS-main/DDS_FPGA/db/alt_u_div_47f.tdf Line: 136
Info (16010): Generating hard_block partition "hard_block:auto_generated_inst"
    Info (16011): Adding 1 node(s), including 0 DDIO, 1 PLL, 0 transceiver and 0 LCELL
Info (21057): Implemented 3928 device resources after synthesis - the final resource count might be different
    Info (21058): Implemented 8 input pins
    Info (21059): Implemented 33 output pins
    Info (21061): Implemented 3766 logic cells
    Info (21064): Implemented 96 RAM segments
    Info (21065): Implemented 1 PLLs
    Info (21062): Implemented 24 DSP elements
Info: Quartus Prime Analysis & Synthesis was successful. 0 errors, 12 warnings
    Info: Peak virtual memory: 4927 megabytes
    Info: Processing ended: Sat May 30 12:51:01 2026
    Info: Elapsed time: 00:00:14
    Info: Total CPU time (on all processors): 00:00:23


